<?xml version="1.0" encoding="UTF-8"?>
<alto xmlns:xsi="http://www.w3.org/2001/XMLSchema-instance" xsi:noNamespaceSchemaLocation="http://www.bl.uk/schemas/alto/alto-1-4.xsd" xmlns:xlink="http://www.w3.org/1999/xlink">
	<Description>
		<MeasurementUnit>mm10</MeasurementUnit>
		<sourceImageInformation>
			<fileName>//head1/IN/2007-44/A0010858537.1/002458.jp2</fileName>
		</sourceImageInformation>
		<OCRProcessing ID="OCRPROCESSING_1">
			<preProcessingStep>
				<processingSoftware>
					<softwareCreator>CCS Content Conversion Specialists GmbH, Germany</softwareCreator>
					<softwareName>CCS docWORKS</softwareName>
					<softwareVersion>6.1-0.64</softwareVersion>
				</processingSoftware>
			</preProcessingStep>
			<ocrProcessingStep>
				<processingSoftware>
					<softwareCreator>ABBYY (BIT Software), Russia</softwareCreator>
					<softwareName>Finereader</softwareName>
				</processingSoftware>
			</ocrProcessingStep>
		</OCRProcessing>
	</Description>
	<Styles>
		<TextStyle ID="TXT_0" FONTSIZE="10" FONTFAMILY="Courier New"/>
		<TextStyle ID="TXT_1" FONTSIZE="9" FONTFAMILY="Courier New"/>
		<ParagraphStyle ID="PAR_LEFT" ALIGN="Left"/>
		<ParagraphStyle ID="PAR_CENTER" ALIGN="Center"/>
	</Styles>
	<Layout>
		<Page ID="P340" PHYSICAL_IMG_NR="340" HEIGHT="1644" WIDTH="1061" PRINTED_IMG_NR="326" POSITION="Left" ACCURACY="83.71">
			<TopMargin ID="P340_TM00001" HPOS="0" VPOS="0" WIDTH="1060" HEIGHT="115">
				<TextBlock ID="P340_TB00001" HPOS="93" VPOS="80" WIDTH="52" HEIGHT="33" STYLEREFS="TXT_0 PAR_LEFT">
					<TextLine ID="P340_TL00001" HPOS="93" VPOS="80" WIDTH="52" HEIGHT="33">
						<String ID="P340_ST00001" HPOS="93" VPOS="80" WIDTH="52" HEIGHT="33" CONTENT="326" WC="1.00" CC="000"/>
					</TextLine>
				</TextBlock>
				<TextBlock ID="P340_TB00002" HPOS="398" VPOS="82" WIDTH="275" HEIGHT="24" STYLEREFS="TXT_0 PAR_CENTER">
					<TextLine ID="P340_TL00002" HPOS="400" VPOS="84" WIDTH="273" HEIGHT="22">
						<String ID="P340_ST00002" HPOS="400" VPOS="86" WIDTH="143" HEIGHT="20" CONTENT="ESTHER" WC="0.81" CC="350100"/>
						<SP ID="P340_SP00001" HPOS="543" VPOS="106" WIDTH="26"/>
						<String ID="P340_ST00003" HPOS="569" VPOS="84" WIDTH="104" HEIGHT="22" CONTENT="WEST." WC="0.94" CC="00200"/>
					</TextLine>
				</TextBlock>
			</TopMargin>
			<LeftMargin ID="P340_LM00001" HPOS="0" VPOS="115" WIDTH="86" HEIGHT="1431"/>
			<RightMargin ID="P340_RM00001" HPOS="983" VPOS="115" WIDTH="77" HEIGHT="1431"/>
			<BottomMargin ID="P340_BM00001" HPOS="0" VPOS="1546" WIDTH="1060" HEIGHT="98"/>
			<PrintSpace ID="P340_PS00001" HPOS="86" VPOS="115" WIDTH="897" HEIGHT="1431">
				<TextBlock ID="P340_TB00003" HPOS="88" VPOS="146" WIDTH="892" HEIGHT="400" STYLEREFS="TXT_1 PAR_LEFT">
					<TextLine ID="P340_TL00003" HPOS="123" VPOS="147" WIDTH="857" HEIGHT="38">
						<String ID="P340_ST00004" HPOS="123" VPOS="152" WIDTH="42" HEIGHT="24" CONTENT="On" WC="0.61" CC="25"/>
						<SP ID="P340_SP00002" HPOS="165" VPOS="176" WIDTH="22"/>
						<String ID="P340_ST00005" HPOS="187" VPOS="152" WIDTH="44" HEIGHT="24" CONTENT="the" WC="0.94" CC="100"/>
						<SP ID="P340_SP00003" HPOS="231" VPOS="176" WIDTH="23"/>
						<String ID="P340_ST00006" HPOS="254" VPOS="159" WIDTH="59" HEIGHT="26" CONTENT="way" WC="0.24" CC="777"/>
						<SP ID="P340_SP00004" HPOS="313" VPOS="185" WIDTH="18"/>
						<String ID="P340_ST00007" HPOS="331" VPOS="155" WIDTH="27" HEIGHT="21" CONTENT="to" WC="1.00" CC="00"/>
						<SP ID="P340_SP00005" HPOS="358" VPOS="185" WIDTH="23"/>
						<String ID="P340_ST00008" HPOS="381" VPOS="151" WIDTH="155" HEIGHT="25" CONTENT="Gravesend" WC="0.78" CC="000700075"/>
						<SP ID="P340_SP00006" HPOS="536" VPOS="185" WIDTH="21"/>
						<String ID="P340_ST00009" HPOS="557" VPOS="149" WIDTH="66" HEIGHT="25" CONTENT="little" WC="0.87" CC="160000"/>
						<SP ID="P340_SP00007" HPOS="623" VPOS="185" WIDTH="23"/>
						<String ID="P340_ST00010" HPOS="646" VPOS="149" WIDTH="77" HEIGHT="32" CONTENT="Mary" WC="0.81" CC="0114"/>
						<SP ID="P340_SP00008" HPOS="723" VPOS="185" WIDTH="13"/>
						<String ID="P340_ST00011" HPOS="736" VPOS="151" WIDTH="41" HEIGHT="21" CONTENT="sat" WC="0.99" CC="000"/>
						<SP ID="P340_SP00009" HPOS="777" VPOS="185" WIDTH="23"/>
						<String ID="P340_ST00012" HPOS="800" VPOS="155" WIDTH="33" HEIGHT="16" CONTENT="on" WC="0.61" CC="07"/>
						<SP ID="P340_SP00010" HPOS="833" VPOS="185" WIDTH="23"/>
						<String ID="P340_ST00013" HPOS="856" VPOS="147" WIDTH="124" HEIGHT="32" CONTENT="Timothy" WC="0.71" CC="0020754"/>
					</TextLine>
					<TextLine ID="P340_TL00004" HPOS="89" VPOS="189" WIDTH="891" HEIGHT="36">
						<String ID="P340_ST00014" HPOS="89" VPOS="192" WIDTH="147" HEIGHT="33" CONTENT="Wiggett's" WC="0.65" CC="405654300"/>
						<SP ID="P340_SP00011" HPOS="236" VPOS="225" WIDTH="23"/>
						<String ID="P340_ST00015" HPOS="259" VPOS="193" WIDTH="75" HEIGHT="30" CONTENT="knee," WC="0.85" CC="43000"/>
						<SP ID="P340_SP00012" HPOS="334" VPOS="225" WIDTH="15"/>
						<String ID="P340_ST00016" HPOS="349" VPOS="193" WIDTH="52" HEIGHT="24" CONTENT="and" WC="0.66" CC="450"/>
						<SP ID="P340_SP00013" HPOS="401" VPOS="225" WIDTH="20"/>
						<String ID="P340_ST00017" HPOS="421" VPOS="192" WIDTH="44" HEIGHT="24" CONTENT="fell" WC="0.90" CC="1020"/>
						<SP ID="P340_SP00014" HPOS="465" VPOS="225" WIDTH="22"/>
						<String ID="P340_ST00018" HPOS="487" VPOS="192" WIDTH="91" HEIGHT="31" CONTENT="asleep" WC="0.91" CC="030002"/>
						<SP ID="P340_SP00015" HPOS="578" VPOS="225" WIDTH="18"/>
						<String ID="P340_ST00019" HPOS="596" VPOS="191" WIDTH="84" HEIGHT="24" CONTENT="there." WC="0.99" CC="000000"/>
						<SP ID="P340_SP00016" HPOS="680" VPOS="225" WIDTH="37"/>
						<String ID="P340_ST00020" HPOS="717" VPOS="189" WIDTH="128" HEIGHT="32" CONTENT="Timothy" WC="0.81" CC="1500006"/>
						<SP ID="P340_SP00017" HPOS="845" VPOS="225" WIDTH="19"/>
						<String ID="P340_ST00021" HPOS="864" VPOS="189" WIDTH="52" HEIGHT="24" CONTENT="had" WC="0.86" CC="012"/>
						<SP ID="P340_SP00018" HPOS="916" VPOS="225" WIDTH="19"/>
						<String ID="P340_ST00022" HPOS="935" VPOS="192" WIDTH="45" HEIGHT="22" CONTENT="not" WC="0.90" CC="200"/>
					</TextLine>
					<TextLine ID="P340_TL00005" HPOS="89" VPOS="231" WIDTH="891" HEIGHT="36">
						<String ID="P340_ST00023" HPOS="89" VPOS="235" WIDTH="81" HEIGHT="24" CONTENT="much" WC="0.72" CC="6201"/>
						<SP ID="P340_SP00019" HPOS="170" VPOS="259" WIDTH="19"/>
						<String ID="P340_ST00024" HPOS="189" VPOS="238" WIDTH="27" HEIGHT="21" CONTENT="to" WC="0.93" CC="01"/>
						<SP ID="P340_SP00020" HPOS="216" VPOS="259" WIDTH="21"/>
						<String ID="P340_ST00025" HPOS="237" VPOS="243" WIDTH="56" HEIGHT="24" CONTENT="say." WC="0.79" CC="0080"/>
						<SP ID="P340_SP00021" HPOS="293" VPOS="267" WIDTH="38"/>
						<String ID="P340_ST00026" HPOS="331" VPOS="234" WIDTH="71" HEIGHT="25" CONTENT="That" WC="0.88" CC="0030"/>
						<SP ID="P340_SP00022" HPOS="402" VPOS="267" WIDTH="18"/>
						<String ID="P340_ST00027" HPOS="420" VPOS="234" WIDTH="75" HEIGHT="25" CONTENT="there" WC="0.98" CC="01000"/>
						<SP ID="P340_SP00023" HPOS="495" VPOS="267" WIDTH="13"/>
						<String ID="P340_ST00028" HPOS="508" VPOS="242" WIDTH="55" HEIGHT="16" CONTENT="was" WC="0.97" CC="000"/>
						<SP ID="P340_SP00024" HPOS="563" VPOS="267" WIDTH="20"/>
						<String ID="P340_ST00029" HPOS="583" VPOS="232" WIDTH="113" HEIGHT="32" CONTENT="nothing" WC="0.65" CC="7100735"/>
						<SP ID="P340_SP00025" HPOS="696" VPOS="267" WIDTH="13"/>
						<String ID="P340_ST00030" HPOS="709" VPOS="231" WIDTH="83" HEIGHT="25" CONTENT="worth" WC="0.76" CC="00325"/>
						<SP ID="P340_SP00026" HPOS="792" VPOS="267" WIDTH="21"/>
						<String ID="P340_ST00031" HPOS="813" VPOS="231" WIDTH="95" HEIGHT="33" CONTENT="saying" WC="0.70" CC="007504"/>
						<SP ID="P340_SP00027" HPOS="908" VPOS="267" WIDTH="13"/>
						<String ID="P340_ST00032" HPOS="921" VPOS="231" WIDTH="25" HEIGHT="24" CONTENT="in" WC="0.39" CC="65"/>
						<SP ID="P340_SP00028" HPOS="946" VPOS="267" WIDTH="20"/>
						<String ID="P340_ST00033" HPOS="966" VPOS="239" WIDTH="14" HEIGHT="16" CONTENT="a" WC="1.00" CC="0"/>
					</TextLine>
					<TextLine ID="P340_TL00006" HPOS="89" VPOS="273" WIDTH="890" HEIGHT="33">
						<String ID="P340_ST00034" HPOS="89" VPOS="276" WIDTH="80" HEIGHT="25" CONTENT="world" WC="1.00" CC="00000"/>
						<SP ID="P340_SP00029" HPOS="169" VPOS="301" WIDTH="17"/>
						<String ID="P340_ST00035" HPOS="186" VPOS="276" WIDTH="87" HEIGHT="25" CONTENT="where" WC="0.97" CC="10000"/>
						<SP ID="P340_SP00030" HPOS="273" VPOS="301" WIDTH="19"/>
						<String ID="P340_ST00036" HPOS="292" VPOS="275" WIDTH="65" HEIGHT="25" CONTENT="such" WC="0.93" CC="2000"/>
						<SP ID="P340_SP00031" HPOS="357" VPOS="301" WIDTH="18"/>
						<String ID="P340_ST00037" HPOS="375" VPOS="275" WIDTH="91" HEIGHT="31" CONTENT="things" WC="0.83" CC="004310"/>
						<SP ID="P340_SP00032" HPOS="466" VPOS="306" WIDTH="14"/>
						<String ID="P340_ST00038" HPOS="480" VPOS="283" WIDTH="29" HEIGHT="16" CONTENT="as" WC="0.86" CC="10"/>
						<SP ID="P340_SP00033" HPOS="509" VPOS="306" WIDTH="20"/>
						<String ID="P340_ST00039" HPOS="529" VPOS="274" WIDTH="53" HEIGHT="24" CONTENT="this" WC="0.84" CC="0050"/>
						<SP ID="P340_SP00034" HPOS="582" VPOS="306" WIDTH="14"/>
						<String ID="P340_ST00040" HPOS="596" VPOS="278" WIDTH="70" HEIGHT="20" CONTENT="went" WC="0.86" CC="0050"/>
						<SP ID="P340_SP00035" HPOS="666" VPOS="306" WIDTH="19"/>
						<String ID="P340_ST00041" HPOS="685" VPOS="281" WIDTH="33" HEIGHT="16" CONTENT="on" WC="0.72" CC="05"/>
						<SP ID="P340_SP00036" HPOS="718" VPOS="306" WIDTH="15"/>
						<String ID="P340_ST00042" HPOS="733" VPOS="281" WIDTH="54" HEIGHT="16" CONTENT="was" WC="0.87" CC="300"/>
						<SP ID="P340_SP00037" HPOS="787" VPOS="306" WIDTH="14"/>
						<String ID="P340_ST00043" HPOS="801" VPOS="276" WIDTH="86" HEIGHT="29" CONTENT="pretty" WC="0.92" CC="000004"/>
						<SP ID="P340_SP00038" HPOS="887" VPOS="306" WIDTH="13"/>
						<String ID="P340_ST00044" HPOS="900" VPOS="273" WIDTH="79" HEIGHT="24" CONTENT="much" WC="0.77" CC="6002"/>
					</TextLine>
					<TextLine ID="P340_TL00007" HPOS="89" VPOS="315" WIDTH="890" HEIGHT="32">
						<String ID="P340_ST00045" HPOS="89" VPOS="317" WIDTH="42" HEIGHT="24" CONTENT="his" WC="0.81" CC="310"/>
						<SP ID="P340_SP00039" HPOS="131" VPOS="341" WIDTH="18"/>
						<String ID="P340_ST00046" HPOS="149" VPOS="317" WIDTH="68" HEIGHT="24" CONTENT="view" WC="0.84" CC="0600"/>
						<SP ID="P340_SP00040" HPOS="217" VPOS="341" WIDTH="22"/>
						<String ID="P340_ST00047" HPOS="239" VPOS="317" WIDTH="29" HEIGHT="24" CONTENT="of" WC="1.00" CC="00"/>
						<SP ID="P340_SP00041" HPOS="268" VPOS="341" WIDTH="15"/>
						<String ID="P340_ST00048" HPOS="283" VPOS="321" WIDTH="111" HEIGHT="20" CONTENT="matters" WC="0.97" CC="1000000"/>
						<SP ID="P340_SP00042" HPOS="394" VPOS="341" WIDTH="23"/>
						<String ID="P340_ST00049" HPOS="417" VPOS="317" WIDTH="135" HEIGHT="24" CONTENT="mundane" WC="0.83" CC="0201330"/>
						<SP ID="P340_SP00043" HPOS="552" VPOS="341" WIDTH="24"/>
						<String ID="P340_ST00050" HPOS="576" VPOS="316" WIDTH="25" HEIGHT="24" CONTENT="in" WC="0.46" CC="54"/>
						<SP ID="P340_SP00044" HPOS="601" VPOS="341" WIDTH="22"/>
						<String ID="P340_ST00051" HPOS="623" VPOS="316" WIDTH="45" HEIGHT="24" CONTENT="the" WC="0.95" CC="010"/>
						<SP ID="P340_SP00045" HPOS="668" VPOS="341" WIDTH="20"/>
						<String ID="P340_ST00052" HPOS="688" VPOS="319" WIDTH="107" HEIGHT="28" CONTENT="present" WC="0.82" CC="0300017"/>
						<SP ID="P340_SP00046" HPOS="795" VPOS="347" WIDTH="19"/>
						<String ID="P340_ST00053" HPOS="814" VPOS="315" WIDTH="85" HEIGHT="25" CONTENT="crisis." WC="0.96" CC="0000200"/>
						<SP ID="P340_SP00047" HPOS="899" VPOS="347" WIDTH="39"/>
						<String ID="P340_ST00054" HPOS="938" VPOS="315" WIDTH="41" HEIGHT="25" CONTENT="He" WC="0.77" CC="40"/>
					</TextLine>
					<TextLine ID="P340_TL00008" HPOS="89" VPOS="357" WIDTH="890" HEIGHT="30">
						<String ID="P340_ST00055" HPOS="89" VPOS="358" WIDTH="93" HEIGHT="25" CONTENT="looked" WC="0.79" CC="620003"/>
						<SP ID="P340_SP00048" HPOS="182" VPOS="383" WIDTH="23"/>
						<String ID="P340_ST00056" HPOS="205" VPOS="359" WIDTH="77" HEIGHT="24" CONTENT="down" WC="0.89" CC="0004"/>
						<SP ID="P340_SP00049" HPOS="282" VPOS="383" WIDTH="21"/>
						<String ID="P340_ST00057" HPOS="303" VPOS="362" WIDTH="26" HEIGHT="21" CONTENT="at" WC="0.53" CC="53"/>
						<SP ID="P340_SP00050" HPOS="329" VPOS="383" WIDTH="20"/>
						<String ID="P340_ST00058" HPOS="349" VPOS="358" WIDTH="45" HEIGHT="25" CONTENT="the" WC="0.91" CC="020"/>
						<SP ID="P340_SP00051" HPOS="394" VPOS="383" WIDTH="20"/>
						<String ID="P340_ST00059" HPOS="414" VPOS="358" WIDTH="69" HEIGHT="24" CONTENT="child" WC="0.77" CC="00460"/>
						<SP ID="P340_SP00052" HPOS="483" VPOS="383" WIDTH="20"/>
						<String ID="P340_ST00060" HPOS="503" VPOS="358" WIDTH="66" HEIGHT="24" CONTENT="from" WC="1.00" CC="0000"/>
						<SP ID="P340_SP00053" HPOS="569" VPOS="383" WIDTH="21"/>
						<String ID="P340_ST00061" HPOS="590" VPOS="358" WIDTH="63" HEIGHT="23" CONTENT="time" WC="0.87" CC="0500"/>
						<SP ID="P340_SP00054" HPOS="653" VPOS="383" WIDTH="20"/>
						<String ID="P340_ST00062" HPOS="673" VPOS="363" WIDTH="27" HEIGHT="18" CONTENT="to" WC="0.86" CC="20"/>
						<SP ID="P340_SP00055" HPOS="700" VPOS="383" WIDTH="12"/>
						<String ID="P340_ST00063" HPOS="712" VPOS="358" WIDTH="73" HEIGHT="29" CONTENT="time," WC="0.99" CC="00000"/>
						<SP ID="P340_SP00056" HPOS="785" VPOS="387" WIDTH="15"/>
						<String ID="P340_ST00064" HPOS="800" VPOS="358" WIDTH="52" HEIGHT="23" CONTENT="and" WC="0.75" CC="240"/>
						<SP ID="P340_SP00057" HPOS="852" VPOS="387" WIDTH="14"/>
						<String ID="P340_ST00065" HPOS="866" VPOS="357" WIDTH="113" HEIGHT="24" CONTENT="touched" WC="0.92" CC="1010200"/>
					</TextLine>
					<TextLine ID="P340_TL00009" HPOS="88" VPOS="397" WIDTH="892" HEIGHT="34">
						<String ID="P340_ST00066" HPOS="88" VPOS="400" WIDTH="49" HEIGHT="24" CONTENT="her" WC="0.72" CC="403"/>
						<SP ID="P340_SP00058" HPOS="137" VPOS="424" WIDTH="19"/>
						<String ID="P340_ST00067" HPOS="156" VPOS="400" WIDTH="83" HEIGHT="24" CONTENT="cheek" WC="0.96" CC="01000"/>
						<SP ID="P340_SP00059" HPOS="239" VPOS="424" WIDTH="18"/>
						<String ID="P340_ST00068" HPOS="257" VPOS="400" WIDTH="63" HEIGHT="24" CONTENT="with" WC="0.85" CC="0500"/>
						<SP ID="P340_SP00060" HPOS="320" VPOS="424" WIDTH="23"/>
						<String ID="P340_ST00069" HPOS="343" VPOS="400" WIDTH="43" HEIGHT="24" CONTENT="his" WC="0.72" CC="430"/>
						<SP ID="P340_SP00061" HPOS="386" VPOS="424" WIDTH="19"/>
						<String ID="P340_ST00070" HPOS="405" VPOS="399" WIDTH="37" HEIGHT="25" CONTENT="fat" WC="1.00" CC="000"/>
						<SP ID="P340_SP00062" HPOS="442" VPOS="424" WIDTH="20"/>
						<String ID="P340_ST00071" HPOS="462" VPOS="399" WIDTH="71" HEIGHT="25" CONTENT="hand" WC="0.79" CC="1060"/>
						<SP ID="P340_SP00063" HPOS="533" VPOS="424" WIDTH="13"/>
						<String ID="P340_ST00072" HPOS="546" VPOS="398" WIDTH="134" HEIGHT="33" CONTENT="wistfully." WC="0.87" CC="0600000060"/>
						<SP ID="P340_SP00064" HPOS="680" VPOS="431" WIDTH="41"/>
						<String ID="P340_ST00073" HPOS="721" VPOS="398" WIDTH="24" HEIGHT="25" CONTENT="It" WC="1.00" CC="00"/>
						<SP ID="P340_SP00065" HPOS="745" VPOS="431" WIDTH="12"/>
						<String ID="P340_ST00074" HPOS="757" VPOS="406" WIDTH="56" HEIGHT="17" CONTENT="was" WC="0.98" CC="000"/>
						<SP ID="P340_SP00066" HPOS="813" VPOS="431" WIDTH="19"/>
						<String ID="P340_ST00075" HPOS="832" VPOS="397" WIDTH="88" HEIGHT="25" CONTENT="unlike" WC="0.75" CC="406110"/>
						<SP ID="P340_SP00067" HPOS="920" VPOS="431" WIDTH="18"/>
						<String ID="P340_ST00076" HPOS="938" VPOS="397" WIDTH="42" HEIGHT="24" CONTENT="his" WC="0.82" CC="050"/>
					</TextLine>
					<TextLine ID="P340_TL00010" HPOS="89" VPOS="438" WIDTH="891" HEIGHT="35">
						<String ID="P340_ST00077" HPOS="89" VPOS="441" WIDTH="87" HEIGHT="32" CONTENT="bright" WC="0.90" CC="002102"/>
						<SP ID="P340_SP00068" HPOS="176" VPOS="473" WIDTH="14"/>
						<String ID="P340_ST00078" HPOS="190" VPOS="441" WIDTH="65" HEIGHT="24" CONTENT="little" WC="0.86" CC="060020"/>
						<SP ID="P340_SP00069" HPOS="255" VPOS="473" WIDTH="16"/>
						<String ID="P340_ST00079" HPOS="271" VPOS="441" WIDTH="74" HEIGHT="32" CONTENT="Polly" WC="0.84" CC="00006"/>
						<SP ID="P340_SP00070" HPOS="345" VPOS="473" WIDTH="13"/>
						<String ID="P340_ST00080" HPOS="358" VPOS="445" WIDTH="27" HEIGHT="20" CONTENT="to" WC="1.00" CC="00"/>
						<SP ID="P340_SP00071" HPOS="385" VPOS="473" WIDTH="13"/>
						<String ID="P340_ST00081" HPOS="398" VPOS="441" WIDTH="32" HEIGHT="23" CONTENT="be" WC="1.00" CC="00"/>
						<SP ID="P340_SP00072" HPOS="430" VPOS="473" WIDTH="18"/>
						<String ID="P340_ST00082" HPOS="448" VPOS="441" WIDTH="120" HEIGHT="31" CONTENT="sleeping" WC="0.81" CC="06001023"/>
						<SP ID="P340_SP00073" HPOS="568" VPOS="473" WIDTH="18"/>
						<String ID="P340_ST00083" HPOS="586" VPOS="441" WIDTH="71" HEIGHT="23" CONTENT="thus." WC="0.77" CC="50600"/>
						<SP ID="P340_SP00074" HPOS="657" VPOS="473" WIDTH="40"/>
						<String ID="P340_ST00084" HPOS="697" VPOS="440" WIDTH="53" HEIGHT="24" CONTENT="She" WC="1.00" CC="000"/>
						<SP ID="P340_SP00075" HPOS="750" VPOS="473" WIDTH="14"/>
						<String ID="P340_ST00085" HPOS="764" VPOS="447" WIDTH="55" HEIGHT="17" CONTENT="was" WC="0.92" CC="010"/>
						<SP ID="P340_SP00076" HPOS="819" VPOS="473" WIDTH="20"/>
						<String ID="P340_ST00086" HPOS="839" VPOS="438" WIDTH="141" HEIGHT="33" CONTENT="breathing" WC="0.74" CC="100100657"/>
					</TextLine>
					<TextLine ID="P340_TL00011" HPOS="88" VPOS="480" WIDTH="891" HEIGHT="33">
						<String ID="P340_ST00087" HPOS="88" VPOS="482" WIDTH="74" HEIGHT="30" CONTENT="hard," WC="0.86" CC="40002"/>
						<SP ID="P340_SP00077" HPOS="162" VPOS="512" WIDTH="14"/>
						<String ID="P340_ST00088" HPOS="176" VPOS="486" WIDTH="54" HEIGHT="26" CONTENT="too," WC="0.94" CC="0002"/>
						<SP ID="P340_SP00078" HPOS="230" VPOS="512" WIDTH="14"/>
						<String ID="P340_ST00089" HPOS="244" VPOS="483" WIDTH="52" HEIGHT="23" CONTENT="and" WC="0.81" CC="005"/>
						<SP ID="P340_SP00079" HPOS="296" VPOS="512" WIDTH="13"/>
						<String ID="P340_ST00090" HPOS="309" VPOS="482" WIDTH="51" HEIGHT="24" CONTENT="had" WC="0.89" CC="030"/>
						<SP ID="P340_SP00080" HPOS="360" VPOS="512" WIDTH="15"/>
						<String ID="P340_ST00091" HPOS="375" VPOS="486" WIDTH="45" HEIGHT="27" CONTENT="got" WC="0.68" CC="422"/>
						<SP ID="P340_SP00081" HPOS="420" VPOS="513" WIDTH="15"/>
						<String ID="P340_ST00092" HPOS="435" VPOS="490" WIDTH="15" HEIGHT="16" CONTENT="a" WC="1.00" CC="0"/>
						<SP ID="P340_SP00082" HPOS="450" VPOS="513" WIDTH="13"/>
						<String ID="P340_ST00093" HPOS="463" VPOS="482" WIDTH="88" HEIGHT="31" CONTENT="bright" WC="0.70" CC="066220"/>
						<SP ID="P340_SP00083" HPOS="551" VPOS="513" WIDTH="20"/>
						<String ID="P340_ST00094" HPOS="571" VPOS="482" WIDTH="43" HEIGHT="24" CONTENT="red" WC="0.93" CC="001"/>
						<SP ID="P340_SP00084" HPOS="614" VPOS="513" WIDTH="20"/>
						<String ID="P340_ST00095" HPOS="634" VPOS="490" WIDTH="57" HEIGHT="16" CONTENT="rose" WC="0.99" CC="0000"/>
						<SP ID="P340_SP00085" HPOS="691" VPOS="513" WIDTH="21"/>
						<String ID="P340_ST00096" HPOS="712" VPOS="489" WIDTH="33" HEIGHT="17" CONTENT="on" WC="0.80" CC="11"/>
						<SP ID="P340_SP00086" HPOS="745" VPOS="513" WIDTH="20"/>
						<String ID="P340_ST00097" HPOS="765" VPOS="481" WIDTH="85" HEIGHT="24" CONTENT="either" WC="0.93" CC="003000"/>
						<SP ID="P340_SP00087" HPOS="850" VPOS="513" WIDTH="18"/>
						<String ID="P340_ST00098" HPOS="868" VPOS="480" WIDTH="111" HEIGHT="25" CONTENT="delicate" WC="0.77" CC="20450060"/>
					</TextLine>
					<TextLine ID="P340_TL00012" HPOS="88" VPOS="524" WIDTH="93" HEIGHT="22">
						<String ID="P340_ST00099" HPOS="88" VPOS="524" WIDTH="93" HEIGHT="22" CONTENT="cheek." WC="1.00" CC="000000"/>
					</TextLine>
				</TextBlock>
				<TextBlock ID="P340_TB00004" HPOS="88" VPOS="563" WIDTH="889" HEIGHT="155" STYLEREFS="TXT_1 PAR_LEFT">
					<TextLine ID="P340_TL00013" HPOS="123" VPOS="563" WIDTH="854" HEIGHT="27">
						<String ID="P340_ST00100" HPOS="123" VPOS="565" WIDTH="78" HEIGHT="25" CONTENT='"She' WC="0.92" CC="0030"/>
						<SP ID="P340_SP00088" HPOS="201" VPOS="590" WIDTH="19"/>
						<String ID="P340_ST00101" HPOS="220" VPOS="565" WIDTH="22" HEIGHT="25" CONTENT="is" WC="0.61" CC="70"/>
						<SP ID="P340_SP00089" HPOS="242" VPOS="590" WIDTH="16"/>
						<String ID="P340_ST00102" HPOS="258" VPOS="564" WIDTH="112" HEIGHT="26" CONTENT="wearied" WC="0.78" CC="0020606"/>
						<SP ID="P340_SP00090" HPOS="370" VPOS="590" WIDTH="20"/>
						<String ID="P340_ST00103" HPOS="390" VPOS="568" WIDTH="45" HEIGHT="22" CONTENT="out" WC="1.00" CC="000"/>
						<SP ID="P340_SP00091" HPOS="435" VPOS="590" WIDTH="18"/>
						<String ID="P340_ST00104" HPOS="453" VPOS="564" WIDTH="64" HEIGHT="26" CONTENT="with" WC="0.83" CC="0600"/>
						<SP ID="P340_SP00092" HPOS="517" VPOS="590" WIDTH="19"/>
						<String ID="P340_ST00105" HPOS="536" VPOS="564" WIDTH="33" HEIGHT="25" CONTENT="all" WC="0.76" CC="303"/>
						<SP ID="P340_SP00093" HPOS="569" VPOS="590" WIDTH="19"/>
						<String ID="P340_ST00106" HPOS="588" VPOS="565" WIDTH="45" HEIGHT="24" CONTENT="the" WC="1.00" CC="000"/>
						<SP ID="P340_SP00094" HPOS="633" VPOS="590" WIDTH="17"/>
						<String ID="P340_ST00107" HPOS="650" VPOS="564" WIDTH="86" HEIGHT="25" CONTENT="bustle" WC="0.81" CC="200620"/>
						<SP ID="P340_SP00095" HPOS="736" VPOS="590" WIDTH="18"/>
						<String ID="P340_ST00108" HPOS="754" VPOS="564" WIDTH="51" HEIGHT="25" CONTENT="and" WC="0.86" CC="201"/>
						<SP ID="P340_SP00096" HPOS="805" VPOS="590" WIDTH="14"/>
						<String ID="P340_ST00109" HPOS="819" VPOS="563" WIDTH="158" HEIGHT="26" CONTENT="excitement" WC="0.80" CC="0602005005"/>
					</TextLine>
					<TextLine ID="P340_TL00014" HPOS="88" VPOS="606" WIDTH="889" HEIGHT="33">
						<String ID="P340_ST00110" HPOS="88" VPOS="606" WIDTH="29" HEIGHT="25" CONTENT="of" WC="1.00" CC="00"/>
						<SP ID="P340_SP00097" HPOS="117" VPOS="631" WIDTH="15"/>
						<String ID="P340_ST00111" HPOS="132" VPOS="606" WIDTH="75" HEIGHT="25" CONTENT="these" WC="1.00" CC="00000"/>
						<SP ID="P340_SP00098" HPOS="207" VPOS="631" WIDTH="24"/>
						<String ID="P340_ST00112" HPOS="231" VPOS="606" WIDTH="52" HEIGHT="25" CONTENT="last" WC="0.90" CC="2010"/>
						<SP ID="P340_SP00099" HPOS="283" VPOS="631" WIDTH="25"/>
						<String ID="P340_ST00113" HPOS="308" VPOS="606" WIDTH="50" HEIGHT="25" CONTENT="few" WC="0.93" CC="001"/>
						<SP ID="P340_SP00100" HPOS="358" VPOS="631" WIDTH="24"/>
						<String ID="P340_ST00114" HPOS="382" VPOS="607" WIDTH="91" HEIGHT="32" CONTENT='days,"' WC="0.75" CC="400035"/>
						<SP ID="P340_SP00101" HPOS="473" VPOS="639" WIDTH="27"/>
						<String ID="P340_ST00115" HPOS="500" VPOS="606" WIDTH="57" HEIGHT="25" CONTENT="said" WC="0.76" CC="0072"/>
						<SP ID="P340_SP00102" HPOS="557" VPOS="639" WIDTH="27"/>
						<String ID="P340_ST00116" HPOS="584" VPOS="606" WIDTH="84" HEIGHT="33" CONTENT="Mary," WC="0.92" CC="00030"/>
						<SP ID="P340_SP00103" HPOS="668" VPOS="639" WIDTH="27"/>
						<String ID="P340_ST00117" HPOS="695" VPOS="606" WIDTH="119" HEIGHT="32" CONTENT="noticing" WC="0.76" CC="70060005"/>
						<SP ID="P340_SP00104" HPOS="814" VPOS="639" WIDTH="24"/>
						<String ID="P340_ST00118" HPOS="838" VPOS="606" WIDTH="45" HEIGHT="23" CONTENT="the" WC="0.88" CC="030"/>
						<SP ID="P340_SP00105" HPOS="883" VPOS="639" WIDTH="25"/>
						<String ID="P340_ST00119" HPOS="908" VPOS="606" WIDTH="69" HEIGHT="23" CONTENT="look." WC="0.86" CC="20012"/>
					</TextLine>
					<TextLine ID="P340_TL00015" HPOS="90" VPOS="646" WIDTH="887" HEIGHT="34">
						<String ID="P340_ST00120" HPOS="90" VPOS="651" WIDTH="16" HEIGHT="11" CONTENT='"' WC="0.41" CC="5"/>
						<SP ID="P340_SP00106" HPOS="106" VPOS="662" WIDTH="10"/>
						<String ID="P340_ST00121" HPOS="116" VPOS="648" WIDTH="47" HEIGHT="32" CONTENT="My" WC="0.84" CC="03"/>
						<SP ID="P340_SP00107" HPOS="163" VPOS="680" WIDTH="13"/>
						<String ID="P340_ST00122" HPOS="176" VPOS="656" WIDTH="58" HEIGHT="16" CONTENT="own" WC="0.99" CC="000"/>
						<SP ID="P340_SP00108" HPOS="234" VPOS="680" WIDTH="14"/>
						<String ID="P340_ST00123" HPOS="248" VPOS="648" WIDTH="68" HEIGHT="24" CONTENT="head" WC="0.97" CC="0000"/>
						<SP ID="P340_SP00109" HPOS="316" VPOS="680" WIDTH="14"/>
						<String ID="P340_ST00124" HPOS="330" VPOS="647" WIDTH="80" HEIGHT="24" CONTENT="aches" WC="0.96" CC="00200"/>
						<SP ID="P340_SP00110" HPOS="410" VPOS="680" WIDTH="13"/>
						<String ID="P340_ST00125" HPOS="423" VPOS="647" WIDTH="63" HEIGHT="25" CONTENT="with" WC="1.00" CC="0000"/>
						<SP ID="P340_SP00111" HPOS="486" VPOS="680" WIDTH="15"/>
						<String ID="P340_ST00126" HPOS="501" VPOS="647" WIDTH="33" HEIGHT="30" CONTENT="it;" WC="0.84" CC="004"/>
						<SP ID="P340_SP00112" HPOS="534" VPOS="680" WIDTH="22"/>
						<String ID="P340_ST00127" HPOS="556" VPOS="648" WIDTH="50" HEIGHT="24" CONTENT="and" WC="0.95" CC="010"/>
						<SP ID="P340_SP00113" HPOS="606" VPOS="680" WIDTH="15"/>
						<String ID="P340_ST00128" HPOS="621" VPOS="648" WIDTH="47" HEIGHT="23" CONTENT="she" WC="0.73" CC="070"/>
						<SP ID="P340_SP00114" HPOS="668" VPOS="680" WIDTH="13"/>
						<String ID="P340_ST00129" HPOS="681" VPOS="648" WIDTH="73" HEIGHT="24" CONTENT="woke" WC="0.88" CC="2020"/>
						<SP ID="P340_SP00115" HPOS="754" VPOS="680" WIDTH="14"/>
						<String ID="P340_ST00130" HPOS="768" VPOS="647" WIDTH="51" HEIGHT="24" CONTENT="and" WC="0.69" CC="072"/>
						<SP ID="P340_SP00116" HPOS="819" VPOS="680" WIDTH="15"/>
						<String ID="P340_ST00131" HPOS="834" VPOS="646" WIDTH="69" HEIGHT="25" CONTENT="cried" WC="0.88" CC="00203"/>
						<SP ID="P340_SP00117" HPOS="903" VPOS="680" WIDTH="11"/>
						<String ID="P340_ST00132" HPOS="914" VPOS="646" WIDTH="63" HEIGHT="25" CONTENT="with" WC="0.85" CC="0500"/>
					</TextLine>
					<TextLine ID="P340_TL00016" HPOS="88" VPOS="688" WIDTH="458" HEIGHT="30">
						<String ID="P340_ST00133" HPOS="88" VPOS="689" WIDTH="61" HEIGHT="24" CONTENT="hers" WC="0.84" CC="6000"/>
						<SP ID="P340_SP00118" HPOS="149" VPOS="713" WIDTH="13"/>
						<String ID="P340_ST00134" HPOS="162" VPOS="697" WIDTH="15" HEIGHT="15" CONTENT="a" WC="0.96" CC="0"/>
						<SP ID="P340_SP00119" HPOS="177" VPOS="713" WIDTH="14"/>
						<String ID="P340_ST00135" HPOS="191" VPOS="689" WIDTH="68" HEIGHT="29" CONTENT="good" WC="0.90" CC="3000"/>
						<SP ID="P340_SP00120" HPOS="259" VPOS="718" WIDTH="14"/>
						<String ID="P340_ST00136" HPOS="273" VPOS="688" WIDTH="58" HEIGHT="24" CONTENT="deal" WC="0.79" CC="6002"/>
						<SP ID="P340_SP00121" HPOS="331" VPOS="718" WIDTH="15"/>
						<String ID="P340_ST00137" HPOS="346" VPOS="688" WIDTH="25" HEIGHT="24" CONTENT="in" WC="0.77" CC="40"/>
						<SP ID="P340_SP00122" HPOS="371" VPOS="718" WIDTH="13"/>
						<String ID="P340_ST00138" HPOS="384" VPOS="688" WIDTH="45" HEIGHT="24" CONTENT="the" WC="0.85" CC="030"/>
						<SP ID="P340_SP00123" HPOS="429" VPOS="718" WIDTH="14"/>
						<String ID="P340_ST00139" HPOS="443" VPOS="688" WIDTH="103" HEIGHT="30" CONTENT='night."' WC="0.60" CC="6620316"/>
					</TextLine>
				</TextBlock>
				<TextBlock ID="P340_TB00005" HPOS="87" VPOS="727" WIDTH="893" HEIGHT="156" STYLEREFS="TXT_1 PAR_LEFT">
					<TextLine ID="P340_TL00017" HPOS="124" VPOS="728" WIDTH="853" HEIGHT="33">
						<String ID="P340_ST00140" HPOS="124" VPOS="729" WIDTH="103" HEIGHT="25" CONTENT="&#34;She's" WC="0.95" CC="300000"/>
						<SP ID="P340_SP00124" HPOS="227" VPOS="754" WIDTH="21"/>
						<String ID="P340_ST00141" HPOS="248" VPOS="733" WIDTH="44" HEIGHT="20" CONTENT="too" WC="1.00" CC="000"/>
						<SP ID="P340_SP00125" HPOS="292" VPOS="754" WIDTH="21"/>
						<String ID="P340_ST00142" HPOS="313" VPOS="729" WIDTH="93" HEIGHT="24" CONTENT="tender" WC="0.85" CC="004301"/>
						<SP ID="P340_SP00126" HPOS="406" VPOS="754" WIDTH="21"/>
						<String ID="P340_ST00143" HPOS="427" VPOS="729" WIDTH="39" HEIGHT="24" CONTENT="for" WC="0.88" CC="300"/>
						<SP ID="P340_SP00127" HPOS="466" VPOS="754" WIDTH="20"/>
						<String ID="P340_ST00144" HPOS="486" VPOS="728" WIDTH="54" HEIGHT="25" CONTENT="this" WC="0.78" CC="0052"/>
						<SP ID="P340_SP00128" HPOS="540" VPOS="754" WIDTH="22"/>
						<String ID="P340_ST00145" HPOS="562" VPOS="733" WIDTH="54" HEIGHT="20" CONTENT="sort" WC="1.00" CC="0000"/>
						<SP ID="P340_SP00129" HPOS="616" VPOS="754" WIDTH="24"/>
						<String ID="P340_ST00146" HPOS="640" VPOS="728" WIDTH="29" HEIGHT="25" CONTENT="of" WC="0.80" CC="02"/>
						<SP ID="P340_SP00130" HPOS="669" VPOS="754" WIDTH="16"/>
						<String ID="P340_ST00147" HPOS="685" VPOS="728" WIDTH="104" HEIGHT="33" CONTENT='thing,"' WC="0.66" CC="2002863"/>
						<SP ID="P340_SP00131" HPOS="789" VPOS="761" WIDTH="22"/>
						<String ID="P340_ST00148" HPOS="811" VPOS="728" WIDTH="33" HEIGHT="24" CONTENT="he" WC="0.76" CC="40"/>
						<SP ID="P340_SP00132" HPOS="844" VPOS="761" WIDTH="27"/>
						<String ID="P340_ST00149" HPOS="871" VPOS="728" WIDTH="106" HEIGHT="32" CONTENT="replied," WC="0.68" CC="02455052"/>
					</TextLine>
					<TextLine ID="P340_TL00018" HPOS="88" VPOS="769" WIDTH="892" HEIGHT="34">
						<String ID="P340_ST00150" HPOS="88" VPOS="771" WIDTH="115" HEIGHT="32" CONTENT="shaking" WC="0.69" CC="4300255"/>
						<SP ID="P340_SP00133" HPOS="203" VPOS="803" WIDTH="20"/>
						<String ID="P340_ST00151" HPOS="223" VPOS="770" WIDTH="42" HEIGHT="24" CONTENT="his" WC="0.83" CC="500"/>
						<SP ID="P340_SP00134" HPOS="265" VPOS="803" WIDTH="18"/>
						<String ID="P340_ST00152" HPOS="283" VPOS="770" WIDTH="77" HEIGHT="24" CONTENT="head." WC="0.91" CC="00040"/>
						<SP ID="P340_SP00135" HPOS="360" VPOS="803" WIDTH="39"/>
						<String ID="P340_ST00153" HPOS="399" VPOS="773" WIDTH="16" HEIGHT="11" CONTENT='"' WC="0.60" CC="3"/>
						<SP ID="P340_SP00136" HPOS="415" VPOS="803" WIDTH="14"/>
						<String ID="P340_ST00154" HPOS="429" VPOS="770" WIDTH="46" HEIGHT="24" CONTENT="It's" WC="1.00" CC="0000"/>
						<SP ID="P340_SP00137" HPOS="475" VPOS="803" WIDTH="21"/>
						<String ID="P340_ST00155" HPOS="496" VPOS="778" WIDTH="15" HEIGHT="16" CONTENT="a" WC="1.00" CC="0"/>
						<SP ID="P340_SP00138" HPOS="511" VPOS="803" WIDTH="13"/>
						<String ID="P340_ST00156" HPOS="524" VPOS="770" WIDTH="50" HEIGHT="24" CONTENT="bad" WC="0.82" CC="004"/>
						<SP ID="P340_SP00139" HPOS="574" VPOS="803" WIDTH="14"/>
						<String ID="P340_ST00157" HPOS="588" VPOS="770" WIDTH="124" HEIGHT="24" CONTENT="business" WC="0.78" CC="05064010"/>
						<SP ID="P340_SP00140" HPOS="712" VPOS="803" WIDTH="14"/>
						<String ID="P340_ST00158" HPOS="726" VPOS="769" WIDTH="156" HEIGHT="32" CONTENT="altogether," WC="0.91" CC="03200003000"/>
						<SP ID="P340_SP00141" HPOS="882" VPOS="803" WIDTH="15"/>
						<String ID="P340_ST00159" HPOS="897" VPOS="771" WIDTH="51" HEIGHT="23" CONTENT="and" WC="0.64" CC="072"/>
						<SP ID="P340_SP00142" HPOS="948" VPOS="803" WIDTH="14"/>
						<String ID="P340_ST00160" HPOS="962" VPOS="769" WIDTH="18" HEIGHT="25" CONTENT="if" WC="0.59" CC="34"/>
					</TextLine>
					<TextLine ID="P340_TL00019" HPOS="88" VPOS="810" WIDTH="891" HEIGHT="35">
						<String ID="P340_ST00161" HPOS="88" VPOS="821" WIDTH="52" HEIGHT="24" CONTENT="you" WC="0.75" CC="700"/>
						<SP ID="P340_SP00143" HPOS="140" VPOS="845" WIDTH="14"/>
						<String ID="P340_ST00162" HPOS="154" VPOS="812" WIDTH="50" HEIGHT="24" CONTENT="like" WC="0.85" CC="2200"/>
						<SP ID="P340_SP00144" HPOS="204" VPOS="845" WIDTH="12"/>
						<String ID="P340_ST00163" HPOS="216" VPOS="816" WIDTH="28" HEIGHT="20" CONTENT="to" WC="0.84" CC="30"/>
						<SP ID="P340_SP00145" HPOS="244" VPOS="845" WIDTH="12"/>
						<String ID="P340_ST00164" HPOS="256" VPOS="815" WIDTH="59" HEIGHT="20" CONTENT="turn" WC="0.93" CC="0002"/>
						<SP ID="P340_SP00146" HPOS="315" VPOS="845" WIDTH="15"/>
						<String ID="P340_ST00165" HPOS="330" VPOS="811" WIDTH="66" HEIGHT="25" CONTENT="back" WC="0.90" CC="3000"/>
						<SP ID="P340_SP00147" HPOS="396" VPOS="845" WIDTH="12"/>
						<String ID="P340_ST00166" HPOS="408" VPOS="815" WIDTH="52" HEIGHT="29" CONTENT="yet," WC="0.95" CC="1000"/>
						<SP ID="P340_SP00148" HPOS="460" VPOS="845" WIDTH="14"/>
						<String ID="P340_ST00167" HPOS="474" VPOS="811" WIDTH="79" HEIGHT="32" CONTENT="you'll" WC="0.94" CC="120000"/>
						<SP ID="P340_SP00149" HPOS="553" VPOS="845" WIDTH="15"/>
						<String ID="P340_ST00168" HPOS="568" VPOS="811" WIDTH="33" HEIGHT="24" CONTENT="all" WC="0.76" CC="070"/>
						<SP ID="P340_SP00150" HPOS="601" VPOS="845" WIDTH="14"/>
						<String ID="P340_ST00169" HPOS="615" VPOS="812" WIDTH="67" HEIGHT="23" CONTENT="have" WC="1.00" CC="0000"/>
						<SP ID="P340_SP00151" HPOS="682" VPOS="845" WIDTH="14"/>
						<String ID="P340_ST00170" HPOS="696" VPOS="819" WIDTH="16" HEIGHT="16" CONTENT="a" WC="1.00" CC="0"/>
						<SP ID="P340_SP00152" HPOS="712" VPOS="845" WIDTH="12"/>
						<String ID="P340_ST00171" HPOS="724" VPOS="810" WIDTH="59" HEIGHT="25" CONTENT="roof" WC="0.91" CC="2000"/>
						<SP ID="P340_SP00153" HPOS="783" VPOS="845" WIDTH="14"/>
						<String ID="P340_ST00172" HPOS="797" VPOS="814" WIDTH="28" HEIGHT="21" CONTENT="to" WC="1.00" CC="00"/>
						<SP ID="P340_SP00154" HPOS="825" VPOS="845" WIDTH="14"/>
						<String ID="P340_ST00173" HPOS="839" VPOS="811" WIDTH="98" HEIGHT="24" CONTENT="shelter" WC="0.92" CC="0005000"/>
						<SP ID="P340_SP00155" HPOS="937" VPOS="845" WIDTH="11"/>
						<String ID="P340_ST00174" HPOS="948" VPOS="819" WIDTH="31" HEIGHT="24" CONTENT="ye" WC="0.59" CC="80"/>
					</TextLine>
					<TextLine ID="P340_TL00020" HPOS="88" VPOS="852" WIDTH="486" HEIGHT="31">
						<String ID="P340_ST00175" HPOS="88" VPOS="861" WIDTH="30" HEIGHT="16" CONTENT="as" WC="0.72" CC="50"/>
						<SP ID="P340_SP00156" HPOS="118" VPOS="877" WIDTH="14"/>
						<String ID="P340_ST00176" HPOS="132" VPOS="854" WIDTH="62" HEIGHT="29" CONTENT="long" WC="0.80" CC="0061"/>
						<SP ID="P340_SP00157" HPOS="194" VPOS="883" WIDTH="14"/>
						<String ID="P340_ST00177" HPOS="208" VPOS="861" WIDTH="29" HEIGHT="16" CONTENT="as" WC="0.88" CC="20"/>
						<SP ID="P340_SP00158" HPOS="237" VPOS="883" WIDTH="13"/>
						<String ID="P340_ST00178" HPOS="250" VPOS="860" WIDTH="45" HEIGHT="23" CONTENT="my" WC="0.52" CC="63"/>
						<SP ID="P340_SP00159" HPOS="295" VPOS="883" WIDTH="13"/>
						<String ID="P340_ST00179" HPOS="308" VPOS="854" WIDTH="100" HEIGHT="23" CONTENT="name's" WC="0.76" CC="223005"/>
						<SP ID="P340_SP00160" HPOS="408" VPOS="883" WIDTH="14"/>
						<String ID="P340_ST00180" HPOS="422" VPOS="852" WIDTH="152" HEIGHT="31" CONTENT='Timothy."' WC="0.71" CC="156006103"/>
					</TextLine>
				</TextBlock>
				<TextBlock ID="P340_TB00006" HPOS="87" VPOS="892" WIDTH="891" HEIGHT="74" STYLEREFS="TXT_1 PAR_LEFT">
					<TextLine ID="P340_TL00021" HPOS="122" VPOS="893" WIDTH="856" HEIGHT="33">
						<String ID="P340_ST00181" HPOS="122" VPOS="894" WIDTH="23" HEIGHT="24" CONTENT="A" WC="1.00" CC="0"/>
						<SP ID="P340_SP00161" HPOS="145" VPOS="918" WIDTH="20"/>
						<String ID="P340_ST00182" HPOS="165" VPOS="894" WIDTH="65" HEIGHT="25" CONTENT="faint" WC="0.61" CC="02555"/>
						<SP ID="P340_SP00162" HPOS="230" VPOS="919" WIDTH="20"/>
						<String ID="P340_ST00183" HPOS="250" VPOS="894" WIDTH="75" HEIGHT="24" CONTENT="smile" WC="0.77" CC="06400"/>
						<SP ID="P340_SP00163" HPOS="325" VPOS="919" WIDTH="21"/>
						<String ID="P340_ST00184" HPOS="346" VPOS="898" WIDTH="26" HEIGHT="20" CONTENT="at" WC="0.69" CC="06"/>
						<SP ID="P340_SP00164" HPOS="372" VPOS="919" WIDTH="20"/>
						<String ID="P340_ST00185" HPOS="392" VPOS="894" WIDTH="71" HEIGHT="25" CONTENT="what" WC="1.00" CC="0000"/>
						<SP ID="P340_SP00165" HPOS="463" VPOS="919" WIDTH="21"/>
						<String ID="P340_ST00186" HPOS="484" VPOS="894" WIDTH="106" HEIGHT="25" CONTENT="seemed" WC="0.90" CC="300002"/>
						<SP ID="P340_SP00166" HPOS="590" VPOS="919" WIDTH="22"/>
						<String ID="P340_ST00187" HPOS="612" VPOS="894" WIDTH="61" HEIGHT="32" CONTENT="only" WC="0.67" CC="0335"/>
						<SP ID="P340_SP00167" HPOS="673" VPOS="926" WIDTH="18"/>
						<String ID="P340_ST00188" HPOS="691" VPOS="902" WIDTH="15" HEIGHT="16" CONTENT="a" WC="1.00" CC="0"/>
						<SP ID="P340_SP00168" HPOS="706" VPOS="926" WIDTH="15"/>
						<String ID="P340_ST00189" HPOS="721" VPOS="894" WIDTH="63" HEIGHT="24" CONTENT="mild" WC="0.81" CC="0303"/>
						<SP ID="P340_SP00169" HPOS="784" VPOS="926" WIDTH="19"/>
						<String ID="P340_ST00190" HPOS="803" VPOS="893" WIDTH="61" HEIGHT="33" CONTENT="joke" WC="0.58" CC="7080"/>
						<SP ID="P340_SP00170" HPOS="864" VPOS="926" WIDTH="13"/>
						<String ID="P340_ST00191" HPOS="877" VPOS="902" WIDTH="56" HEIGHT="16" CONTENT="was" WC="0.87" CC="003"/>
						<SP ID="P340_SP00171" HPOS="933" VPOS="926" WIDTH="14"/>
						<String ID="P340_ST00192" HPOS="947" VPOS="894" WIDTH="31" HEIGHT="24" CONTENT="all" WC="0.84" CC="220"/>
					</TextLine>
					<TextLine ID="P340_TL00022" HPOS="88" VPOS="936" WIDTH="339" HEIGHT="30">
						<String ID="P340_ST00193" HPOS="88" VPOS="937" WIDTH="44" HEIGHT="23" CONTENT="the" WC="0.63" CC="550"/>
						<SP ID="P340_SP00172" HPOS="132" VPOS="960" WIDTH="14"/>
						<String ID="P340_ST00194" HPOS="146" VPOS="943" WIDTH="103" HEIGHT="17" CONTENT="answer" WC="0.97" CC="010000"/>
						<SP ID="P340_SP00173" HPOS="249" VPOS="960" WIDTH="14"/>
						<String ID="P340_ST00195" HPOS="263" VPOS="936" WIDTH="76" HEIGHT="30" CONTENT="Mary" WC="0.91" CC="0003"/>
						<SP ID="P340_SP00174" HPOS="339" VPOS="966" WIDTH="13"/>
						<String ID="P340_ST00196" HPOS="352" VPOS="943" WIDTH="75" HEIGHT="23" CONTENT="gave." WC="0.94" CC="30000"/>
					</TextLine>
				</TextBlock>
				<TextBlock ID="P340_TB00007" HPOS="86" VPOS="976" WIDTH="895" HEIGHT="196" STYLEREFS="TXT_1 PAR_LEFT">
					<TextLine ID="P340_TL00023" HPOS="121" VPOS="976" WIDTH="859" HEIGHT="33">
						<String ID="P340_ST00197" HPOS="121" VPOS="976" WIDTH="77" HEIGHT="33" CONTENT="They" WC="0.64" CC="6304"/>
						<SP ID="P340_SP00175" HPOS="198" VPOS="1009" WIDTH="17"/>
						<String ID="P340_ST00198" HPOS="215" VPOS="985" WIDTH="68" HEIGHT="17" CONTENT="were" WC="0.73" CC="6040"/>
						<SP ID="P340_SP00176" HPOS="283" VPOS="1009" WIDTH="15"/>
						<String ID="P340_ST00199" HPOS="298" VPOS="986" WIDTH="66" HEIGHT="15" CONTENT="soon" WC="0.84" CC="0006"/>
						<SP ID="P340_SP00177" HPOS="364" VPOS="1009" WIDTH="14"/>
						<String ID="P340_ST00200" HPOS="378" VPOS="981" WIDTH="26" HEIGHT="20" CONTENT="at" WC="1.00" CC="00"/>
						<SP ID="P340_SP00178" HPOS="404" VPOS="1009" WIDTH="14"/>
						<String ID="P340_ST00201" HPOS="418" VPOS="977" WIDTH="67" HEIGHT="24" CONTENT="their" WC="0.74" CC="44030"/>
						<SP ID="P340_SP00179" HPOS="485" VPOS="1009" WIDTH="13"/>
						<String ID="P340_ST00202" HPOS="498" VPOS="982" WIDTH="108" HEIGHT="27" CONTENT="present" WC="0.85" CC="1000034"/>
						<SP ID="P340_SP00180" HPOS="606" VPOS="1009" WIDTH="13"/>
						<String ID="P340_ST00203" HPOS="619" VPOS="977" WIDTH="171" HEIGHT="25" CONTENT="destination." WC="0.73" CC="400065305130"/>
						<SP ID="P340_SP00181" HPOS="790" VPOS="1009" WIDTH="39"/>
						<String ID="P340_ST00204" HPOS="829" VPOS="977" WIDTH="78" HEIGHT="32" CONTENT="Mary" WC="0.76" CC="0124"/>
						<SP ID="P340_SP00182" HPOS="907" VPOS="1009" WIDTH="14"/>
						<String ID="P340_ST00205" HPOS="921" VPOS="985" WIDTH="59" HEIGHT="16" CONTENT="con" SUBS_TYPE="HypPart1" SUBS_CONTENT="continually" WC="0.83" CC="0023"/>
						<HYP CONTENT="-"/>
					</TextLine>
					<TextLine ID="P340_TL00024" HPOS="88" VPOS="1018" WIDTH="893" HEIGHT="33">
						<String ID="P340_ST00206" HPOS="88" VPOS="1019" WIDTH="112" HEIGHT="31" CONTENT="tinually" SUBS_TYPE="HypPart2" SUBS_CONTENT="continually" WC="0.69" CC="01700707"/>
						<SP ID="P340_SP00183" HPOS="200" VPOS="1050" WIDTH="24"/>
						<String ID="P340_ST00207" HPOS="224" VPOS="1019" WIDTH="107" HEIGHT="31" CONTENT="looking" WC="0.69" CC="7005051"/>
						<SP ID="P340_SP00184" HPOS="331" VPOS="1050" WIDTH="18"/>
						<String ID="P340_ST00208" HPOS="349" VPOS="1019" WIDTH="83" HEIGHT="24" CONTENT="round" WC="0.91" CC="00040"/>
						<SP ID="P340_SP00185" HPOS="432" VPOS="1050" WIDTH="20"/>
						<String ID="P340_ST00209" HPOS="452" VPOS="1018" WIDTH="39" HEIGHT="25" CONTENT="for" WC="1.00" CC="000"/>
						<SP ID="P340_SP00186" HPOS="491" VPOS="1050" WIDTH="25"/>
						<String ID="P340_ST00210" HPOS="516" VPOS="1019" WIDTH="44" HEIGHT="24" CONTENT="the" WC="0.95" CC="010"/>
						<SP ID="P340_SP00187" HPOS="560" VPOS="1050" WIDTH="22"/>
						<String ID="P340_ST00211" HPOS="582" VPOS="1020" WIDTH="119" HEIGHT="31" CONTENT="straying" WC="0.67" CC="04046307"/>
						<SP ID="P340_SP00188" HPOS="701" VPOS="1051" WIDTH="27"/>
						<String ID="P340_ST00212" HPOS="728" VPOS="1019" WIDTH="133" HEIGHT="24" CONTENT="members" WC="0.95" CC="0000030"/>
						<SP ID="P340_SP00189" HPOS="861" VPOS="1051" WIDTH="24"/>
						<String ID="P340_ST00213" HPOS="885" VPOS="1018" WIDTH="30" HEIGHT="25" CONTENT="of" WC="0.94" CC="10"/>
						<SP ID="P340_SP00190" HPOS="915" VPOS="1051" WIDTH="21"/>
						<String ID="P340_ST00214" HPOS="936" VPOS="1019" WIDTH="45" HEIGHT="24" CONTENT="her" WC="0.97" CC="000"/>
					</TextLine>
					<TextLine ID="P340_TL00025" HPOS="88" VPOS="1059" WIDTH="893" HEIGHT="33">
						<String ID="P340_ST00215" HPOS="88" VPOS="1059" WIDTH="91" HEIGHT="33" CONTENT="family" WC="0.59" CC="516505"/>
						<SP ID="P340_SP00191" HPOS="179" VPOS="1092" WIDTH="13"/>
						<String ID="P340_ST00216" HPOS="192" VPOS="1059" WIDTH="63" HEIGHT="25" CONTENT="with" WC="0.85" CC="0600"/>
						<SP ID="P340_SP00192" HPOS="255" VPOS="1092" WIDTH="15"/>
						<String ID="P340_ST00217" HPOS="270" VPOS="1059" WIDTH="43" HEIGHT="24" CONTENT="the" WC="0.85" CC="400"/>
						<SP ID="P340_SP00193" HPOS="313" VPOS="1092" WIDTH="14"/>
						<String ID="P340_ST00218" HPOS="327" VPOS="1059" WIDTH="143" HEIGHT="25" CONTENT="distracted" WC="0.86" CC="4300000104"/>
						<SP ID="P340_SP00194" HPOS="470" VPOS="1092" WIDTH="15"/>
						<String ID="P340_ST00219" HPOS="485" VPOS="1060" WIDTH="38" HEIGHT="24" CONTENT="air" WC="0.59" CC="650"/>
						<SP ID="P340_SP00195" HPOS="523" VPOS="1092" WIDTH="12"/>
						<String ID="P340_ST00220" HPOS="535" VPOS="1059" WIDTH="30" HEIGHT="26" CONTENT="of" WC="0.95" CC="00"/>
						<SP ID="P340_SP00196" HPOS="565" VPOS="1092" WIDTH="15"/>
						<String ID="P340_ST00221" HPOS="580" VPOS="1069" WIDTH="16" HEIGHT="15" CONTENT="a" WC="0.52" CC="4"/>
						<SP ID="P340_SP00197" HPOS="596" VPOS="1092" WIDTH="13"/>
						<String ID="P340_ST00222" HPOS="609" VPOS="1060" WIDTH="51" HEIGHT="24" CONTENT="lost" WC="0.88" CC="0102"/>
						<SP ID="P340_SP00198" HPOS="660" VPOS="1092" WIDTH="14"/>
						<String ID="P340_ST00223" HPOS="674" VPOS="1068" WIDTH="105" HEIGHT="24" CONTENT="person," WC="0.75" CC="0024081"/>
						<SP ID="P340_SP00199" HPOS="779" VPOS="1092" WIDTH="15"/>
						<String ID="P340_ST00224" HPOS="794" VPOS="1069" WIDTH="56" HEIGHT="16" CONTENT="was" WC="0.86" CC="004"/>
						<SP ID="P340_SP00200" HPOS="850" VPOS="1092" WIDTH="16"/>
						<String ID="P340_ST00225" HPOS="866" VPOS="1064" WIDTH="47" HEIGHT="28" CONTENT="put" WC="0.67" CC="233"/>
						<SP ID="P340_SP00201" HPOS="913" VPOS="1092" WIDTH="14"/>
						<String ID="P340_ST00226" HPOS="927" VPOS="1059" WIDTH="54" HEIGHT="25" CONTENT="into" WC="0.59" CC="2750"/>
					</TextLine>
					<TextLine ID="P340_TL00026" HPOS="87" VPOS="1101" WIDTH="894" HEIGHT="32">
						<String ID="P340_ST00227" HPOS="87" VPOS="1101" WIDTH="45" HEIGHT="24" CONTENT="the" WC="0.91" CC="020"/>
						<SP ID="P340_SP00202" HPOS="132" VPOS="1125" WIDTH="19"/>
						<String ID="P340_ST00228" HPOS="151" VPOS="1101" WIDTH="62" HEIGHT="24" CONTENT="boat" WC="0.87" CC="0050"/>
						<SP ID="P340_SP00203" HPOS="213" VPOS="1125" WIDTH="18"/>
						<String ID="P340_ST00229" HPOS="231" VPOS="1101" WIDTH="59" HEIGHT="29" CONTENT="last," WC="1.00" CC="00000"/>
						<SP ID="P340_SP00204" HPOS="290" VPOS="1130" WIDTH="21"/>
						<String ID="P340_ST00230" HPOS="311" VPOS="1102" WIDTH="52" HEIGHT="23" CONTENT="and" WC="0.79" CC="060"/>
						<SP ID="P340_SP00205" HPOS="363" VPOS="1130" WIDTH="19"/>
						<String ID="P340_ST00231" HPOS="382" VPOS="1109" WIDTH="55" HEIGHT="16" CONTENT="was" WC="1.00" CC="000"/>
						<SP ID="P340_SP00206" HPOS="437" VPOS="1130" WIDTH="20"/>
						<String ID="P340_ST00232" HPOS="457" VPOS="1102" WIDTH="45" HEIGHT="23" CONTENT="the" WC="0.85" CC="400"/>
						<SP ID="P340_SP00207" HPOS="502" VPOS="1130" WIDTH="16"/>
						<String ID="P340_ST00233" HPOS="518" VPOS="1101" WIDTH="61" HEIGHT="30" CONTENT="last," WC="0.94" CC="00002"/>
						<SP ID="P340_SP00208" HPOS="579" VPOS="1131" WIDTH="15"/>
						<String ID="P340_ST00234" HPOS="594" VPOS="1109" WIDTH="63" HEIGHT="16" CONTENT="save" WC="1.00" CC="0000"/>
						<SP ID="P340_SP00209" HPOS="657" VPOS="1131" WIDTH="15"/>
						<String ID="P340_ST00235" HPOS="672" VPOS="1101" WIDTH="135" HEIGHT="32" CONTENT="Timothy," WC="0.86" CC="10040040"/>
						<SP ID="P340_SP00210" HPOS="807" VPOS="1133" WIDTH="15"/>
						<String ID="P340_ST00236" HPOS="822" VPOS="1104" WIDTH="28" HEIGHT="21" CONTENT="to" WC="1.00" CC="00"/>
						<SP ID="P340_SP00211" HPOS="850" VPOS="1133" WIDTH="13"/>
						<String ID="P340_ST00237" HPOS="863" VPOS="1101" WIDTH="75" HEIGHT="24" CONTENT="leave" WC="0.99" CC="00000"/>
						<SP ID="P340_SP00212" HPOS="938" VPOS="1133" WIDTH="14"/>
						<String ID="P340_ST00238" HPOS="952" VPOS="1101" WIDTH="29" HEIGHT="25" CONTENT="it." WC="0.58" CC="551"/>
					</TextLine>
					<TextLine ID="P340_TL00027" HPOS="88" VPOS="1142" WIDTH="559" HEIGHT="30">
						<String ID="P340_ST00239" HPOS="88" VPOS="1142" WIDTH="76" HEIGHT="30" CONTENT="They" WC="0.89" CC="0102"/>
						<SP ID="P340_SP00213" HPOS="164" VPOS="1172" WIDTH="12"/>
						<String ID="P340_ST00240" HPOS="176" VPOS="1150" WIDTH="67" HEIGHT="16" CONTENT="were" WC="0.99" CC="0000"/>
						<SP ID="P340_SP00214" HPOS="243" VPOS="1172" WIDTH="15"/>
						<String ID="P340_ST00241" HPOS="258" VPOS="1142" WIDTH="34" HEIGHT="23" CONTENT="all" WC="0.84" CC="004"/>
						<SP ID="P340_SP00215" HPOS="292" VPOS="1172" WIDTH="14"/>
						<String ID="P340_ST00242" HPOS="306" VPOS="1150" WIDTH="33" HEIGHT="16" CONTENT="on" WC="0.83" CC="03"/>
						<SP ID="P340_SP00216" HPOS="339" VPOS="1172" WIDTH="14"/>
						<String ID="P340_ST00243" HPOS="353" VPOS="1142" WIDTH="45" HEIGHT="24" CONTENT="the" WC="0.98" CC="000"/>
						<SP ID="P340_SP00217" HPOS="398" VPOS="1172" WIDTH="14"/>
						<String ID="P340_ST00244" HPOS="412" VPOS="1143" WIDTH="66" HEIGHT="24" CONTENT="deck" WC="0.89" CC="3000"/>
						<SP ID="P340_SP00218" HPOS="478" VPOS="1172" WIDTH="13"/>
						<String ID="P340_ST00245" HPOS="491" VPOS="1142" WIDTH="87" HEIGHT="25" CONTENT="before" WC="1.00" CC="000000"/>
						<SP ID="P340_SP00219" HPOS="578" VPOS="1172" WIDTH="14"/>
						<String ID="P340_ST00246" HPOS="592" VPOS="1142" WIDTH="55" HEIGHT="25" CONTENT="her." WC="0.98" CC="0000"/>
					</TextLine>
				</TextBlock>
				<TextBlock ID="P340_TB00008" HPOS="87" VPOS="1181" WIDTH="896" HEIGHT="365" STYLEREFS="TXT_1 PAR_LEFT">
					<TextLine ID="P340_TL00028" HPOS="123" VPOS="1183" WIDTH="859" HEIGHT="32">
						<String ID="P340_ST00247" HPOS="123" VPOS="1183" WIDTH="53" HEIGHT="25" CONTENT="But" WC="0.92" CC="002"/>
						<SP ID="P340_SP00220" HPOS="176" VPOS="1208" WIDTH="12"/>
						<String ID="P340_ST00248" HPOS="188" VPOS="1183" WIDTH="71" HEIGHT="25" CONTENT="what" WC="1.00" CC="0000"/>
						<SP ID="P340_SP00221" HPOS="259" VPOS="1208" WIDTH="14"/>
						<String ID="P340_ST00249" HPOS="273" VPOS="1192" WIDTH="15" HEIGHT="15" CONTENT="a" WC="1.00" CC="0"/>
						<SP ID="P340_SP00222" HPOS="288" VPOS="1208" WIDTH="13"/>
						<String ID="P340_ST00250" HPOS="301" VPOS="1183" WIDTH="65" HEIGHT="25" CONTENT="deck" WC="0.83" CC="6000"/>
						<String ID="P340_ST00251" HPOS="376" VPOS="1183" WIDTH="4" HEIGHT="24" CONTENT="!" WC="1.00" CC="0"/>
						<SP ID="P340_SP00223" HPOS="380" VPOS="1208" WIDTH="39"/>
						<String ID="P340_ST00252" HPOS="419" VPOS="1183" WIDTH="78" HEIGHT="25" CONTENT="None" WC="0.82" CC="0070"/>
						<SP ID="P340_SP00224" HPOS="497" VPOS="1208" WIDTH="15"/>
						<String ID="P340_ST00253" HPOS="512" VPOS="1183" WIDTH="29" HEIGHT="25" CONTENT="of" WC="1.00" CC="00"/>
						<SP ID="P340_SP00225" HPOS="541" VPOS="1208" WIDTH="16"/>
						<String ID="P340_ST00254" HPOS="557" VPOS="1184" WIDTH="44" HEIGHT="24" CONTENT="the" WC="1.00" CC="000"/>
						<SP ID="P340_SP00226" HPOS="601" VPOS="1208" WIDTH="15"/>
						<String ID="P340_ST00255" HPOS="616" VPOS="1187" WIDTH="85" HEIGHT="28" CONTENT="party," WC="0.72" CC="560300"/>
						<SP ID="P340_SP00227" HPOS="701" VPOS="1215" WIDTH="13"/>
						<String ID="P340_ST00256" HPOS="714" VPOS="1187" WIDTH="93" HEIGHT="27" CONTENT="except" WC="0.90" CC="000032"/>
						<SP ID="P340_SP00228" HPOS="807" VPOS="1215" WIDTH="12"/>
						<String ID="P340_ST00257" HPOS="819" VPOS="1184" WIDTH="97" HEIGHT="24" CONTENT="Martin" WC="0.85" CC="000026"/>
						<SP ID="P340_SP00229" HPOS="916" VPOS="1215" WIDTH="13"/>
						<String ID="P340_ST00258" HPOS="929" VPOS="1184" WIDTH="53" HEIGHT="24" CONTENT="and" WC="0.56" CC="174"/>
					</TextLine>
					<TextLine ID="P340_TL00029" HPOS="88" VPOS="1224" WIDTH="894" HEIGHT="32">
						<String ID="P340_ST00259" HPOS="88" VPOS="1225" WIDTH="99" HEIGHT="29" CONTENT="Willie," WC="0.80" CC="0101306"/>
						<SP ID="P340_SP00230" HPOS="187" VPOS="1254" WIDTH="15"/>
						<String ID="P340_ST00260" HPOS="202" VPOS="1225" WIDTH="51" HEIGHT="23" CONTENT="had" WC="0.98" CC="000"/>
						<SP ID="P340_SP00231" HPOS="253" VPOS="1254" WIDTH="15"/>
						<String ID="P340_ST00261" HPOS="268" VPOS="1232" WIDTH="62" HEIGHT="16" CONTENT="ever" WC="0.93" CC="0002"/>
						<SP ID="P340_SP00232" HPOS="330" VPOS="1254" WIDTH="11"/>
						<String ID="P340_ST00262" HPOS="341" VPOS="1224" WIDTH="87" HEIGHT="24" CONTENT="before" WC="0.90" CC="004100"/>
						<SP ID="P340_SP00233" HPOS="428" VPOS="1254" WIDTH="15"/>
						<String ID="P340_ST00263" HPOS="443" VPOS="1232" WIDTH="63" HEIGHT="16" CONTENT="seen" WC="1.00" CC="0000"/>
						<SP ID="P340_SP00234" HPOS="506" VPOS="1254" WIDTH="14"/>
						<String ID="P340_ST00264" HPOS="520" VPOS="1232" WIDTH="34" HEIGHT="16" CONTENT="an" WC="1.00" CC="00"/>
						<SP ID="P340_SP00235" HPOS="554" VPOS="1254" WIDTH="14"/>
						<String ID="P340_ST00265" HPOS="568" VPOS="1225" WIDTH="132" HEIGHT="31" CONTENT="emigrant" WC="0.80" CC="03610400"/>
						<SP ID="P340_SP00236" HPOS="700" VPOS="1256" WIDTH="14"/>
						<String ID="P340_ST00266" HPOS="714" VPOS="1225" WIDTH="68" HEIGHT="31" CONTENT="ship," WC="0.84" CC="04200"/>
						<SP ID="P340_SP00237" HPOS="782" VPOS="1256" WIDTH="15"/>
						<String ID="P340_ST00267" HPOS="797" VPOS="1225" WIDTH="53" HEIGHT="24" CONTENT="and" WC="0.65" CC="072"/>
						<SP ID="P340_SP00238" HPOS="850" VPOS="1256" WIDTH="13"/>
						<String ID="P340_ST00268" HPOS="863" VPOS="1225" WIDTH="45" HEIGHT="24" CONTENT="the" WC="0.88" CC="011"/>
						<SP ID="P340_SP00239" HPOS="908" VPOS="1256" WIDTH="13"/>
						<String ID="P340_ST00269" HPOS="921" VPOS="1233" WIDTH="61" HEIGHT="16" CONTENT="con" SUBS_TYPE="HypPart1" SUBS_CONTENT="confusion" WC="0.69" CC="0075"/>
						<HYP CONTENT="-"/>
					</TextLine>
					<TextLine ID="P340_TL00030" HPOS="88" VPOS="1265" WIDTH="895" HEIGHT="33">
						<String ID="P340_ST00270" HPOS="88" VPOS="1265" WIDTH="88" HEIGHT="25" CONTENT="fusion" SUBS_TYPE="HypPart2" SUBS_CONTENT="confusion" WC="0.70" CC="710421"/>
						<SP ID="P340_SP00240" HPOS="176" VPOS="1290" WIDTH="22"/>
						<String ID="P340_ST00271" HPOS="198" VPOS="1266" WIDTH="98" HEIGHT="23" CONTENT="caused" WC="1.00" CC="000000"/>
						<SP ID="P340_SP00241" HPOS="296" VPOS="1290" WIDTH="18"/>
						<String ID="P340_ST00272" HPOS="314" VPOS="1265" WIDTH="73" HEIGHT="24" CONTENT="them" WC="0.96" CC="0100"/>
						<SP ID="P340_SP00242" HPOS="387" VPOS="1290" WIDTH="20"/>
						<String ID="P340_ST00273" HPOS="407" VPOS="1269" WIDTH="27" HEIGHT="21" CONTENT="to" WC="1.00" CC="00"/>
						<SP ID="P340_SP00243" HPOS="434" VPOS="1290" WIDTH="19"/>
						<String ID="P340_ST00274" HPOS="453" VPOS="1265" WIDTH="51" HEIGHT="25" CONTENT="feel" WC="0.85" CC="4001"/>
						<SP ID="P340_SP00244" HPOS="504" VPOS="1290" WIDTH="20"/>
						<String ID="P340_ST00275" HPOS="524" VPOS="1266" WIDTH="153" HEIGHT="31" CONTENT="something" WC="0.81" CC="000602205"/>
						<SP ID="P340_SP00245" HPOS="677" VPOS="1297" WIDTH="13"/>
						<String ID="P340_ST00276" HPOS="690" VPOS="1266" WIDTH="50" HEIGHT="24" CONTENT="like" WC="0.88" CC="0400"/>
						<SP ID="P340_SP00246" HPOS="740" VPOS="1297" WIDTH="16"/>
						<String ID="P340_ST00277" HPOS="756" VPOS="1266" WIDTH="113" HEIGHT="32" CONTENT="dismay." WC="0.85" CC="0206010"/>
						<SP ID="P340_SP00247" HPOS="869" VPOS="1298" WIDTH="37"/>
						<String ID="P340_ST00278" HPOS="906" VPOS="1266" WIDTH="77" HEIGHT="32" CONTENT="They" WC="0.76" CC="4005"/>
					</TextLine>
					<TextLine ID="P340_TL00031" HPOS="88" VPOS="1307" WIDTH="894" HEIGHT="32">
						<String ID="P340_ST00279" HPOS="88" VPOS="1307" WIDTH="52" HEIGHT="23" CONTENT="had" WC="0.98" CC="000"/>
						<SP ID="P340_SP00248" HPOS="140" VPOS="1330" WIDTH="20"/>
						<String ID="P340_ST00280" HPOS="160" VPOS="1310" WIDTH="27" HEIGHT="20" CONTENT="to" WC="0.91" CC="01"/>
						<SP ID="P340_SP00249" HPOS="187" VPOS="1330" WIDTH="20"/>
						<String ID="P340_ST00281" HPOS="207" VPOS="1314" WIDTH="77" HEIGHT="16" CONTENT="move" WC="0.85" CC="4000"/>
						<SP ID="P340_SP00250" HPOS="284" VPOS="1330" WIDTH="23"/>
						<String ID="P340_ST00282" HPOS="307" VPOS="1314" WIDTH="42" HEIGHT="22" CONTENT="on," WC="0.75" CC="160"/>
						<SP ID="P340_SP00251" HPOS="349" VPOS="1336" WIDTH="21"/>
						<String ID="P340_ST00283" HPOS="370" VPOS="1310" WIDTH="27" HEIGHT="20" CONTENT="to" WC="0.98" CC="00"/>
						<SP ID="P340_SP00252" HPOS="397" VPOS="1336" WIDTH="22"/>
						<String ID="P340_ST00284" HPOS="419" VPOS="1307" WIDTH="59" HEIGHT="31" CONTENT="give" WC="0.72" CC="4600"/>
						<SP ID="P340_SP00253" HPOS="478" VPOS="1338" WIDTH="23"/>
						<String ID="P340_ST00285" HPOS="501" VPOS="1315" WIDTH="73" HEIGHT="16" CONTENT="room" WC="0.83" CC="0204"/>
						<SP ID="P340_SP00254" HPOS="574" VPOS="1338" WIDTH="20"/>
						<String ID="P340_ST00286" HPOS="594" VPOS="1310" WIDTH="27" HEIGHT="21" CONTENT="to" WC="0.98" CC="00"/>
						<SP ID="P340_SP00255" HPOS="621" VPOS="1338" WIDTH="21"/>
						<String ID="P340_ST00287" HPOS="642" VPOS="1307" WIDTH="71" HEIGHT="24" CONTENT="fresh" WC="0.59" CC="67006"/>
						<SP ID="P340_SP00256" HPOS="713" VPOS="1338" WIDTH="21"/>
						<String ID="P340_ST00288" HPOS="734" VPOS="1315" WIDTH="112" HEIGHT="22" CONTENT="comers," WC="0.99" CC="0000000"/>
						<SP ID="P340_SP00257" HPOS="846" VPOS="1338" WIDTH="20"/>
						<String ID="P340_ST00289" HPOS="866" VPOS="1308" WIDTH="116" HEIGHT="31" CONTENT="through" WC="0.70" CC="3003075"/>
					</TextLine>
					<TextLine ID="P340_TL00032" HPOS="89" VPOS="1348" WIDTH="894" HEIGHT="32">
						<String ID="P340_ST00290" HPOS="89" VPOS="1357" WIDTH="103" HEIGHT="17" CONTENT="narrow" WC="0.65" CC="362061"/>
						<SP ID="P340_SP00258" HPOS="192" VPOS="1374" WIDTH="12"/>
						<String ID="P340_ST00291" HPOS="204" VPOS="1348" WIDTH="83" HEIGHT="30" CONTENT="lanes," WC="0.88" CC="005001"/>
						<SP ID="P340_SP00259" HPOS="287" VPOS="1378" WIDTH="12"/>
						<String ID="P340_ST00292" HPOS="299" VPOS="1348" WIDTH="120" HEIGHT="25" CONTENT="between" WC="0.82" CC="5020003"/>
						<SP ID="P340_SP00260" HPOS="419" VPOS="1378" WIDTH="14"/>
						<String ID="P340_ST00293" HPOS="433" VPOS="1348" WIDTH="67" HEIGHT="31" CONTENT="piles" WC="0.84" CC="05100"/>
						<SP ID="P340_SP00261" HPOS="500" VPOS="1379" WIDTH="9"/>
						<String ID="P340_ST00294" HPOS="509" VPOS="1348" WIDTH="29" HEIGHT="25" CONTENT="of" WC="1.00" CC="00"/>
						<SP ID="P340_SP00262" HPOS="538" VPOS="1379" WIDTH="11"/>
						<String ID="P340_ST00295" HPOS="549" VPOS="1349" WIDTH="92" HEIGHT="31" CONTENT="goods." WC="0.86" CC="600100"/>
						<SP ID="P340_SP00263" HPOS="641" VPOS="1380" WIDTH="39"/>
						<String ID="P340_ST00296" HPOS="680" VPOS="1349" WIDTH="89" HEIGHT="30" CONTENT="Bales," WC="0.56" CC="788020"/>
						<SP ID="P340_SP00264" HPOS="769" VPOS="1380" WIDTH="13"/>
						<String ID="P340_ST00297" HPOS="782" VPOS="1349" WIDTH="108" HEIGHT="30" CONTENT="barrels," WC="0.93" CC="00000400"/>
						<SP ID="P340_SP00265" HPOS="890" VPOS="1380" WIDTH="13"/>
						<String ID="P340_ST00298" HPOS="903" VPOS="1350" WIDTH="80" HEIGHT="24" CONTENT="boxes" WC="0.70" CC="51403"/>
					</TextLine>
					<TextLine ID="P340_TL00033" HPOS="88" VPOS="1390" WIDTH="895" HEIGHT="33">
						<String ID="P340_ST00299" HPOS="88" VPOS="1398" WIDTH="67" HEIGHT="17" CONTENT="were" WC="0.81" CC="7000"/>
						<SP ID="P340_SP00266" HPOS="155" VPOS="1415" WIDTH="19"/>
						<String ID="P340_ST00300" HPOS="174" VPOS="1390" WIDTH="79" HEIGHT="31" CONTENT="being" WC="0.70" CC="00553"/>
						<SP ID="P340_SP00267" HPOS="253" VPOS="1421" WIDTH="21"/>
						<String ID="P340_ST00301" HPOS="274" VPOS="1398" WIDTH="95" HEIGHT="24" CONTENT="swung" WC="0.64" CC="00467"/>
						<SP ID="P340_SP00268" HPOS="369" VPOS="1422" WIDTH="21"/>
						<String ID="P340_ST00302" HPOS="390" VPOS="1390" WIDTH="25" HEIGHT="24" CONTENT="in" WC="0.74" CC="40"/>
						<SP ID="P340_SP00269" HPOS="415" VPOS="1422" WIDTH="23"/>
						<String ID="P340_ST00303" HPOS="438" VPOS="1390" WIDTH="45" HEIGHT="24" CONTENT="the" WC="1.00" CC="000"/>
						<SP ID="P340_SP00270" HPOS="483" VPOS="1422" WIDTH="20"/>
						<String ID="P340_ST00304" HPOS="503" VPOS="1390" WIDTH="38" HEIGHT="24" CONTENT="air" WC="0.73" CC="340"/>
						<SP ID="P340_SP00271" HPOS="541" VPOS="1422" WIDTH="20"/>
						<String ID="P340_ST00305" HPOS="561" VPOS="1390" WIDTH="66" HEIGHT="25" CONTENT="from" WC="0.99" CC="0000"/>
						<SP ID="P340_SP00272" HPOS="627" VPOS="1422" WIDTH="20"/>
						<String ID="P340_ST00306" HPOS="647" VPOS="1390" WIDTH="46" HEIGHT="25" CONTENT="the" WC="1.00" CC="000"/>
						<SP ID="P340_SP00273" HPOS="693" VPOS="1422" WIDTH="19"/>
						<String ID="P340_ST00307" HPOS="712" VPOS="1391" WIDTH="77" HEIGHT="24" CONTENT="boats" WC="0.88" CC="00500"/>
						<SP ID="P340_SP00274" HPOS="789" VPOS="1422" WIDTH="19"/>
						<String ID="P340_ST00308" HPOS="808" VPOS="1391" WIDTH="52" HEIGHT="24" CONTENT="and" WC="0.73" CC="034"/>
						<SP ID="P340_SP00275" HPOS="860" VPOS="1422" WIDTH="14"/>
						<String ID="P340_ST00309" HPOS="874" VPOS="1391" WIDTH="109" HEIGHT="32" CONTENT="lighters" WC="0.70" CC="15744000"/>
					</TextLine>
					<TextLine ID="P340_TL00034" HPOS="88" VPOS="1431" WIDTH="895" HEIGHT="32">
						<String ID="P340_ST00310" HPOS="88" VPOS="1431" WIDTH="149" HEIGHT="31" CONTENT="alongside," WC="0.86" CC="0304101200"/>
						<SP ID="P340_SP00276" HPOS="237" VPOS="1462" WIDTH="21"/>
						<String ID="P340_ST00311" HPOS="258" VPOS="1432" WIDTH="52" HEIGHT="24" CONTENT="and" WC="0.89" CC="030"/>
						<SP ID="P340_SP00277" HPOS="310" VPOS="1462" WIDTH="25"/>
						<String ID="P340_ST00312" HPOS="335" VPOS="1432" WIDTH="117" HEIGHT="31" CONTENT="dropped" WC="0.93" CC="0200002"/>
						<SP ID="P340_SP00278" HPOS="452" VPOS="1463" WIDTH="20"/>
						<String ID="P340_ST00313" HPOS="472" VPOS="1431" WIDTH="56" HEIGHT="25" CONTENT="into" WC="0.67" CC="5601"/>
						<SP ID="P340_SP00279" HPOS="528" VPOS="1463" WIDTH="20"/>
						<String ID="P340_ST00314" HPOS="548" VPOS="1432" WIDTH="45" HEIGHT="24" CONTENT="the" WC="0.89" CC="030"/>
						<SP ID="P340_SP00280" HPOS="593" VPOS="1463" WIDTH="22"/>
						<String ID="P340_ST00315" HPOS="615" VPOS="1432" WIDTH="105" HEIGHT="31" CONTENT="depths," WC="0.96" CC="0200000"/>
						<SP ID="P340_SP00281" HPOS="720" VPOS="1463" WIDTH="24"/>
						<String ID="P340_ST00316" HPOS="744" VPOS="1433" WIDTH="51" HEIGHT="24" CONTENT="and" WC="0.59" CC="055"/>
						<SP ID="P340_SP00282" HPOS="795" VPOS="1463" WIDTH="24"/>
						<String ID="P340_ST00317" HPOS="819" VPOS="1433" WIDTH="90" HEIGHT="29" CONTENT="rolled," WC="0.89" CC="0020003"/>
						<SP ID="P340_SP00283" HPOS="909" VPOS="1463" WIDTH="24"/>
						<String ID="P340_ST00318" HPOS="933" VPOS="1433" WIDTH="50" HEIGHT="24" CONTENT="and" WC="0.68" CC="152"/>
					</TextLine>
					<TextLine ID="P340_TL00035" HPOS="88" VPOS="1473" WIDTH="895" HEIGHT="33">
						<String ID="P340_ST00319" HPOS="88" VPOS="1473" WIDTH="125" HEIGHT="30" CONTENT="bumped," WC="0.65" CC="3204804"/>
						<SP ID="P340_SP00284" HPOS="213" VPOS="1503" WIDTH="26"/>
						<String ID="P340_ST00320" HPOS="239" VPOS="1473" WIDTH="52" HEIGHT="23" CONTENT="and" WC="0.65" CC="450"/>
						<SP ID="P340_SP00285" HPOS="291" VPOS="1503" WIDTH="22"/>
						<String ID="P340_ST00321" HPOS="313" VPOS="1473" WIDTH="117" HEIGHT="24" CONTENT="knocked" WC="0.92" CC="0220000"/>
						<SP ID="P340_SP00286" HPOS="430" VPOS="1503" WIDTH="20"/>
						<String ID="P340_ST00322" HPOS="450" VPOS="1473" WIDTH="81" HEIGHT="24" CONTENT="about" WC="0.77" CC="30007"/>
						<SP ID="P340_SP00287" HPOS="531" VPOS="1503" WIDTH="22"/>
						<String ID="P340_ST00323" HPOS="553" VPOS="1481" WIDTH="34" HEIGHT="16" CONTENT="on" WC="0.78" CC="04"/>
						<SP ID="P340_SP00288" HPOS="587" VPOS="1503" WIDTH="24"/>
						<String ID="P340_ST00324" HPOS="611" VPOS="1481" WIDTH="79" HEIGHT="25" CONTENT="every" WC="0.83" CC="00035"/>
						<SP ID="P340_SP00289" HPOS="690" VPOS="1506" WIDTH="25"/>
						<String ID="P340_ST00325" HPOS="715" VPOS="1473" WIDTH="64" HEIGHT="25" CONTENT="side." WC="0.85" CC="07000"/>
						<SP ID="P340_SP00290" HPOS="779" VPOS="1506" WIDTH="38"/>
						<String ID="P340_ST00326" HPOS="817" VPOS="1473" WIDTH="58" HEIGHT="25" CONTENT="The" WC="0.64" CC="306"/>
						<SP ID="P340_SP00291" HPOS="875" VPOS="1506" WIDTH="23"/>
						<String ID="P340_ST00327" HPOS="898" VPOS="1474" WIDTH="85" HEIGHT="24" CONTENT="vessel" WC="0.89" CC="000006"/>
					</TextLine>
					<TextLine ID="P340_TL00036" HPOS="88" VPOS="1513" WIDTH="895" HEIGHT="33">
						<String ID="P340_ST00328" HPOS="88" VPOS="1521" WIDTH="55" HEIGHT="17" CONTENT="was" WC="0.76" CC="402"/>
						<SP ID="P340_SP00292" HPOS="143" VPOS="1538" WIDTH="18"/>
						<String ID="P340_ST00329" HPOS="161" VPOS="1522" WIDTH="33" HEIGHT="16" CONTENT="an" WC="0.92" CC="01"/>
						<SP ID="P340_SP00293" HPOS="194" VPOS="1538" WIDTH="19"/>
						<String ID="P340_ST00330" HPOS="213" VPOS="1513" WIDTH="129" HEIGHT="33" CONTENT="auxiliary" WC="0.78" CC="001604007"/>
						<SP ID="P340_SP00294" HPOS="342" VPOS="1546" WIDTH="22"/>
						<String ID="P340_ST00331" HPOS="364" VPOS="1523" WIDTH="91" HEIGHT="22" CONTENT="screw," WC="0.92" CC="000004"/>
						<SP ID="P340_SP00295" HPOS="455" VPOS="1546" WIDTH="27"/>
						<String ID="P340_ST00332" HPOS="482" VPOS="1515" WIDTH="52" HEIGHT="24" CONTENT="and" WC="0.75" CC="052"/>
						<SP ID="P340_SP00296" HPOS="534" VPOS="1546" WIDTH="23"/>
						<String ID="P340_ST00333" HPOS="557" VPOS="1515" WIDTH="63" HEIGHT="31" CONTENT="they" WC="0.82" CC="0007"/>
						<SP ID="P340_SP00297" HPOS="620" VPOS="1546" WIDTH="20"/>
						<String ID="P340_ST00334" HPOS="640" VPOS="1523" WIDTH="66" HEIGHT="17" CONTENT="were" WC="0.77" CC="0071"/>
						<SP ID="P340_SP00298" HPOS="706" VPOS="1546" WIDTH="21"/>
						<String ID="P340_ST00335" HPOS="727" VPOS="1515" WIDTH="106" HEIGHT="31" CONTENT="coaling" WC="0.80" CC="3050050"/>
						<SP ID="P340_SP00299" HPOS="833" VPOS="1546" WIDTH="19"/>
						<String ID="P340_ST00336" HPOS="852" VPOS="1516" WIDTH="54" HEIGHT="30" CONTENT="her," WC="0.83" CC="0006"/>
						<SP ID="P340_SP00300" HPOS="906" VPOS="1546" WIDTH="27"/>
						<String ID="P340_ST00337" HPOS="933" VPOS="1516" WIDTH="50" HEIGHT="24" CONTENT="and" WC="0.75" CC="430"/>
					</TextLine>
				</TextBlock>
			</PrintSpace>
		</Page>
	</Layout>
</alto>
