<?xml version="1.0" encoding="UTF-8"?>
<alto xmlns:xsi="http://www.w3.org/2001/XMLSchema-instance" xsi:noNamespaceSchemaLocation="http://www.bl.uk/schemas/alto/alto-1-4.xsd" xmlns:xlink="http://www.w3.org/1999/xlink">
	<Description>
		<MeasurementUnit>mm10</MeasurementUnit>
		<sourceImageInformation>
			<fileName>//head1/IN/2007-44/A0010858537.1/002493.jp2</fileName>
		</sourceImageInformation>
		<OCRProcessing ID="OCRPROCESSING_1">
			<preProcessingStep>
				<processingSoftware>
					<softwareCreator>CCS Content Conversion Specialists GmbH, Germany</softwareCreator>
					<softwareName>CCS docWORKS</softwareName>
					<softwareVersion>6.1-0.64</softwareVersion>
				</processingSoftware>
			</preProcessingStep>
			<ocrProcessingStep>
				<processingSoftware>
					<softwareCreator>ABBYY (BIT Software), Russia</softwareCreator>
					<softwareName>Finereader</softwareName>
				</processingSoftware>
			</ocrProcessingStep>
		</OCRProcessing>
	</Description>
	<Styles>
		<TextStyle ID="TXT_0" FONTSIZE="10" FONTFAMILY="Courier New"/>
		<TextStyle ID="TXT_1" FONTSIZE="9" FONTFAMILY="Courier New"/>
		<ParagraphStyle ID="PAR_CENTER" ALIGN="Center"/>
		<ParagraphStyle ID="PAR_RIGHT" ALIGN="Right"/>
		<ParagraphStyle ID="PAR_LEFT" ALIGN="Left"/>
	</Styles>
	<Layout>
		<Page ID="P375" PHYSICAL_IMG_NR="375" HEIGHT="1644" WIDTH="1061" PRINTED_IMG_NR="361" POSITION="Right" ACCURACY="81.69">
			<TopMargin ID="P375_TM00001" HPOS="0" VPOS="0" WIDTH="1060" HEIGHT="127">
				<TextBlock ID="P375_TB00001" HPOS="390" VPOS="95" WIDTH="258" HEIGHT="25" STYLEREFS="TXT_0 PAR_CENTER">
					<TextLine ID="P375_TL00001" HPOS="391" VPOS="95" WIDTH="257" HEIGHT="25">
						<String ID="P375_ST00001" HPOS="391" VPOS="95" WIDTH="143" HEIGHT="24" CONTENT="TURNED" WC="0.79" CC="700005"/>
						<SP ID="P375_SP00001" HPOS="534" VPOS="119" WIDTH="15"/>
						<String ID="P375_ST00002" HPOS="549" VPOS="97" WIDTH="99" HEIGHT="23" CONTENT="BACK." WC="0.59" CC="55540"/>
					</TextLine>
				</TextBlock>
				<TextBlock ID="P375_TB00002" HPOS="909" VPOS="93" WIDTH="47" HEIGHT="33" STYLEREFS="TXT_0 PAR_RIGHT">
					<TextLine ID="P375_TL00002" HPOS="909" VPOS="93" WIDTH="47" HEIGHT="33">
						<String ID="P375_ST00003" HPOS="909" VPOS="93" WIDTH="47" HEIGHT="33" CONTENT="361" WC="1.00" CC="000"/>
					</TextLine>
				</TextBlock>
			</TopMargin>
			<LeftMargin ID="P375_LM00001" HPOS="0" VPOS="127" WIDTH="70" HEIGHT="1421"/>
			<RightMargin ID="P375_RM00001" HPOS="961" VPOS="127" WIDTH="99" HEIGHT="1421"/>
			<BottomMargin ID="P375_BM00001" HPOS="0" VPOS="1548" WIDTH="1060" HEIGHT="96"/>
			<PrintSpace ID="P375_PS00001" HPOS="70" VPOS="127" WIDTH="891" HEIGHT="1421">
				<TextBlock ID="P375_TB00003" HPOS="73" VPOS="160" WIDTH="887" HEIGHT="276" STYLEREFS="TXT_1 PAR_LEFT">
					<TextLine ID="P375_TL00003" HPOS="74" VPOS="160" WIDTH="886" HEIGHT="34">
						<String ID="P375_ST00004" HPOS="74" VPOS="164" WIDTH="72" HEIGHT="21" CONTENT="must" WC="0.73" CC="6220"/>
						<SP ID="P375_SP00002" HPOS="146" VPOS="185" WIDTH="19"/>
						<String ID="P375_ST00005" HPOS="165" VPOS="161" WIDTH="67" HEIGHT="31" CONTENT="obey" WC="0.62" CC="3605"/>
						<SP ID="P375_SP00003" HPOS="232" VPOS="192" WIDTH="17"/>
						<String ID="P375_ST00006" HPOS="249" VPOS="160" WIDTH="45" HEIGHT="24" CONTENT="the" WC="0.81" CC="050"/>
						<SP ID="P375_SP00004" HPOS="294" VPOS="192" WIDTH="15"/>
						<String ID="P375_ST00007" HPOS="309" VPOS="161" WIDTH="124" HEIGHT="24" CONTENT="mandate" WC="0.89" CC="2050000"/>
						<SP ID="P375_SP00005" HPOS="433" VPOS="192" WIDTH="15"/>
						<String ID="P375_ST00008" HPOS="448" VPOS="162" WIDTH="90" HEIGHT="25" CONTENT="issued" WC="0.81" CC="400007"/>
						<SP ID="P375_SP00006" HPOS="538" VPOS="192" WIDTH="14"/>
						<String ID="P375_ST00009" HPOS="552" VPOS="163" WIDTH="105" HEIGHT="31" CONTENT="against" WC="0.63" CC="0707504"/>
						<SP ID="P375_SP00007" HPOS="657" VPOS="194" WIDTH="12"/>
						<String ID="P375_ST00010" HPOS="669" VPOS="163" WIDTH="82" HEIGHT="31" CONTENT="them," WC="0.94" CC="00020"/>
						<SP ID="P375_SP00008" HPOS="751" VPOS="194" WIDTH="16"/>
						<String ID="P375_ST00011" HPOS="767" VPOS="165" WIDTH="51" HEIGHT="24" CONTENT="and" WC="0.59" CC="056"/>
						<SP ID="P375_SP00009" HPOS="818" VPOS="194" WIDTH="12"/>
						<String ID="P375_ST00012" HPOS="830" VPOS="164" WIDTH="73" HEIGHT="25" CONTENT="leave" WC="1.00" CC="00000"/>
						<SP ID="P375_SP00010" HPOS="903" VPOS="194" WIDTH="14"/>
						<String ID="P375_ST00013" HPOS="917" VPOS="165" WIDTH="43" HEIGHT="24" CONTENT="the" WC="0.55" CC="183"/>
					</TextLine>
					<TextLine ID="P375_TL00004" HPOS="76" VPOS="201" WIDTH="884" HEIGHT="35">
						<String ID="P375_ST00014" HPOS="76" VPOS="203" WIDTH="59" HEIGHT="30" CONTENT="ship" WC="0.87" CC="3010"/>
						<SP ID="P375_SP00011" HPOS="135" VPOS="233" WIDTH="23"/>
						<String ID="P375_ST00015" HPOS="158" VPOS="201" WIDTH="190" HEIGHT="32" CONTENT="immediately." WC="0.77" CC="030023002850"/>
						<SP ID="P375_SP00012" HPOS="348" VPOS="233" WIDTH="38"/>
						<String ID="P375_ST00016" HPOS="386" VPOS="203" WIDTH="96" HEIGHT="24" CONTENT="Orders" WC="0.76" CC="303401"/>
						<SP ID="P375_SP00013" HPOS="482" VPOS="233" WIDTH="15"/>
						<String ID="P375_ST00017" HPOS="497" VPOS="204" WIDTH="52" HEIGHT="23" CONTENT="had" WC="0.75" CC="042"/>
						<SP ID="P375_SP00014" HPOS="549" VPOS="233" WIDTH="16"/>
						<String ID="P375_ST00018" HPOS="565" VPOS="205" WIDTH="105" HEIGHT="31" CONTENT="already" WC="0.82" CC="3102005"/>
						<SP ID="P375_SP00015" HPOS="670" VPOS="236" WIDTH="13"/>
						<String ID="P375_ST00019" HPOS="683" VPOS="205" WIDTH="66" HEIGHT="23" CONTENT="been" WC="0.83" CC="0042"/>
						<SP ID="P375_SP00016" HPOS="749" VPOS="236" WIDTH="15"/>
						<String ID="P375_ST00020" HPOS="764" VPOS="205" WIDTH="90" HEIGHT="24" CONTENT="issued" WC="0.82" CC="500400"/>
						<SP ID="P375_SP00017" HPOS="854" VPOS="236" WIDTH="13"/>
						<String ID="P375_ST00021" HPOS="867" VPOS="205" WIDTH="39" HEIGHT="23" CONTENT="for" WC="0.88" CC="300"/>
						<SP ID="P375_SP00018" HPOS="906" VPOS="236" WIDTH="11"/>
						<String ID="P375_ST00022" HPOS="917" VPOS="205" WIDTH="43" HEIGHT="24" CONTENT="the" WC="0.82" CC="004"/>
					</TextLine>
					<TextLine ID="P375_TL00005" HPOS="75" VPOS="243" WIDTH="885" HEIGHT="34">
						<String ID="P375_ST00023" HPOS="75" VPOS="247" WIDTH="88" HEIGHT="20" CONTENT="return" WC="0.71" CC="504042"/>
						<SP ID="P375_SP00019" HPOS="163" VPOS="267" WIDTH="14"/>
						<String ID="P375_ST00024" HPOS="177" VPOS="243" WIDTH="29" HEIGHT="24" CONTENT="of" WC="1.00" CC="00"/>
						<SP ID="P375_SP00020" HPOS="206" VPOS="267" WIDTH="15"/>
						<String ID="P375_ST00025" HPOS="221" VPOS="243" WIDTH="68" HEIGHT="23" CONTENT="their" WC="0.72" CC="02065"/>
						<SP ID="P375_SP00021" HPOS="289" VPOS="267" WIDTH="13"/>
						<String ID="P375_ST00026" HPOS="302" VPOS="251" WIDTH="115" HEIGHT="24" CONTENT="passage" WC="0.89" CC="0002040"/>
						<SP ID="P375_SP00022" HPOS="417" VPOS="275" WIDTH="16"/>
						<String ID="P375_ST00027" HPOS="433" VPOS="252" WIDTH="105" HEIGHT="24" CONTENT="money," WC="0.86" CC="004030"/>
						<SP ID="P375_SP00023" HPOS="538" VPOS="276" WIDTH="15"/>
						<String ID="P375_ST00028" HPOS="553" VPOS="245" WIDTH="51" HEIGHT="24" CONTENT="and" WC="0.93" CC="200"/>
						<SP ID="P375_SP00024" HPOS="604" VPOS="276" WIDTH="12"/>
						<String ID="P375_ST00029" HPOS="616" VPOS="244" WIDTH="29" HEIGHT="25" CONTENT="of" WC="1.00" CC="00"/>
						<SP ID="P375_SP00025" HPOS="645" VPOS="276" WIDTH="10"/>
						<String ID="P375_ST00030" HPOS="655" VPOS="245" WIDTH="155" HEIGHT="32" CONTENT="everything" WC="0.75" CC="0001530472"/>
						<SP ID="P375_SP00026" HPOS="810" VPOS="277" WIDTH="9"/>
						<String ID="P375_ST00031" HPOS="819" VPOS="246" WIDTH="141" HEIGHT="31" CONTENT="belonging" WC="0.61" CC="121467443"/>
					</TextLine>
					<TextLine ID="P375_TL00006" HPOS="74" VPOS="283" WIDTH="886" HEIGHT="32">
						<String ID="P375_ST00032" HPOS="74" VPOS="288" WIDTH="28" HEIGHT="20" CONTENT="to" WC="0.92" CC="01"/>
						<SP ID="P375_SP00027" HPOS="102" VPOS="308" WIDTH="20"/>
						<String ID="P375_ST00033" HPOS="122" VPOS="284" WIDTH="83" HEIGHT="24" CONTENT="them." WC="0.80" CC="63000"/>
						<SP ID="P375_SP00028" HPOS="205" VPOS="308" WIDTH="38"/>
						<String ID="P375_ST00034" HPOS="243" VPOS="283" WIDTH="58" HEIGHT="24" CONTENT="The" WC="0.92" CC="020"/>
						<SP ID="P375_SP00029" HPOS="301" VPOS="308" WIDTH="20"/>
						<String ID="P375_ST00035" HPOS="321" VPOS="284" WIDTH="122" HEIGHT="31" CONTENT="question" WC="0.84" CC="05000006"/>
						<SP ID="P375_SP00030" HPOS="443" VPOS="315" WIDTH="14"/>
						<String ID="P375_ST00036" HPOS="457" VPOS="285" WIDTH="112" HEIGHT="24" CONTENT="debated" WC="0.83" CC="6002300"/>
						<SP ID="P375_SP00031" HPOS="569" VPOS="315" WIDTH="13"/>
						<String ID="P375_ST00037" HPOS="582" VPOS="294" WIDTH="64" HEIGHT="21" CONTENT="was," WC="1.00" CC="0000"/>
						<SP ID="P375_SP00032" HPOS="646" VPOS="315" WIDTH="17"/>
						<String ID="P375_ST00038" HPOS="663" VPOS="286" WIDTH="99" HEIGHT="24" CONTENT="Should" WC="0.65" CC="001675"/>
						<SP ID="P375_SP00033" HPOS="762" VPOS="315" WIDTH="15"/>
						<String ID="P375_ST00039" HPOS="777" VPOS="286" WIDTH="34" HEIGHT="24" CONTENT="all" WC="1.00" CC="000"/>
						<SP ID="P375_SP00034" HPOS="811" VPOS="315" WIDTH="12"/>
						<String ID="P375_ST00040" HPOS="823" VPOS="290" WIDTH="61" HEIGHT="20" CONTENT="turn" WC="0.82" CC="0303"/>
						<SP ID="P375_SP00035" HPOS="884" VPOS="315" WIDTH="13"/>
						<String ID="P375_ST00041" HPOS="897" VPOS="287" WIDTH="63" HEIGHT="23" CONTENT="back" WC="0.84" CC="0122"/>
					</TextLine>
					<TextLine ID="P375_TL00007" HPOS="74" VPOS="324" WIDTH="886" HEIGHT="33">
						<String ID="P375_ST00042" HPOS="74" VPOS="325" WIDTH="123" HEIGHT="32" CONTENT="together" WC="0.86" CC="00500004"/>
						<SP ID="P375_SP00036" HPOS="197" VPOS="357" WIDTH="21"/>
						<String ID="P375_ST00043" HPOS="218" VPOS="326" WIDTH="51" HEIGHT="23" CONTENT="and" WC="0.70" CC="260"/>
						<SP ID="P375_SP00037" HPOS="269" VPOS="357" WIDTH="19"/>
						<String ID="P375_ST00044" HPOS="288" VPOS="325" WIDTH="62" HEIGHT="25" CONTENT="wait" WC="0.84" CC="1050"/>
						<SP ID="P375_SP00038" HPOS="350" VPOS="357" WIDTH="19"/>
						<String ID="P375_ST00045" HPOS="369" VPOS="324" WIDTH="40" HEIGHT="25" CONTENT="for" WC="1.00" CC="000"/>
						<SP ID="P375_SP00039" HPOS="409" VPOS="357" WIDTH="16"/>
						<String ID="P375_ST00046" HPOS="425" VPOS="325" WIDTH="45" HEIGHT="25" CONTENT="the" WC="0.83" CC="040"/>
						<SP ID="P375_SP00040" HPOS="470" VPOS="357" WIDTH="20"/>
						<String ID="P375_ST00047" HPOS="490" VPOS="330" WIDTH="61" HEIGHT="19" CONTENT="next" WC="0.80" CC="5020"/>
						<SP ID="P375_SP00041" HPOS="551" VPOS="357" WIDTH="13"/>
						<String ID="P375_ST00048" HPOS="564" VPOS="326" WIDTH="68" HEIGHT="31" CONTENT="ship," WC="0.83" CC="02500"/>
						<SP ID="P375_SP00042" HPOS="632" VPOS="357" WIDTH="16"/>
						<String ID="P375_ST00049" HPOS="648" VPOS="334" WIDTH="28" HEIGHT="16" CONTENT="or" WC="0.61" CC="16"/>
						<SP ID="P375_SP00043" HPOS="676" VPOS="357" WIDTH="14"/>
						<String ID="P375_ST00050" HPOS="690" VPOS="327" WIDTH="94" HEIGHT="23" CONTENT="should" WC="0.88" CC="000321"/>
						<SP ID="P375_SP00044" HPOS="784" VPOS="357" WIDTH="16"/>
						<String ID="P375_ST00051" HPOS="800" VPOS="327" WIDTH="97" HEIGHT="24" CONTENT="Martin" WC="0.74" CC="002155"/>
						<SP ID="P375_SP00045" HPOS="897" VPOS="357" WIDTH="14"/>
						<String ID="P375_ST00052" HPOS="911" VPOS="328" WIDTH="49" HEIGHT="23" CONTENT="and" WC="0.40" CC="367"/>
					</TextLine>
					<TextLine ID="P375_TL00008" HPOS="74" VPOS="366" WIDTH="886" HEIGHT="33">
						<String ID="P375_ST00053" HPOS="74" VPOS="366" WIDTH="100" HEIGHT="30" CONTENT="Willie," WC="0.71" CC="0445500"/>
						<SP ID="P375_SP00046" HPOS="174" VPOS="396" WIDTH="15"/>
						<String ID="P375_ST00054" HPOS="189" VPOS="366" WIDTH="65" HEIGHT="25" CONTENT="with" WC="0.69" CC="2306"/>
						<SP ID="P375_SP00047" HPOS="254" VPOS="396" WIDTH="13"/>
						<String ID="P375_ST00055" HPOS="267" VPOS="366" WIDTH="70" HEIGHT="24" CONTENT="their" WC="0.70" CC="05161"/>
						<SP ID="P375_SP00048" HPOS="337" VPOS="396" WIDTH="11"/>
						<String ID="P375_ST00056" HPOS="348" VPOS="371" WIDTH="53" HEIGHT="20" CONTENT="two" WC="0.77" CC="600"/>
						<SP ID="P375_SP00049" HPOS="401" VPOS="396" WIDTH="13"/>
						<String ID="P375_ST00057" HPOS="414" VPOS="375" WIDTH="120" HEIGHT="24" CONTENT="younger" WC="0.56" CC="6053508"/>
						<SP ID="P375_SP00050" HPOS="534" VPOS="399" WIDTH="12"/>
						<String ID="P375_ST00058" HPOS="546" VPOS="367" WIDTH="128" HEIGHT="31" CONTENT="brothers," WC="0.83" CC="830000020"/>
						<SP ID="P375_SP00051" HPOS="674" VPOS="399" WIDTH="15"/>
						<String ID="P375_ST00059" HPOS="689" VPOS="367" WIDTH="31" HEIGHT="24" CONTENT="be" WC="0.70" CC="60"/>
						<SP ID="P375_SP00052" HPOS="720" VPOS="399" WIDTH="15"/>
						<String ID="P375_ST00060" HPOS="735" VPOS="368" WIDTH="108" HEIGHT="25" CONTENT="allowed" WC="0.85" CC="0071000"/>
						<SP ID="P375_SP00053" HPOS="843" VPOS="399" WIDTH="18"/>
						<String ID="P375_ST00061" HPOS="861" VPOS="372" WIDTH="26" HEIGHT="21" CONTENT="to" WC="0.88" CC="02"/>
						<SP ID="P375_SP00054" HPOS="887" VPOS="399" WIDTH="18"/>
						<String ID="P375_ST00062" HPOS="905" VPOS="377" WIDTH="55" HEIGHT="22" CONTENT="pro" SUBS_TYPE="HypPart1" SUBS_CONTENT="proceed," WC="0.73" CC="0432"/>
						<HYP CONTENT="-"/>
					</TextLine>
					<TextLine ID="P375_TL00009" HPOS="75" VPOS="408" WIDTH="430" HEIGHT="28">
						<String ID="P375_ST00063" HPOS="75" VPOS="409" WIDTH="71" HEIGHT="27" CONTENT="ceed," SUBS_TYPE="HypPart2" SUBS_CONTENT="proceed," WC="0.85" CC="00070"/>
						<SP ID="P375_SP00055" HPOS="146" VPOS="436" WIDTH="15"/>
						<String ID="P375_ST00064" HPOS="161" VPOS="409" WIDTH="52" HEIGHT="23" CONTENT="and" WC="0.54" CC="760"/>
						<SP ID="P375_SP00056" HPOS="213" VPOS="436" WIDTH="14"/>
						<String ID="P375_ST00065" HPOS="227" VPOS="408" WIDTH="34" HEIGHT="24" CONTENT="let" WC="0.67" CC="602"/>
						<SP ID="P375_SP00057" HPOS="261" VPOS="436" WIDTH="13"/>
						<String ID="P375_ST00066" HPOS="274" VPOS="408" WIDTH="45" HEIGHT="24" CONTENT="the" WC="0.83" CC="040"/>
						<SP ID="P375_SP00058" HPOS="319" VPOS="436" WIDTH="14"/>
						<String ID="P375_ST00067" HPOS="333" VPOS="411" WIDTH="53" HEIGHT="21" CONTENT="rest" WC="0.96" CC="1000"/>
						<SP ID="P375_SP00059" HPOS="386" VPOS="436" WIDTH="13"/>
						<String ID="P375_ST00068" HPOS="399" VPOS="408" WIDTH="106" HEIGHT="24" CONTENT="follow?" WC="0.72" CC="0046520"/>
					</TextLine>
				</TextBlock>
				<TextBlock ID="P375_TB00004" HPOS="71" VPOS="448" WIDTH="890" HEIGHT="443" STYLEREFS="TXT_1 PAR_LEFT">
					<TextLine ID="P375_TL00010" HPOS="106" VPOS="448" WIDTH="855" HEIGHT="34">
						<String ID="P375_ST00069" HPOS="106" VPOS="448" WIDTH="60" HEIGHT="25" CONTENT="The" WC="0.63" CC="703"/>
						<SP ID="P375_SP00060" HPOS="166" VPOS="473" WIDTH="21"/>
						<String ID="P375_ST00070" HPOS="187" VPOS="453" WIDTH="100" HEIGHT="20" CONTENT="master" WC="0.89" CC="100500"/>
						<SP ID="P375_SP00061" HPOS="287" VPOS="473" WIDTH="20"/>
						<String ID="P375_ST00071" HPOS="307" VPOS="448" WIDTH="29" HEIGHT="25" CONTENT="of" WC="0.97" CC="00"/>
						<SP ID="P375_SP00062" HPOS="336" VPOS="473" WIDTH="14"/>
						<String ID="P375_ST00072" HPOS="350" VPOS="449" WIDTH="46" HEIGHT="24" CONTENT="the" WC="0.93" CC="020"/>
						<SP ID="P375_SP00063" HPOS="396" VPOS="473" WIDTH="18"/>
						<String ID="P375_ST00073" HPOS="414" VPOS="449" WIDTH="96" HEIGHT="30" CONTENT="vessel," WC="0.89" CC="2000013"/>
						<SP ID="P375_SP00064" HPOS="510" VPOS="479" WIDTH="20"/>
						<String ID="P375_ST00074" HPOS="530" VPOS="449" WIDTH="59" HEIGHT="25" CONTENT="who" WC="0.72" CC="053"/>
						<SP ID="P375_SP00065" HPOS="589" VPOS="479" WIDTH="19"/>
						<String ID="P375_ST00075" HPOS="608" VPOS="449" WIDTH="51" HEIGHT="25" CONTENT="had" WC="0.95" CC="100"/>
						<SP ID="P375_SP00066" HPOS="659" VPOS="479" WIDTH="16"/>
						<String ID="P375_ST00076" HPOS="675" VPOS="449" WIDTH="92" HEIGHT="33" CONTENT="joined" WC="0.60" CC="137506"/>
						<SP ID="P375_SP00067" HPOS="767" VPOS="482" WIDTH="18"/>
						<String ID="P375_ST00077" HPOS="785" VPOS="449" WIDTH="44" HEIGHT="25" CONTENT="the" WC="0.66" CC="243"/>
						<SP ID="P375_SP00068" HPOS="829" VPOS="482" WIDTH="20"/>
						<String ID="P375_ST00078" HPOS="849" VPOS="454" WIDTH="75" HEIGHT="28" CONTENT="party" WC="0.69" CC="80302"/>
						<SP ID="P375_SP00069" HPOS="924" VPOS="482" WIDTH="12"/>
						<String ID="P375_ST00079" HPOS="936" VPOS="450" WIDTH="25" HEIGHT="24" CONTENT="in" WC="0.38" CC="56"/>
					</TextLine>
					<TextLine ID="P375_TL00011" HPOS="75" VPOS="490" WIDTH="886" HEIGHT="32">
						<String ID="P375_ST00080" HPOS="75" VPOS="492" WIDTH="74" HEIGHT="23" CONTENT="order" WC="0.79" CC="33300"/>
						<SP ID="P375_SP00070" HPOS="149" VPOS="515" WIDTH="17"/>
						<String ID="P375_ST00081" HPOS="166" VPOS="494" WIDTH="27" HEIGHT="21" CONTENT="to" WC="0.90" CC="10"/>
						<SP ID="P375_SP00071" HPOS="193" VPOS="515" WIDTH="20"/>
						<String ID="P375_ST00082" HPOS="213" VPOS="491" WIDTH="120" HEIGHT="30" CONTENT="expedite" WC="0.94" CC="00000500"/>
						<SP ID="P375_SP00072" HPOS="333" VPOS="521" WIDTH="20"/>
						<String ID="P375_ST00083" HPOS="353" VPOS="494" WIDTH="119" HEIGHT="26" CONTENT="matters," WC="0.87" CC="02010240"/>
						<SP ID="P375_SP00073" HPOS="472" VPOS="521" WIDTH="21"/>
						<String ID="P375_ST00084" HPOS="493" VPOS="491" WIDTH="52" HEIGHT="24" CONTENT="and" WC="0.61" CC="243"/>
						<SP ID="P375_SP00074" HPOS="545" VPOS="521" WIDTH="19"/>
						<String ID="P375_ST00085" HPOS="564" VPOS="490" WIDTH="46" HEIGHT="25" CONTENT="the" WC="0.95" CC="010"/>
						<SP ID="P375_SP00075" HPOS="610" VPOS="521" WIDTH="20"/>
						<String ID="P375_ST00086" HPOS="630" VPOS="498" WIDTH="90" HEIGHT="24" CONTENT="young" WC="0.62" CC="30446"/>
						<SP ID="P375_SP00076" HPOS="720" VPOS="522" WIDTH="20"/>
						<String ID="P375_ST00087" HPOS="740" VPOS="498" WIDTH="61" HEIGHT="17" CONTENT="men" WC="0.68" CC="206"/>
						<SP ID="P375_SP00077" HPOS="801" VPOS="522" WIDTH="27"/>
						<String ID="P375_ST00088" HPOS="828" VPOS="492" WIDTH="51" HEIGHT="23" CONTENT="and" WC="0.51" CC="247"/>
						<SP ID="P375_SP00078" HPOS="879" VPOS="522" WIDTH="19"/>
						<String ID="P375_ST00089" HPOS="898" VPOS="491" WIDTH="63" HEIGHT="31" CONTENT="boys" WC="0.85" CC="0050"/>
					</TextLine>
					<TextLine ID="P375_TL00012" HPOS="75" VPOS="531" WIDTH="886" HEIGHT="32">
						<String ID="P375_ST00090" HPOS="75" VPOS="531" WIDTH="170" HEIGHT="30" CONTENT="themselves," WC="0.91" CC="00002050000"/>
						<SP ID="P375_SP00079" HPOS="245" VPOS="561" WIDTH="20"/>
						<String ID="P375_ST00091" HPOS="265" VPOS="531" WIDTH="62" HEIGHT="25" CONTENT="took" WC="1.00" CC="0000"/>
						<SP ID="P375_SP00080" HPOS="327" VPOS="561" WIDTH="18"/>
						<String ID="P375_ST00092" HPOS="345" VPOS="531" WIDTH="45" HEIGHT="24" CONTENT="the" WC="1.00" CC="000"/>
						<SP ID="P375_SP00081" HPOS="390" VPOS="561" WIDTH="19"/>
						<String ID="P375_ST00093" HPOS="409" VPOS="531" WIDTH="77" HEIGHT="24" CONTENT="latter" WC="0.84" CC="003401"/>
						<SP ID="P375_SP00082" HPOS="486" VPOS="561" WIDTH="18"/>
						<String ID="P375_ST00094" HPOS="504" VPOS="531" WIDTH="76" HEIGHT="30" CONTENT="view," WC="0.86" CC="06000"/>
						<SP ID="P375_SP00083" HPOS="580" VPOS="561" WIDTH="15"/>
						<String ID="P375_ST00095" HPOS="595" VPOS="532" WIDTH="51" HEIGHT="23" CONTENT="and" WC="0.76" CC="061"/>
						<SP ID="P375_SP00084" HPOS="646" VPOS="561" WIDTH="19"/>
						<String ID="P375_ST00096" HPOS="665" VPOS="532" WIDTH="81" HEIGHT="31" CONTENT="urged" WC="0.90" CC="02200"/>
						<SP ID="P375_SP00085" HPOS="746" VPOS="563" WIDTH="15"/>
						<String ID="P375_ST00097" HPOS="761" VPOS="531" WIDTH="18" HEIGHT="24" CONTENT="it" WC="0.83" CC="30"/>
						<SP ID="P375_SP00086" HPOS="779" VPOS="563" WIDTH="20"/>
						<String ID="P375_ST00098" HPOS="799" VPOS="531" WIDTH="118" HEIGHT="32" CONTENT="strongly" WC="0.80" CC="00405211"/>
						<SP ID="P375_SP00087" HPOS="917" VPOS="563" WIDTH="12"/>
						<String ID="P375_ST00099" HPOS="929" VPOS="540" WIDTH="32" HEIGHT="15" CONTENT="on" WC="0.66" CC="06"/>
					</TextLine>
					<TextLine ID="P375_TL00013" HPOS="76" VPOS="572" WIDTH="885" HEIGHT="32">
						<String ID="P375_ST00100" HPOS="76" VPOS="574" WIDTH="44" HEIGHT="24" CONTENT="the" WC="1.00" CC="000"/>
						<SP ID="P375_SP00088" HPOS="120" VPOS="598" WIDTH="18"/>
						<String ID="P375_ST00101" HPOS="138" VPOS="581" WIDTH="64" HEIGHT="23" CONTENT="poor" WC="0.86" CC="2030"/>
						<SP ID="P375_SP00089" HPOS="202" VPOS="604" WIDTH="17"/>
						<String ID="P375_ST00102" HPOS="219" VPOS="573" WIDTH="157" HEIGHT="25" CONTENT="bewildered" WC="0.88" CC="0001240300"/>
						<SP ID="P375_SP00090" HPOS="376" VPOS="604" WIDTH="20"/>
						<String ID="P375_ST00103" HPOS="396" VPOS="573" WIDTH="112" HEIGHT="24" CONTENT="mother." WC="0.93" CC="0120010"/>
						<SP ID="P375_SP00091" HPOS="508" VPOS="604" WIDTH="38"/>
						<String ID="P375_ST00104" HPOS="546" VPOS="573" WIDTH="23" HEIGHT="24" CONTENT="It" WC="0.67" CC="24"/>
						<SP ID="P375_SP00092" HPOS="569" VPOS="604" WIDTH="19"/>
						<String ID="P375_ST00105" HPOS="588" VPOS="581" WIDTH="55" HEIGHT="16" CONTENT="was" WC="0.90" CC="020"/>
						<SP ID="P375_SP00093" HPOS="643" VPOS="604" WIDTH="19"/>
						<String ID="P375_ST00106" HPOS="662" VPOS="572" WIDTH="51" HEIGHT="24" CONTENT="like" WC="0.83" CC="1103"/>
						<SP ID="P375_SP00094" HPOS="713" VPOS="604" WIDTH="19"/>
						<String ID="P375_ST00107" HPOS="732" VPOS="572" WIDTH="114" HEIGHT="32" CONTENT="fighting" WC="0.59" CC="55300338"/>
						<SP ID="P375_SP00095" HPOS="846" VPOS="604" WIDTH="12"/>
						<String ID="P375_ST00108" HPOS="858" VPOS="572" WIDTH="103" HEIGHT="31" CONTENT="against" WC="0.69" CC="0326620"/>
					</TextLine>
					<TextLine ID="P375_TL00014" HPOS="76" VPOS="613" WIDTH="885" HEIGHT="33">
						<String ID="P375_ST00109" HPOS="76" VPOS="614" WIDTH="61" HEIGHT="30" CONTENT="fate," WC="0.81" CC="30600"/>
						<SP ID="P375_SP00096" HPOS="137" VPOS="644" WIDTH="22"/>
						<String ID="P375_ST00110" HPOS="159" VPOS="614" WIDTH="53" HEIGHT="24" CONTENT="this" WC="0.83" CC="0051"/>
						<SP ID="P375_SP00097" HPOS="212" VPOS="644" WIDTH="20"/>
						<String ID="P375_ST00111" HPOS="232" VPOS="614" WIDTH="89" HEIGHT="32" CONTENT="trying" WC="0.62" CC="077250"/>
						<SP ID="P375_SP00098" HPOS="321" VPOS="646" WIDTH="20"/>
						<String ID="P375_ST00112" HPOS="341" VPOS="618" WIDTH="27" HEIGHT="20" CONTENT="to" WC="0.96" CC="00"/>
						<SP ID="P375_SP00099" HPOS="368" VPOS="646" WIDTH="20"/>
						<String ID="P375_ST00113" HPOS="388" VPOS="614" WIDTH="66" HEIGHT="31" CONTENT="keep" WC="0.87" CC="5000"/>
						<SP ID="P375_SP00100" HPOS="454" VPOS="646" WIDTH="21"/>
						<String ID="P375_ST00114" HPOS="475" VPOS="614" WIDTH="46" HEIGHT="23" CONTENT="her" WC="1.00" CC="000"/>
						<SP ID="P375_SP00101" HPOS="521" VPOS="646" WIDTH="21"/>
						<String ID="P375_ST00115" HPOS="542" VPOS="613" WIDTH="92" HEIGHT="32" CONTENT="family" WC="0.89" CC="000041"/>
						<SP ID="P375_SP00102" HPOS="634" VPOS="646" WIDTH="23"/>
						<String ID="P375_ST00116" HPOS="657" VPOS="614" WIDTH="128" HEIGHT="31" CONTENT="together," WC="0.89" CC="002004200"/>
						<SP ID="P375_SP00103" HPOS="785" VPOS="646" WIDTH="27"/>
						<String ID="P375_ST00117" HPOS="812" VPOS="614" WIDTH="51" HEIGHT="23" CONTENT="and" WC="0.67" CC="450"/>
						<SP ID="P375_SP00104" HPOS="863" VPOS="646" WIDTH="26"/>
						<String ID="P375_ST00118" HPOS="889" VPOS="614" WIDTH="72" HEIGHT="31" CONTENT="Mary" WC="0.75" CC="0054"/>
					</TextLine>
					<TextLine ID="P375_TL00015" HPOS="76" VPOS="653" WIDTH="885" HEIGHT="35">
						<String ID="P375_ST00119" HPOS="76" VPOS="657" WIDTH="97" HEIGHT="31" CONTENT="always" WC="0.88" CC="050010"/>
						<SP ID="P375_SP00105" HPOS="173" VPOS="688" WIDTH="14"/>
						<String ID="P375_ST00120" HPOS="187" VPOS="660" WIDTH="71" HEIGHT="20" CONTENT="went" WC="0.89" CC="0021"/>
						<SP ID="P375_SP00106" HPOS="258" VPOS="688" WIDTH="14"/>
						<String ID="P375_ST00121" HPOS="272" VPOS="657" WIDTH="77" HEIGHT="23" CONTENT="down" WC="0.98" CC="0000"/>
						<SP ID="P375_SP00107" HPOS="349" VPOS="688" WIDTH="16"/>
						<String ID="P375_ST00122" HPOS="365" VPOS="655" WIDTH="27" HEIGHT="24" CONTENT="in" WC="0.56" CC="71"/>
						<SP ID="P375_SP00108" HPOS="392" VPOS="688" WIDTH="14"/>
						<String ID="P375_ST00123" HPOS="406" VPOS="664" WIDTH="15" HEIGHT="15" CONTENT="a" WC="1.00" CC="0"/>
						<SP ID="P375_SP00109" HPOS="421" VPOS="688" WIDTH="14"/>
						<String ID="P375_ST00124" HPOS="435" VPOS="655" WIDTH="67" HEIGHT="31" CONTENT="fight" WC="1.00" CC="00000"/>
						<SP ID="P375_SP00110" HPOS="502" VPOS="688" WIDTH="12"/>
						<String ID="P375_ST00125" HPOS="514" VPOS="655" WIDTH="65" HEIGHT="25" CONTENT="with" WC="0.79" CC="2005"/>
						<SP ID="P375_SP00111" HPOS="579" VPOS="688" WIDTH="18"/>
						<String ID="P375_ST00126" HPOS="597" VPOS="654" WIDTH="139" HEIGHT="32" CONTENT="anything." WC="0.82" CC="055003100"/>
						<SP ID="P375_SP00112" HPOS="736" VPOS="688" WIDTH="37"/>
						<String ID="P375_ST00127" HPOS="773" VPOS="653" WIDTH="117" HEIGHT="25" CONTENT="Assured" WC="0.80" CC="0113006"/>
						<SP ID="P375_SP00113" HPOS="890" VPOS="688" WIDTH="16"/>
						<String ID="P375_ST00128" HPOS="906" VPOS="654" WIDTH="55" HEIGHT="24" CONTENT="that" WC="0.76" CC="0405"/>
					</TextLine>
					<TextLine ID="P375_TL00016" HPOS="77" VPOS="696" WIDTH="884" HEIGHT="31">
						<String ID="P375_ST00129" HPOS="77" VPOS="697" WIDTH="42" HEIGHT="24" CONTENT="the" WC="0.78" CC="150"/>
						<SP ID="P375_SP00114" HPOS="119" VPOS="721" WIDTH="14"/>
						<String ID="P375_ST00130" HPOS="133" VPOS="697" WIDTH="116" HEIGHT="24" CONTENT="children" WC="0.79" CC="00352003"/>
						<SP ID="P375_SP00115" HPOS="249" VPOS="721" WIDTH="13"/>
						<String ID="P375_ST00131" HPOS="262" VPOS="697" WIDTH="87" HEIGHT="23" CONTENT="would" WC="1.00" CC="00000"/>
						<SP ID="P375_SP00116" HPOS="349" VPOS="721" WIDTH="14"/>
						<String ID="P375_ST00132" HPOS="363" VPOS="697" WIDTH="31" HEIGHT="23" CONTENT="be" WC="0.79" CC="40"/>
						<SP ID="P375_SP00117" HPOS="394" VPOS="721" WIDTH="14"/>
						<String ID="P375_ST00133" HPOS="408" VPOS="697" WIDTH="58" HEIGHT="23" CONTENT="well" WC="0.88" CC="0004"/>
						<SP ID="P375_SP00118" HPOS="466" VPOS="721" WIDTH="15"/>
						<String ID="P375_ST00134" HPOS="481" VPOS="696" WIDTH="78" HEIGHT="31" CONTENT="again" WC="0.96" CC="00001"/>
						<SP ID="P375_SP00119" HPOS="559" VPOS="727" WIDTH="15"/>
						<String ID="P375_ST00135" HPOS="574" VPOS="696" WIDTH="26" HEIGHT="23" CONTENT="in" WC="0.60" CC="07"/>
						<SP ID="P375_SP00120" HPOS="600" VPOS="727" WIDTH="14"/>
						<String ID="P375_ST00136" HPOS="614" VPOS="704" WIDTH="16" HEIGHT="15" CONTENT="a" WC="1.00" CC="0"/>
						<SP ID="P375_SP00121" HPOS="630" VPOS="727" WIDTH="12"/>
						<String ID="P375_ST00137" HPOS="642" VPOS="696" WIDTH="75" HEIGHT="24" CONTENT="week" WC="0.92" CC="0030"/>
						<SP ID="P375_SP00122" HPOS="717" VPOS="727" WIDTH="12"/>
						<String ID="P375_ST00138" HPOS="729" VPOS="703" WIDTH="28" HEIGHT="16" CONTENT="or" WC="1.00" CC="00"/>
						<SP ID="P375_SP00123" HPOS="757" VPOS="727" WIDTH="12"/>
						<String ID="P375_ST00139" HPOS="769" VPOS="699" WIDTH="62" HEIGHT="26" CONTENT="two," WC="0.89" CC="4000"/>
						<SP ID="P375_SP00124" HPOS="831" VPOS="727" WIDTH="11"/>
						<String ID="P375_ST00140" HPOS="842" VPOS="696" WIDTH="50" HEIGHT="23" CONTENT="and" WC="0.66" CC="054"/>
						<SP ID="P375_SP00125" HPOS="892" VPOS="727" WIDTH="14"/>
						<String ID="P375_ST00141" HPOS="906" VPOS="696" WIDTH="55" HEIGHT="23" CONTENT="that" WC="0.93" CC="0020"/>
					</TextLine>
					<TextLine ID="P375_TL00017" HPOS="76" VPOS="736" WIDTH="885" HEIGHT="33">
						<String ID="P375_ST00142" HPOS="76" VPOS="738" WIDTH="46" HEIGHT="25" CONTENT="she" WC="0.78" CC="600"/>
						<SP ID="P375_SP00126" HPOS="122" VPOS="763" WIDTH="15"/>
						<String ID="P375_ST00143" HPOS="137" VPOS="738" WIDTH="51" HEIGHT="24" CONTENT="and" WC="0.76" CC="240"/>
						<SP ID="P375_SP00127" HPOS="188" VPOS="763" WIDTH="14"/>
						<String ID="P375_ST00144" HPOS="202" VPOS="738" WIDTH="63" HEIGHT="31" CONTENT="they" WC="0.93" CC="0002"/>
						<SP ID="P375_SP00128" HPOS="265" VPOS="769" WIDTH="12"/>
						<String ID="P375_ST00145" HPOS="277" VPOS="737" WIDTH="88" HEIGHT="25" CONTENT="would" WC="0.79" CC="22500"/>
						<SP ID="P375_SP00129" HPOS="365" VPOS="769" WIDTH="20"/>
						<String ID="P375_ST00146" HPOS="385" VPOS="737" WIDTH="89" HEIGHT="25" CONTENT="follow" WC="0.78" CC="007500"/>
						<SP ID="P375_SP00130" HPOS="474" VPOS="769" WIDTH="12"/>
						<String ID="P375_ST00147" HPOS="486" VPOS="737" WIDTH="45" HEIGHT="24" CONTENT="the" WC="1.00" CC="000"/>
						<SP ID="P375_SP00131" HPOS="531" VPOS="769" WIDTH="14"/>
						<String ID="P375_ST00148" HPOS="545" VPOS="737" WIDTH="89" HEIGHT="24" CONTENT="others" WC="1.00" CC="000000"/>
						<SP ID="P375_SP00132" HPOS="634" VPOS="769" WIDTH="14"/>
						<String ID="P375_ST00149" HPOS="648" VPOS="736" WIDTH="27" HEIGHT="24" CONTENT="in" WC="0.67" CC="60"/>
						<SP ID="P375_SP00133" HPOS="675" VPOS="769" WIDTH="14"/>
						<String ID="P375_ST00150" HPOS="689" VPOS="737" WIDTH="52" HEIGHT="24" CONTENT="less" WC="1.00" CC="0000"/>
						<SP ID="P375_SP00134" HPOS="741" VPOS="769" WIDTH="13"/>
						<String ID="P375_ST00151" HPOS="754" VPOS="736" WIDTH="64" HEIGHT="24" CONTENT="than" WC="0.77" CC="0035"/>
						<SP ID="P375_SP00135" HPOS="818" VPOS="769" WIDTH="14"/>
						<String ID="P375_ST00152" HPOS="832" VPOS="745" WIDTH="15" HEIGHT="15" CONTENT="a" WC="0.61" CC="3"/>
						<SP ID="P375_SP00136" HPOS="847" VPOS="769" WIDTH="14"/>
						<String ID="P375_ST00153" HPOS="861" VPOS="737" WIDTH="100" HEIGHT="29" CONTENT="month," WC="0.81" CC="003421"/>
					</TextLine>
					<TextLine ID="P375_TL00018" HPOS="77" VPOS="778" WIDTH="884" HEIGHT="31">
						<String ID="P375_ST00154" HPOS="77" VPOS="780" WIDTH="47" HEIGHT="23" CONTENT="she" WC="0.59" CC="650"/>
						<SP ID="P375_SP00137" HPOS="124" VPOS="803" WIDTH="20"/>
						<String ID="P375_ST00155" HPOS="144" VPOS="778" WIDTH="113" HEIGHT="25" CONTENT="suffered" WC="0.89" CC="05000001"/>
						<SP ID="P375_SP00138" HPOS="257" VPOS="803" WIDTH="19"/>
						<String ID="P375_ST00156" HPOS="276" VPOS="778" WIDTH="101" HEIGHT="24" CONTENT="herself" WC="0.94" CC="0020010"/>
						<SP ID="P375_SP00139" HPOS="377" VPOS="803" WIDTH="15"/>
						<String ID="P375_ST00157" HPOS="392" VPOS="782" WIDTH="28" HEIGHT="20" CONTENT="to" WC="0.82" CC="30"/>
						<SP ID="P375_SP00140" HPOS="420" VPOS="803" WIDTH="18"/>
						<String ID="P375_ST00158" HPOS="438" VPOS="779" WIDTH="32" HEIGHT="23" CONTENT="be" WC="0.84" CC="30"/>
						<SP ID="P375_SP00141" HPOS="470" VPOS="803" WIDTH="20"/>
						<String ID="P375_ST00159" HPOS="490" VPOS="778" WIDTH="145" HEIGHT="30" CONTENT="overruled," WC="0.94" CC="0000050000"/>
						<SP ID="P375_SP00142" HPOS="635" VPOS="808" WIDTH="15"/>
						<String ID="P375_ST00160" HPOS="650" VPOS="778" WIDTH="52" HEIGHT="24" CONTENT="and" WC="0.70" CC="035"/>
						<SP ID="P375_SP00143" HPOS="702" VPOS="808" WIDTH="18"/>
						<String ID="P375_ST00161" HPOS="720" VPOS="778" WIDTH="92" HEIGHT="31" CONTENT="hardly" WC="0.77" CC="303006"/>
						<SP ID="P375_SP00144" HPOS="812" VPOS="809" WIDTH="18"/>
						<String ID="P375_ST00162" HPOS="830" VPOS="779" WIDTH="131" HEIGHT="29" CONTENT="protested" WC="0.72" CC="260506300"/>
					</TextLine>
					<TextLine ID="P375_TL00019" HPOS="73" VPOS="819" WIDTH="886" HEIGHT="31">
						<String ID="P375_ST00163" HPOS="73" VPOS="820" WIDTH="76" HEIGHT="25" CONTENT="when" WC="0.80" CC="0106"/>
						<SP ID="P375_SP00145" HPOS="149" VPOS="845" WIDTH="23"/>
						<String ID="P375_ST00164" HPOS="172" VPOS="819" WIDTH="46" HEIGHT="25" CONTENT="the" WC="0.96" CC="010"/>
						<SP ID="P375_SP00146" HPOS="218" VPOS="845" WIDTH="21"/>
						<String ID="P375_ST00165" HPOS="239" VPOS="819" WIDTH="89" HEIGHT="30" CONTENT="twins," WC="0.83" CC="006210"/>
						<SP ID="P375_SP00147" HPOS="328" VPOS="849" WIDTH="21"/>
						<String ID="P375_ST00166" HPOS="349" VPOS="819" WIDTH="60" HEIGHT="25" CONTENT="who" WC="1.00" CC="000"/>
						<SP ID="P375_SP00148" HPOS="409" VPOS="849" WIDTH="22"/>
						<String ID="P375_ST00167" HPOS="431" VPOS="819" WIDTH="53" HEIGHT="24" CONTENT="had" WC="1.00" CC="000"/>
						<SP ID="P375_SP00149" HPOS="484" VPOS="849" WIDTH="19"/>
						<String ID="P375_ST00168" HPOS="503" VPOS="819" WIDTH="67" HEIGHT="24" CONTENT="been" WC="0.64" CC="6007"/>
						<SP ID="P375_SP00150" HPOS="570" VPOS="849" WIDTH="21"/>
						<String ID="P375_ST00169" HPOS="591" VPOS="819" WIDTH="154" HEIGHT="31" CONTENT="consulting" WC="0.82" CC="0030500017"/>
						<SP ID="P375_SP00151" HPOS="745" VPOS="850" WIDTH="21"/>
						<String ID="P375_ST00170" HPOS="766" VPOS="819" WIDTH="129" HEIGHT="31" CONTENT="together," WC="0.97" CC="000000000"/>
						<SP ID="P375_SP00152" HPOS="895" VPOS="850" WIDTH="22"/>
						<String ID="P375_ST00171" HPOS="917" VPOS="819" WIDTH="42" HEIGHT="24" CONTENT="de" SUBS_TYPE="HypPart1" SUBS_CONTENT="declared" WC="0.63" CC="604"/>
						<HYP CONTENT="-"/>
					</TextLine>
					<TextLine ID="P375_TL00020" HPOS="77" VPOS="860" WIDTH="631" HEIGHT="31">
						<String ID="P375_ST00172" HPOS="77" VPOS="862" WIDTH="83" HEIGHT="26" CONTENT="clared" SUBS_TYPE="HypPart2" SUBS_CONTENT="declared" WC="0.69" CC="803401"/>
						<SP ID="P375_SP00153" HPOS="160" VPOS="888" WIDTH="12"/>
						<String ID="P375_ST00173" HPOS="172" VPOS="861" WIDTH="70" HEIGHT="24" CONTENT="their" WC="0.85" CC="00051"/>
						<SP ID="P375_SP00154" HPOS="242" VPOS="888" WIDTH="12"/>
						<String ID="P375_ST00174" HPOS="254" VPOS="861" WIDTH="67" HEIGHT="24" CONTENT="wish" WC="0.94" CC="0200"/>
						<SP ID="P375_SP00155" HPOS="321" VPOS="888" WIDTH="14"/>
						<String ID="P375_ST00175" HPOS="335" VPOS="865" WIDTH="28" HEIGHT="20" CONTENT="to" WC="0.89" CC="02"/>
						<SP ID="P375_SP00156" HPOS="363" VPOS="888" WIDTH="13"/>
						<String ID="P375_ST00176" HPOS="376" VPOS="868" WIDTH="33" HEIGHT="23" CONTENT="go" WC="0.86" CC="11"/>
						<SP ID="P375_SP00157" HPOS="409" VPOS="891" WIDTH="13"/>
						<String ID="P375_ST00177" HPOS="422" VPOS="860" WIDTH="64" HEIGHT="25" CONTENT="with" WC="0.88" CC="0004"/>
						<SP ID="P375_SP00158" HPOS="486" VPOS="891" WIDTH="14"/>
						<String ID="P375_ST00178" HPOS="500" VPOS="860" WIDTH="69" HEIGHT="25" CONTENT="their" WC="0.85" CC="00070"/>
						<SP ID="P375_SP00159" HPOS="569" VPOS="891" WIDTH="12"/>
						<String ID="P375_ST00179" HPOS="581" VPOS="860" WIDTH="127" HEIGHT="25" CONTENT="brothers." WC="0.83" CC="050040400"/>
					</TextLine>
				</TextBlock>
				<TextBlock ID="P375_TB00005" HPOS="72" VPOS="900" WIDTH="888" HEIGHT="118" STYLEREFS="TXT_1 PAR_LEFT">
					<TextLine ID="P375_TL00021" HPOS="108" VPOS="901" WIDTH="852" HEIGHT="32">
						<String ID="P375_ST00180" HPOS="108" VPOS="906" WIDTH="15" HEIGHT="11" CONTENT='"' WC="0.76" CC="2"/>
						<SP ID="P375_SP00160" HPOS="123" VPOS="917" WIDTH="14"/>
						<String ID="P375_ST00181" HPOS="137" VPOS="902" WIDTH="98" HEIGHT="24" CONTENT="Esther" WC="1.00" CC="000000"/>
						<SP ID="P375_SP00161" HPOS="235" VPOS="926" WIDTH="8"/>
						<String ID="P375_ST00182" HPOS="243" VPOS="901" WIDTH="53" HEIGHT="25" CONTENT="will" WC="0.75" CC="0405"/>
						<SP ID="P375_SP00162" HPOS="296" VPOS="926" WIDTH="13"/>
						<String ID="P375_ST00183" HPOS="309" VPOS="901" WIDTH="61" HEIGHT="25" CONTENT="take" WC="1.00" CC="0000"/>
						<SP ID="P375_SP00163" HPOS="370" VPOS="926" WIDTH="14"/>
						<String ID="P375_ST00184" HPOS="384" VPOS="909" WIDTH="59" HEIGHT="16" CONTENT="care" WC="0.94" CC="0020"/>
						<SP ID="P375_SP00164" HPOS="443" VPOS="926" WIDTH="11"/>
						<String ID="P375_ST00185" HPOS="454" VPOS="901" WIDTH="30" HEIGHT="24" CONTENT="of" WC="0.93" CC="10"/>
						<SP ID="P375_SP00165" HPOS="484" VPOS="926" WIDTH="14"/>
						<String ID="P375_ST00186" HPOS="498" VPOS="909" WIDTH="60" HEIGHT="24" CONTENT="you," WC="0.90" CC="3000"/>
						<SP ID="P375_SP00166" HPOS="558" VPOS="933" WIDTH="17"/>
						<String ID="P375_ST00187" HPOS="575" VPOS="901" WIDTH="128" HEIGHT="30" CONTENT='mother,"' WC="0.95" CC="00000102"/>
						<SP ID="P375_SP00167" HPOS="703" VPOS="933" WIDTH="21"/>
						<String ID="P375_ST00188" HPOS="724" VPOS="901" WIDTH="99" HEIGHT="23" CONTENT="Martin" WC="0.73" CC="010255"/>
						<SP ID="P375_SP00168" HPOS="823" VPOS="933" WIDTH="12"/>
						<String ID="P375_ST00189" HPOS="835" VPOS="901" WIDTH="52" HEIGHT="24" CONTENT="had" WC="0.63" CC="406"/>
						<SP ID="P375_SP00169" HPOS="887" VPOS="933" WIDTH="9"/>
						<String ID="P375_ST00190" HPOS="896" VPOS="901" WIDTH="64" HEIGHT="24" CONTENT="said." WC="0.76" CC="01450"/>
					</TextLine>
					<TextLine ID="P375_TL00022" HPOS="75" VPOS="941" WIDTH="885" HEIGHT="33">
						<String ID="P375_ST00191" HPOS="75" VPOS="947" WIDTH="15" HEIGHT="12" CONTENT='-"' WC="0.41" CC="47"/>
						<SP ID="P375_SP00170" HPOS="90" VPOS="959" WIDTH="11"/>
						<String ID="P375_ST00192" HPOS="101" VPOS="944" WIDTH="52" HEIGHT="24" CONTENT="We" WC="1.00" CC="00"/>
						<SP ID="P375_SP00171" HPOS="153" VPOS="968" WIDTH="14"/>
						<String ID="P375_ST00193" HPOS="167" VPOS="951" WIDTH="48" HEIGHT="17" CONTENT="can" WC="0.78" CC="005"/>
						<SP ID="P375_SP00172" HPOS="215" VPOS="968" WIDTH="15"/>
						<String ID="P375_ST00194" HPOS="230" VPOS="951" WIDTH="33" HEIGHT="23" CONTENT="go" WC="0.74" CC="50"/>
						<SP ID="P375_SP00173" HPOS="263" VPOS="974" WIDTH="15"/>
						<String ID="P375_ST00195" HPOS="278" VPOS="943" WIDTH="71" HEIGHT="30" CONTENT="quite" WC="0.89" CC="00500"/>
						<SP ID="P375_SP00174" HPOS="349" VPOS="974" WIDTH="21"/>
						<String ID="P375_ST00196" HPOS="370" VPOS="942" WIDTH="174" HEIGHT="31" CONTENT="comfortably" WC="0.85" CC="00000300063"/>
						<SP ID="P375_SP00175" HPOS="544" VPOS="974" WIDTH="12"/>
						<String ID="P375_ST00197" HPOS="556" VPOS="942" WIDTH="77" HEIGHT="25" CONTENT="when" WC="0.83" CC="0006"/>
						<SP ID="P375_SP00176" HPOS="633" VPOS="974" WIDTH="13"/>
						<String ID="P375_ST00198" HPOS="646" VPOS="950" WIDTH="40" HEIGHT="17" CONTENT="we" WC="0.88" CC="20"/>
						<SP ID="P375_SP00177" HPOS="686" VPOS="974" WIDTH="14"/>
						<String ID="P375_ST00199" HPOS="700" VPOS="942" WIDTH="77" HEIGHT="25" CONTENT="know" WC="1.00" CC="0000"/>
						<SP ID="P375_SP00178" HPOS="777" VPOS="974" WIDTH="18"/>
						<String ID="P375_ST00200" HPOS="795" VPOS="941" WIDTH="46" HEIGHT="25" CONTENT="she" WC="0.92" CC="100"/>
						<SP ID="P375_SP00179" HPOS="841" VPOS="974" WIDTH="17"/>
						<String ID="P375_ST00201" HPOS="858" VPOS="941" WIDTH="23" HEIGHT="25" CONTENT="is" WC="0.77" CC="40"/>
						<SP ID="P375_SP00180" HPOS="881" VPOS="974" WIDTH="17"/>
						<String ID="P375_ST00202" HPOS="898" VPOS="941" WIDTH="62" HEIGHT="25" CONTENT="with" WC="0.86" CC="0500"/>
					</TextLine>
					<TextLine ID="P375_TL00023" HPOS="73" VPOS="986" WIDTH="77" HEIGHT="32">
						<String ID="P375_ST00203" HPOS="73" VPOS="986" WIDTH="77" HEIGHT="32" CONTENT='you."' WC="0.89" CC="50000"/>
					</TextLine>
				</TextBlock>
				<TextBlock ID="P375_TB00006" HPOS="72" VPOS="1023" WIDTH="888" HEIGHT="196" STYLEREFS="TXT_1 PAR_LEFT">
					<TextLine ID="P375_TL00024" HPOS="106" VPOS="1023" WIDTH="854" HEIGHT="35">
						<String ID="P375_ST00204" HPOS="106" VPOS="1026" WIDTH="60" HEIGHT="25" CONTENT="And" WC="0.77" CC="060"/>
						<SP ID="P375_SP00181" HPOS="166" VPOS="1051" WIDTH="14"/>
						<String ID="P375_ST00205" HPOS="180" VPOS="1027" WIDTH="77" HEIGHT="31" CONTENT="Mary" WC="0.82" CC="0303"/>
						<SP ID="P375_SP00182" HPOS="257" VPOS="1058" WIDTH="13"/>
						<String ID="P375_ST00206" HPOS="270" VPOS="1026" WIDTH="77" HEIGHT="24" CONTENT="made" WC="0.94" CC="0020"/>
						<SP ID="P375_SP00183" HPOS="347" VPOS="1058" WIDTH="11"/>
						<String ID="P375_ST00207" HPOS="358" VPOS="1034" WIDTH="34" HEIGHT="16" CONTENT="no" WC="0.73" CC="31"/>
						<SP ID="P375_SP00184" HPOS="392" VPOS="1058" WIDTH="13"/>
						<String ID="P375_ST00208" HPOS="405" VPOS="1024" WIDTH="101" HEIGHT="26" CONTENT="further" WC="0.78" CC="3502300"/>
						<SP ID="P375_SP00185" HPOS="506" VPOS="1058" WIDTH="13"/>
						<String ID="P375_ST00209" HPOS="519" VPOS="1024" WIDTH="158" HEIGHT="32" CONTENT="opposition." WC="0.79" CC="00400406050"/>
						<SP ID="P375_SP00186" HPOS="677" VPOS="1058" WIDTH="38"/>
						<String ID="P375_ST00210" HPOS="715" VPOS="1023" WIDTH="97" HEIGHT="25" CONTENT="Martin" WC="0.90" CC="000014"/>
						<SP ID="P375_SP00187" HPOS="812" VPOS="1058" WIDTH="14"/>
						<String ID="P375_ST00211" HPOS="826" VPOS="1024" WIDTH="51" HEIGHT="24" CONTENT="had" WC="0.72" CC="044"/>
						<SP ID="P375_SP00188" HPOS="877" VPOS="1058" WIDTH="13"/>
						<String ID="P375_ST00212" HPOS="890" VPOS="1032" WIDTH="70" HEIGHT="16" CONTENT="more" WC="0.87" CC="2200"/>
					</TextLine>
					<TextLine ID="P375_TL00025" HPOS="73" VPOS="1065" WIDTH="887" HEIGHT="35">
						<String ID="P375_ST00213" HPOS="73" VPOS="1076" WIDTH="88" HEIGHT="24" CONTENT="power" WC="0.93" CC="30000"/>
						<SP ID="P375_SP00189" HPOS="161" VPOS="1100" WIDTH="13"/>
						<String ID="P375_ST00214" HPOS="174" VPOS="1075" WIDTH="63" HEIGHT="17" CONTENT="over" WC="1.00" CC="0000"/>
						<SP ID="P375_SP00190" HPOS="237" VPOS="1100" WIDTH="12"/>
						<String ID="P375_ST00215" HPOS="249" VPOS="1067" WIDTH="42" HEIGHT="24" CONTENT="his" WC="0.80" CC="140"/>
						<SP ID="P375_SP00191" HPOS="291" VPOS="1100" WIDTH="14"/>
						<String ID="P375_ST00216" HPOS="305" VPOS="1067" WIDTH="120" HEIGHT="24" CONTENT="brothers" WC="0.87" CC="01035000"/>
						<SP ID="P375_SP00192" HPOS="425" VPOS="1100" WIDTH="13"/>
						<String ID="P375_ST00217" HPOS="438" VPOS="1067" WIDTH="53" HEIGHT="23" CONTENT="and" WC="0.58" CC="066"/>
						<SP ID="P375_SP00193" HPOS="491" VPOS="1100" WIDTH="14"/>
						<String ID="P375_ST00218" HPOS="505" VPOS="1066" WIDTH="91" HEIGHT="24" CONTENT="sisters" WC="0.89" CC="0500020"/>
						<SP ID="P375_SP00194" HPOS="596" VPOS="1100" WIDTH="12"/>
						<String ID="P375_ST00219" HPOS="608" VPOS="1066" WIDTH="66" HEIGHT="23" CONTENT="than" WC="0.84" CC="0032"/>
						<SP ID="P375_SP00195" HPOS="674" VPOS="1100" WIDTH="10"/>
						<String ID="P375_ST00220" HPOS="684" VPOS="1065" WIDTH="46" HEIGHT="24" CONTENT="she" WC="0.86" CC="210"/>
						<SP ID="P375_SP00196" HPOS="730" VPOS="1100" WIDTH="10"/>
						<String ID="P375_ST00221" HPOS="740" VPOS="1065" WIDTH="61" HEIGHT="30" CONTENT="had," WC="0.80" CC="3040"/>
						<SP ID="P375_SP00197" HPOS="801" VPOS="1100" WIDTH="13"/>
						<String ID="P375_ST00222" HPOS="814" VPOS="1066" WIDTH="52" HEIGHT="23" CONTENT="and" WC="0.54" CC="355"/>
						<SP ID="P375_SP00198" HPOS="866" VPOS="1100" WIDTH="10"/>
						<String ID="P375_ST00223" HPOS="876" VPOS="1066" WIDTH="84" HEIGHT="24" CONTENT="would" WC="0.87" CC="00050"/>
					</TextLine>
					<TextLine ID="P375_TL00026" HPOS="73" VPOS="1106" WIDTH="887" HEIGHT="32">
						<String ID="P375_ST00224" HPOS="73" VPOS="1110" WIDTH="59" HEIGHT="24" CONTENT="take" WC="0.86" CC="5000"/>
						<SP ID="P375_SP00199" HPOS="132" VPOS="1134" WIDTH="13"/>
						<String ID="P375_ST00225" HPOS="145" VPOS="1117" WIDTH="30" HEIGHT="16" CONTENT="as" WC="1.00" CC="00"/>
						<SP ID="P375_SP00200" HPOS="175" VPOS="1134" WIDTH="13"/>
						<String ID="P375_ST00226" HPOS="188" VPOS="1109" WIDTH="113" HEIGHT="24" CONTENT="anxious" WC="0.74" CC="0406500"/>
						<SP ID="P375_SP00201" HPOS="301" VPOS="1134" WIDTH="14"/>
						<String ID="P375_ST00227" HPOS="315" VPOS="1117" WIDTH="60" HEIGHT="16" CONTENT="care" WC="1.00" CC="0000"/>
						<SP ID="P375_SP00202" HPOS="375" VPOS="1134" WIDTH="12"/>
						<String ID="P375_ST00228" HPOS="387" VPOS="1108" WIDTH="40" HEIGHT="24" CONTENT="for" WC="1.00" CC="000"/>
						<SP ID="P375_SP00203" HPOS="427" VPOS="1134" WIDTH="9"/>
						<String ID="P375_ST00229" HPOS="436" VPOS="1107" WIDTH="69" HEIGHT="25" CONTENT="their" WC="0.85" CC="13003"/>
						<SP ID="P375_SP00204" HPOS="505" VPOS="1134" WIDTH="20"/>
						<String ID="P375_ST00230" HPOS="525" VPOS="1106" WIDTH="104" HEIGHT="26" CONTENT="welfare" WC="0.86" CC="0020240"/>
						<String ID="P375_ST00231" HPOS="639" VPOS="1115" WIDTH="6" HEIGHT="21" CONTENT=";" WC="0.91" CC="0"/>
						<SP ID="P375_SP00205" HPOS="645" VPOS="1136" WIDTH="21"/>
						<String ID="P375_ST00232" HPOS="666" VPOS="1107" WIDTH="52" HEIGHT="24" CONTENT="and" WC="0.70" CC="160"/>
						<SP ID="P375_SP00206" HPOS="718" VPOS="1136" WIDTH="17"/>
						<String ID="P375_ST00233" HPOS="735" VPOS="1106" WIDTH="40" HEIGHT="25" CONTENT="for" WC="0.94" CC="001"/>
						<SP ID="P375_SP00207" HPOS="775" VPOS="1136" WIDTH="16"/>
						<String ID="P375_ST00234" HPOS="791" VPOS="1107" WIDTH="46" HEIGHT="23" CONTENT="the" WC="0.95" CC="010"/>
						<SP ID="P375_SP00208" HPOS="837" VPOS="1136" WIDTH="19"/>
						<String ID="P375_ST00235" HPOS="856" VPOS="1110" WIDTH="104" HEIGHT="28" CONTENT="present" WC="0.93" CC="0000003"/>
					</TextLine>
					<TextLine ID="P375_TL00027" HPOS="73" VPOS="1147" WIDTH="887" HEIGHT="34">
						<String ID="P375_ST00236" HPOS="73" VPOS="1151" WIDTH="48" HEIGHT="25" CONTENT="she" WC="0.77" CC="600"/>
						<SP ID="P375_SP00209" HPOS="121" VPOS="1176" WIDTH="19"/>
						<String ID="P375_ST00237" HPOS="140" VPOS="1159" WIDTH="56" HEIGHT="17" CONTENT="was" WC="1.00" CC="000"/>
						<SP ID="P375_SP00210" HPOS="196" VPOS="1176" WIDTH="19"/>
						<String ID="P375_ST00238" HPOS="215" VPOS="1150" WIDTH="130" HEIGHT="24" CONTENT="absorbed" WC="0.84" CC="00002306"/>
						<SP ID="P375_SP00211" HPOS="345" VPOS="1176" WIDTH="14"/>
						<String ID="P375_ST00239" HPOS="359" VPOS="1150" WIDTH="27" HEIGHT="24" CONTENT="in" WC="0.52" CC="36"/>
						<SP ID="P375_SP00212" HPOS="386" VPOS="1176" WIDTH="14"/>
						<String ID="P375_ST00240" HPOS="400" VPOS="1150" WIDTH="135" HEIGHT="31" CONTENT="watching" WC="0.79" CC="03001352"/>
						<SP ID="P375_SP00213" HPOS="535" VPOS="1181" WIDTH="12"/>
						<String ID="P375_ST00241" HPOS="547" VPOS="1149" WIDTH="45" HEIGHT="24" CONTENT="the" WC="0.89" CC="030"/>
						<SP ID="P375_SP00214" HPOS="592" VPOS="1181" WIDTH="14"/>
						<String ID="P375_ST00242" HPOS="606" VPOS="1149" WIDTH="85" HEIGHT="23" CONTENT="lambs" WC="0.79" CC="00350"/>
						<SP ID="P375_SP00215" HPOS="691" VPOS="1181" WIDTH="15"/>
						<String ID="P375_ST00243" HPOS="706" VPOS="1147" WIDTH="29" HEIGHT="25" CONTENT="of" WC="1.00" CC="00"/>
						<SP ID="P375_SP00216" HPOS="735" VPOS="1181" WIDTH="15"/>
						<String ID="P375_ST00244" HPOS="750" VPOS="1148" WIDTH="46" HEIGHT="24" CONTENT="her" WC="1.00" CC="000"/>
						<SP ID="P375_SP00217" HPOS="796" VPOS="1181" WIDTH="12"/>
						<String ID="P375_ST00245" HPOS="808" VPOS="1147" WIDTH="76" HEIGHT="30" CONTENT="flock," WC="0.89" CC="000600"/>
						<SP ID="P375_SP00218" HPOS="884" VPOS="1181" WIDTH="15"/>
						<String ID="P375_ST00246" HPOS="899" VPOS="1156" WIDTH="61" HEIGHT="16" CONTENT="over" WC="0.78" CC="0034"/>
					</TextLine>
					<TextLine ID="P375_TL00028" HPOS="73" VPOS="1189" WIDTH="850" HEIGHT="30">
						<String ID="P375_ST00247" HPOS="73" VPOS="1193" WIDTH="85" HEIGHT="24" CONTENT="whom" WC="0.96" CC="0000"/>
						<SP ID="P375_SP00219" HPOS="158" VPOS="1217" WIDTH="13"/>
						<String ID="P375_ST00248" HPOS="171" VPOS="1192" WIDTH="45" HEIGHT="24" CONTENT="the" WC="0.90" CC="020"/>
						<SP ID="P375_SP00220" HPOS="216" VPOS="1217" WIDTH="13"/>
						<String ID="P375_ST00249" HPOS="229" VPOS="1192" WIDTH="103" HEIGHT="24" CONTENT="vulture" WC="0.89" CC="0400200"/>
						<SP ID="P375_SP00221" HPOS="332" VPOS="1217" WIDTH="15"/>
						<String ID="P375_ST00250" HPOS="347" VPOS="1191" WIDTH="88" HEIGHT="24" CONTENT="Death" WC="0.94" CC="02000"/>
						<SP ID="P375_SP00222" HPOS="435" VPOS="1217" WIDTH="14"/>
						<String ID="P375_ST00251" HPOS="449" VPOS="1190" WIDTH="108" HEIGHT="25" CONTENT="seemed" WC="0.87" CC="000007"/>
						<SP ID="P375_SP00223" HPOS="557" VPOS="1217" WIDTH="12"/>
						<String ID="P375_ST00252" HPOS="569" VPOS="1194" WIDTH="28" HEIGHT="20" CONTENT="to" WC="1.00" CC="00"/>
						<SP ID="P375_SP00224" HPOS="597" VPOS="1217" WIDTH="14"/>
						<String ID="P375_ST00253" HPOS="611" VPOS="1189" WIDTH="46" HEIGHT="24" CONTENT="her" WC="0.89" CC="011"/>
						<SP ID="P375_SP00225" HPOS="657" VPOS="1217" WIDTH="10"/>
						<String ID="P375_ST00254" HPOS="667" VPOS="1189" WIDTH="106" HEIGHT="30" CONTENT="already" WC="0.74" CC="0320065"/>
						<SP ID="P375_SP00226" HPOS="773" VPOS="1219" WIDTH="13"/>
						<String ID="P375_ST00255" HPOS="786" VPOS="1189" WIDTH="137" HEIGHT="30" CONTENT="hovering." WC="0.74" CC="000026680"/>
					</TextLine>
				</TextBlock>
				<TextBlock ID="P375_TB00007" HPOS="70" VPOS="1228" WIDTH="889" HEIGHT="320" STYLEREFS="TXT_1 PAR_LEFT">
					<TextLine ID="P375_TL00029" HPOS="105" VPOS="1228" WIDTH="854" HEIGHT="38">
						<String ID="P375_ST00256" HPOS="105" VPOS="1233" WIDTH="128" HEIGHT="33" CONTENT="Timothy" WC="0.79" CC="0400036"/>
						<SP ID="P375_SP00227" HPOS="233" VPOS="1266" WIDTH="13"/>
						<String ID="P375_ST00257" HPOS="246" VPOS="1233" WIDTH="132" HEIGHT="32" CONTENT="Wiggett," WC="0.92" CC="00410000"/>
						<SP ID="P375_SP00228" HPOS="378" VPOS="1266" WIDTH="15"/>
						<String ID="P375_ST00258" HPOS="393" VPOS="1233" WIDTH="60" HEIGHT="24" CONTENT="who" WC="0.95" CC="010"/>
						<SP ID="P375_SP00229" HPOS="453" VPOS="1266" WIDTH="13"/>
						<String ID="P375_ST00259" HPOS="466" VPOS="1232" WIDTH="53" HEIGHT="23" CONTENT="had" WC="0.75" CC="007"/>
						<SP ID="P375_SP00230" HPOS="519" VPOS="1266" WIDTH="14"/>
						<String ID="P375_ST00260" HPOS="533" VPOS="1231" WIDTH="76" HEIGHT="24" CONTENT="stood" WC="0.70" CC="00427"/>
						<SP ID="P375_SP00231" HPOS="609" VPOS="1266" WIDTH="14"/>
						<String ID="P375_ST00261" HPOS="623" VPOS="1233" WIDTH="75" HEIGHT="28" CONTENT="apart" WC="0.91" CC="30000"/>
						<SP ID="P375_SP00232" HPOS="698" VPOS="1266" WIDTH="13"/>
						<String ID="P375_ST00262" HPOS="711" VPOS="1229" WIDTH="96" HEIGHT="32" CONTENT="during" WC="0.60" CC="742440"/>
						<SP ID="P375_SP00233" HPOS="807" VPOS="1266" WIDTH="16"/>
						<String ID="P375_ST00263" HPOS="823" VPOS="1228" WIDTH="45" HEIGHT="25" CONTENT="the" WC="0.82" CC="050"/>
						<SP ID="P375_SP00234" HPOS="868" VPOS="1266" WIDTH="14"/>
						<String ID="P375_ST00264" HPOS="882" VPOS="1237" WIDTH="77" HEIGHT="24" CONTENT="eager" WC="0.82" CC="00602"/>
					</TextLine>
					<TextLine ID="P375_TL00030" HPOS="72" VPOS="1270" WIDTH="887" HEIGHT="35">
						<String ID="P375_ST00265" HPOS="72" VPOS="1276" WIDTH="166" HEIGHT="29" CONTENT="conference," WC="0.88" CC="00200302004"/>
						<SP ID="P375_SP00235" HPOS="238" VPOS="1305" WIDTH="14"/>
						<String ID="P375_ST00266" HPOS="252" VPOS="1283" WIDTH="61" HEIGHT="17" CONTENT="now" WC="0.94" CC="100"/>
						<SP ID="P375_SP00236" HPOS="313" VPOS="1305" WIDTH="13"/>
						<String ID="P375_ST00267" HPOS="326" VPOS="1283" WIDTH="75" HEIGHT="16" CONTENT="came" WC="0.96" CC="0100"/>
						<SP ID="P375_SP00237" HPOS="401" VPOS="1305" WIDTH="14"/>
						<String ID="P375_ST00268" HPOS="415" VPOS="1273" WIDTH="110" HEIGHT="25" CONTENT="forward" WC="0.92" CC="0000004"/>
						<SP ID="P375_SP00238" HPOS="525" VPOS="1305" WIDTH="14"/>
						<String ID="P375_ST00269" HPOS="539" VPOS="1272" WIDTH="63" HEIGHT="25" CONTENT="with" WC="0.82" CC="0501"/>
						<SP ID="P375_SP00239" HPOS="602" VPOS="1305" WIDTH="13"/>
						<String ID="P375_ST00270" HPOS="615" VPOS="1272" WIDTH="42" HEIGHT="23" CONTENT="his" WC="0.73" CC="313"/>
						<SP ID="P375_SP00240" HPOS="657" VPOS="1305" WIDTH="17"/>
						<String ID="P375_ST00271" HPOS="674" VPOS="1271" WIDTH="92" HEIGHT="30" CONTENT="timely" WC="0.82" CC="000054"/>
						<SP ID="P375_SP00241" HPOS="766" VPOS="1305" WIDTH="13"/>
						<String ID="P375_ST00272" HPOS="779" VPOS="1270" WIDTH="51" HEIGHT="24" CONTENT="aid." WC="0.73" CC="0370"/>
						<SP ID="P375_SP00242" HPOS="830" VPOS="1305" WIDTH="38"/>
						<String ID="P375_ST00273" HPOS="868" VPOS="1270" WIDTH="24" HEIGHT="24" CONTENT="It" WC="0.70" CC="14"/>
						<SP ID="P375_SP00243" HPOS="892" VPOS="1305" WIDTH="13"/>
						<String ID="P375_ST00274" HPOS="905" VPOS="1278" WIDTH="54" HEIGHT="16" CONTENT="was" WC="0.76" CC="007"/>
					</TextLine>
					<TextLine ID="P375_TL00031" HPOS="72" VPOS="1310" WIDTH="885" HEIGHT="37">
						<String ID="P375_ST00275" HPOS="72" VPOS="1316" WIDTH="33" HEIGHT="25" CONTENT="he" WC="0.76" CC="40"/>
						<SP ID="P375_SP00244" HPOS="105" VPOS="1341" WIDTH="13"/>
						<String ID="P375_ST00276" HPOS="118" VPOS="1316" WIDTH="60" HEIGHT="26" CONTENT="who" WC="0.95" CC="000"/>
						<SP ID="P375_SP00245" HPOS="178" VPOS="1342" WIDTH="14"/>
						<String ID="P375_ST00277" HPOS="192" VPOS="1316" WIDTH="100" HEIGHT="24" CONTENT="carried" WC="0.75" CC="0055402"/>
						<SP ID="P375_SP00246" HPOS="292" VPOS="1342" WIDTH="13"/>
						<String ID="P375_ST00278" HPOS="305" VPOS="1316" WIDTH="65" HEIGHT="23" CONTENT="little" WC="0.67" CC="742050"/>
						<SP ID="P375_SP00247" HPOS="370" VPOS="1342" WIDTH="22"/>
						<String ID="P375_ST00279" HPOS="392" VPOS="1315" WIDTH="77" HEIGHT="32" CONTENT="Mary" WC="0.85" CC="0005"/>
						<SP ID="P375_SP00248" HPOS="469" VPOS="1347" WIDTH="12"/>
						<String ID="P375_ST00280" HPOS="481" VPOS="1322" WIDTH="33" HEIGHT="16" CONTENT="on" WC="0.73" CC="05"/>
						<SP ID="P375_SP00249" HPOS="514" VPOS="1347" WIDTH="21"/>
						<String ID="P375_ST00281" HPOS="535" VPOS="1313" WIDTH="85" HEIGHT="29" CONTENT="shore," WC="0.90" CC="320000"/>
						<SP ID="P375_SP00250" HPOS="620" VPOS="1347" WIDTH="15"/>
						<String ID="P375_ST00282" HPOS="635" VPOS="1311" WIDTH="122" HEIGHT="31" CONTENT="wrapped" WC="0.99" CC="0000000"/>
						<SP ID="P375_SP00251" HPOS="757" VPOS="1347" WIDTH="14"/>
						<String ID="P375_ST00283" HPOS="771" VPOS="1310" WIDTH="25" HEIGHT="24" CONTENT="in" WC="0.46" CC="64"/>
						<SP ID="P375_SP00252" HPOS="796" VPOS="1347" WIDTH="21"/>
						<String ID="P375_ST00284" HPOS="817" VPOS="1319" WIDTH="14" HEIGHT="15" CONTENT="a" WC="1.00" CC="0"/>
						<SP ID="P375_SP00253" HPOS="831" VPOS="1347" WIDTH="13"/>
						<String ID="P375_ST00285" HPOS="844" VPOS="1310" WIDTH="113" HEIGHT="31" CONTENT="blanket," WC="0.78" CC="43061000"/>
					</TextLine>
					<TextLine ID="P375_TL00032" HPOS="72" VPOS="1351" WIDTH="887" HEIGHT="37">
						<String ID="P375_ST00286" HPOS="72" VPOS="1359" WIDTH="52" HEIGHT="23" CONTENT="and" WC="0.75" CC="250"/>
						<SP ID="P375_SP00254" HPOS="124" VPOS="1382" WIDTH="20"/>
						<String ID="P375_ST00287" HPOS="144" VPOS="1358" WIDTH="127" HEIGHT="24" CONTENT="screened" WC="0.83" CC="00060700"/>
						<SP ID="P375_SP00255" HPOS="271" VPOS="1382" WIDTH="20"/>
						<String ID="P375_ST00288" HPOS="291" VPOS="1356" WIDTH="67" HEIGHT="25" CONTENT="from" WC="0.95" CC="0200"/>
						<SP ID="P375_SP00256" HPOS="358" VPOS="1382" WIDTH="19"/>
						<String ID="P375_ST00289" HPOS="377" VPOS="1356" WIDTH="68" HEIGHT="32" CONTENT="light" WC="0.80" CC="06210"/>
						<SP ID="P375_SP00257" HPOS="445" VPOS="1388" WIDTH="19"/>
						<String ID="P375_ST00290" HPOS="464" VPOS="1355" WIDTH="51" HEIGHT="24" CONTENT="and" WC="0.83" CC="040"/>
						<SP ID="P375_SP00258" HPOS="515" VPOS="1388" WIDTH="20"/>
						<String ID="P375_ST00291" HPOS="535" VPOS="1354" WIDTH="52" HEIGHT="29" CONTENT="air;" WC="0.74" CC="0504"/>
						<SP ID="P375_SP00259" HPOS="587" VPOS="1388" WIDTH="21"/>
						<String ID="P375_ST00292" HPOS="608" VPOS="1352" WIDTH="77" HEIGHT="25" CONTENT="while" WC="0.82" CC="04400"/>
						<SP ID="P375_SP00260" HPOS="685" VPOS="1388" WIDTH="20"/>
						<String ID="P375_ST00293" HPOS="705" VPOS="1351" WIDTH="107" HEIGHT="30" CONTENT="Martin," WC="0.82" CC="0000740"/>
						<SP ID="P375_SP00261" HPOS="812" VPOS="1388" WIDTH="19"/>
						<String ID="P375_ST00294" HPOS="831" VPOS="1351" WIDTH="128" HEIGHT="32" CONTENT="privately" WC="0.68" CC="066100057"/>
					</TextLine>
					<TextLine ID="P375_TL00033" HPOS="72" VPOS="1392" WIDTH="885" HEIGHT="36">
						<String ID="P375_ST00295" HPOS="72" VPOS="1399" WIDTH="129" HEIGHT="25" CONTENT="informed" WC="0.70" CC="66033300"/>
						<SP ID="P375_SP00262" HPOS="201" VPOS="1424" WIDTH="22"/>
						<String ID="P375_ST00296" HPOS="223" VPOS="1399" WIDTH="59" HEIGHT="24" CONTENT="that" WC="0.89" CC="0400"/>
						<SP ID="P375_SP00263" HPOS="282" VPOS="1424" WIDTH="21"/>
						<String ID="P375_ST00297" HPOS="303" VPOS="1399" WIDTH="45" HEIGHT="23" CONTENT="the" WC="1.00" CC="000"/>
						<SP ID="P375_SP00264" HPOS="348" VPOS="1424" WIDTH="22"/>
						<String ID="P375_ST00298" HPOS="370" VPOS="1398" WIDTH="59" HEIGHT="30" CONTENT="ship" WC="0.88" CC="0040"/>
						<SP ID="P375_SP00265" HPOS="429" VPOS="1428" WIDTH="13"/>
						<String ID="P375_ST00299" HPOS="442" VPOS="1396" WIDTH="88" HEIGHT="25" CONTENT="would" WC="0.76" CC="00227"/>
						<SP ID="P375_SP00266" HPOS="530" VPOS="1428" WIDTH="18"/>
						<String ID="P375_ST00300" HPOS="548" VPOS="1399" WIDTH="47" HEIGHT="20" CONTENT="not" WC="0.78" CC="600"/>
						<SP ID="P375_SP00267" HPOS="595" VPOS="1428" WIDTH="19"/>
						<String ID="P375_ST00301" HPOS="614" VPOS="1393" WIDTH="49" HEIGHT="25" CONTENT="sail" WC="0.92" CC="3000"/>
						<SP ID="P375_SP00268" HPOS="663" VPOS="1428" WIDTH="18"/>
						<String ID="P375_ST00302" HPOS="681" VPOS="1393" WIDTH="39" HEIGHT="24" CONTENT="for" WC="0.82" CC="013"/>
						<SP ID="P375_SP00269" HPOS="720" VPOS="1428" WIDTH="19"/>
						<String ID="P375_ST00303" HPOS="739" VPOS="1393" WIDTH="89" HEIGHT="28" CONTENT="hours," WC="0.98" CC="000000"/>
						<SP ID="P375_SP00270" HPOS="828" VPOS="1428" WIDTH="14"/>
						<String ID="P375_ST00304" HPOS="842" VPOS="1392" WIDTH="22" HEIGHT="23" CONTENT="if" WC="0.73" CC="50"/>
						<SP ID="P375_SP00271" HPOS="864" VPOS="1428" WIDTH="15"/>
						<String ID="P375_ST00305" HPOS="879" VPOS="1396" WIDTH="27" HEIGHT="19" CONTENT="at" WC="1.00" CC="00"/>
						<SP ID="P375_SP00272" HPOS="906" VPOS="1428" WIDTH="18"/>
						<String ID="P375_ST00306" HPOS="924" VPOS="1393" WIDTH="33" HEIGHT="23" CONTENT="all" WC="0.57" CC="453"/>
					</TextLine>
					<TextLine ID="P375_TL00034" HPOS="71" VPOS="1433" WIDTH="885" HEIGHT="40">
						<String ID="P375_ST00307" HPOS="71" VPOS="1442" WIDTH="57" HEIGHT="23" CONTENT="that" WC="1.00" CC="0000"/>
						<SP ID="P375_SP00273" HPOS="128" VPOS="1465" WIDTH="22"/>
						<String ID="P375_ST00308" HPOS="150" VPOS="1442" WIDTH="60" HEIGHT="31" CONTENT="day," WC="0.85" CC="0050"/>
						<SP ID="P375_SP00274" HPOS="210" VPOS="1473" WIDTH="20"/>
						<String ID="P375_ST00309" HPOS="230" VPOS="1440" WIDTH="52" HEIGHT="25" CONTENT="and" WC="0.81" CC="050"/>
						<SP ID="P375_SP00275" HPOS="282" VPOS="1473" WIDTH="20"/>
						<String ID="P375_ST00310" HPOS="302" VPOS="1439" WIDTH="110" HEIGHT="25" CONTENT="allowed" WC="0.89" CC="0220200"/>
						<SP ID="P375_SP00276" HPOS="412" VPOS="1473" WIDTH="21"/>
						<String ID="P375_ST00311" HPOS="433" VPOS="1443" WIDTH="27" HEIGHT="20" CONTENT="to" WC="0.91" CC="10"/>
						<SP ID="P375_SP00277" HPOS="460" VPOS="1473" WIDTH="23"/>
						<String ID="P375_ST00312" HPOS="483" VPOS="1444" WIDTH="164" HEIGHT="23" CONTENT="accompany" WC="0.77" CC="300002067"/>
						<SP ID="P375_SP00278" HPOS="647" VPOS="1473" WIDTH="21"/>
						<String ID="P375_ST00313" HPOS="668" VPOS="1435" WIDTH="72" HEIGHT="24" CONTENT="them" WC="1.00" CC="0000"/>
						<SP ID="P375_SP00279" HPOS="740" VPOS="1473" WIDTH="23"/>
						<String ID="P375_ST00314" HPOS="763" VPOS="1442" WIDTH="33" HEIGHT="16" CONTENT="on" WC="0.59" CC="26"/>
						<SP ID="P375_SP00280" HPOS="796" VPOS="1473" WIDTH="22"/>
						<String ID="P375_ST00315" HPOS="818" VPOS="1433" WIDTH="85" HEIGHT="29" CONTENT="shore," WC="0.93" CC="000300"/>
						<SP ID="P375_SP00281" HPOS="903" VPOS="1473" WIDTH="20"/>
						<String ID="P375_ST00316" HPOS="923" VPOS="1441" WIDTH="33" HEIGHT="18" CONTENT="on" WC="0.66" CC="06"/>
					</TextLine>
					<TextLine ID="P375_TL00035" HPOS="72" VPOS="1473" WIDTH="884" HEIGHT="38">
						<String ID="P375_ST00317" HPOS="72" VPOS="1482" WIDTH="134" HEIGHT="25" CONTENT="condition" WC="0.75" CC="006130505"/>
						<SP ID="P375_SP00282" HPOS="206" VPOS="1507" WIDTH="21"/>
						<String ID="P375_ST00318" HPOS="227" VPOS="1481" WIDTH="28" HEIGHT="24" CONTENT="of" WC="0.81" CC="03"/>
						<SP ID="P375_SP00283" HPOS="255" VPOS="1507" WIDTH="16"/>
						<String ID="P375_ST00319" HPOS="271" VPOS="1480" WIDTH="167" HEIGHT="31" CONTENT="undergoing" WC="0.61" CC="0760030658"/>
						<SP ID="P375_SP00284" HPOS="438" VPOS="1511" WIDTH="18"/>
						<String ID="P375_ST00320" HPOS="456" VPOS="1487" WIDTH="15" HEIGHT="17" CONTENT="a" WC="1.00" CC="0"/>
						<SP ID="P375_SP00285" HPOS="471" VPOS="1511" WIDTH="19"/>
						<String ID="P375_ST00321" HPOS="490" VPOS="1485" WIDTH="107" HEIGHT="25" CONTENT="process" WC="0.89" CC="1202000"/>
						<SP ID="P375_SP00286" HPOS="597" VPOS="1511" WIDTH="20"/>
						<String ID="P375_ST00322" HPOS="617" VPOS="1476" WIDTH="29" HEIGHT="24" CONTENT="of" WC="0.82" CC="30"/>
						<SP ID="P375_SP00287" HPOS="646" VPOS="1511" WIDTH="15"/>
						<String ID="P375_ST00323" HPOS="661" VPOS="1475" WIDTH="177" HEIGHT="29" CONTENT="disinfection," WC="0.82" CC="2400500001025"/>
						<SP ID="P375_SP00288" HPOS="838" VPOS="1511" WIDTH="20"/>
						<String ID="P375_ST00324" HPOS="858" VPOS="1473" WIDTH="98" HEIGHT="25" CONTENT="carried" WC="0.77" CC="0021522"/>
					</TextLine>
					<TextLine ID="P375_TL00036" HPOS="72" VPOS="1515" WIDTH="884" HEIGHT="33">
						<String ID="P375_ST00325" HPOS="72" VPOS="1523" WIDTH="40" HEIGHT="25" CONTENT="his" WC="0.46" CC="564"/>
						<SP ID="P375_SP00289" HPOS="112" VPOS="1548" WIDTH="21"/>
						<String ID="P375_ST00326" HPOS="133" VPOS="1523" WIDTH="66" HEIGHT="25" CONTENT="little" WC="0.75" CC="211540"/>
						<SP ID="P375_SP00290" HPOS="199" VPOS="1548" WIDTH="22"/>
						<String ID="P375_ST00327" HPOS="221" VPOS="1521" WIDTH="106" HEIGHT="26" CONTENT="brother" WC="0.85" CC="0101024"/>
						<SP ID="P375_SP00291" HPOS="327" VPOS="1548" WIDTH="21"/>
						<String ID="P375_ST00328" HPOS="348" VPOS="1529" WIDTH="28" HEIGHT="16" CONTENT="in" WC="0.47" CC="46"/>
						<SP ID="P375_SP00292" HPOS="376" VPOS="1548" WIDTH="21"/>
						<String ID="P375_ST00329" HPOS="397" VPOS="1520" WIDTH="45" HEIGHT="25" CONTENT="the" WC="0.93" CC="001"/>
						<SP ID="P375_SP00293" HPOS="442" VPOS="1548" WIDTH="20"/>
						<String ID="P375_ST00330" HPOS="462" VPOS="1527" WIDTH="73" HEIGHT="17" CONTENT="same" WC="0.82" CC="0060"/>
						<SP ID="P375_SP00294" HPOS="535" VPOS="1548" WIDTH="19"/>
						<String ID="P375_ST00331" HPOS="554" VPOS="1518" WIDTH="114" HEIGHT="24" CONTENT="fashion." WC="0.85" CC="03050020"/>
						<SP ID="P375_SP00295" HPOS="668" VPOS="1548" WIDTH="36"/>
						<String ID="P375_ST00332" HPOS="704" VPOS="1516" WIDTH="58" HEIGHT="25" CONTENT="The" WC="0.75" CC="402"/>
						<SP ID="P375_SP00296" HPOS="762" VPOS="1548" WIDTH="14"/>
						<String ID="P375_ST00333" HPOS="776" VPOS="1515" WIDTH="104" HEIGHT="33" CONTENT="parting" WC="0.58" CC="5056506"/>
						<SP ID="P375_SP00297" HPOS="880" VPOS="1548" WIDTH="13"/>
						<String ID="P375_ST00334" HPOS="893" VPOS="1515" WIDTH="63" HEIGHT="26" CONTENT="with" WC="0.29" CC="7847"/>
					</TextLine>
				</TextBlock>
			</PrintSpace>
		</Page>
	</Layout>
</alto>
