<?xml version="1.0" encoding="UTF-8"?>
<alto xmlns:xsi="http://www.w3.org/2001/XMLSchema-instance" xsi:noNamespaceSchemaLocation="http://www.bl.uk/schemas/alto/alto-1-4.xsd" xmlns:xlink="http://www.w3.org/1999/xlink">
	<Description>
		<MeasurementUnit>mm10</MeasurementUnit>
		<sourceImageInformation>
			<fileName>//head1/IN/2007-44/A0010858537.1/002185.jp2</fileName>
		</sourceImageInformation>
		<OCRProcessing ID="OCRPROCESSING_1">
			<preProcessingStep>
				<processingSoftware>
					<softwareCreator>CCS Content Conversion Specialists GmbH, Germany</softwareCreator>
					<softwareName>CCS docWORKS</softwareName>
					<softwareVersion>6.1-0.64</softwareVersion>
				</processingSoftware>
			</preProcessingStep>
			<ocrProcessingStep>
				<processingSoftware>
					<softwareCreator>ABBYY (BIT Software), Russia</softwareCreator>
					<softwareName>Finereader</softwareName>
				</processingSoftware>
			</ocrProcessingStep>
		</OCRProcessing>
	</Description>
	<Styles>
		<TextStyle ID="TXT_0" FONTSIZE="10" FONTFAMILY="Courier New"/>
		<TextStyle ID="TXT_1" FONTSIZE="9" FONTFAMILY="Courier New"/>
		<ParagraphStyle ID="PAR_CENTER" ALIGN="Center"/>
		<ParagraphStyle ID="PAR_RIGHT" ALIGN="Right"/>
		<ParagraphStyle ID="PAR_LEFT" ALIGN="Left"/>
	</Styles>
	<Layout>
		<Page ID="P69" PHYSICAL_IMG_NR="69" HEIGHT="1644" WIDTH="1061" PRINTED_IMG_NR="59" POSITION="Right" ACCURACY="80.66">
			<TopMargin ID="P69_TM00001" HPOS="0" VPOS="0" WIDTH="1060" HEIGHT="82">
				<TextBlock ID="P69_TB00001" HPOS="409" VPOS="55" WIDTH="203" HEIGHT="22" STYLEREFS="TXT_0 PAR_CENTER">
					<TextLine ID="P69_TL00001" HPOS="410" VPOS="55" WIDTH="202" HEIGHT="22">
						<String ID="P69_ST00001" HPOS="410" VPOS="55" WIDTH="23" HEIGHT="22" CONTENT="A" WC="0.60" CC="3"/>
						<SP ID="P69_SP00001" HPOS="433" VPOS="77" WIDTH="23"/>
						<String ID="P69_ST00002" HPOS="456" VPOS="55" WIDTH="156" HEIGHT="22" CONTENT="RESPITE." WC="0.54" CC="64566060"/>
					</TextLine>
				</TextBlock>
				<TextBlock ID="P69_TB00002" HPOS="918" VPOS="53" WIDTH="35" HEIGHT="27" STYLEREFS="TXT_0 PAR_RIGHT">
					<TextLine ID="P69_TL00002" HPOS="918" VPOS="53" WIDTH="35" HEIGHT="27">
						<String ID="P69_ST00003" HPOS="918" VPOS="53" WIDTH="35" HEIGHT="27" CONTENT="59" WC="1.00" CC="00"/>
					</TextLine>
				</TextBlock>
			</TopMargin>
			<LeftMargin ID="P69_LM00001" HPOS="0" VPOS="82" WIDTH="63" HEIGHT="1431"/>
			<RightMargin ID="P69_RM00001" HPOS="955" VPOS="82" WIDTH="105" HEIGHT="1431"/>
			<BottomMargin ID="P69_BM00001" HPOS="0" VPOS="1513" WIDTH="1060" HEIGHT="131"/>
			<PrintSpace ID="P69_PS00001" HPOS="63" VPOS="82" WIDTH="892" HEIGHT="1431">
				<TextBlock ID="P69_TB00003" HPOS="66" VPOS="117" WIDTH="889" HEIGHT="243" STYLEREFS="TXT_1 PAR_LEFT">
					<TextLine ID="P69_TL00003" HPOS="67" VPOS="118" WIDTH="888" HEIGHT="37">
						<String ID="P69_ST00004" HPOS="67" VPOS="123" WIDTH="95" HEIGHT="32" CONTENT="simply" WC="0.68" CC="502046"/>
						<SP ID="P69_SP00002" HPOS="162" VPOS="155" WIDTH="13"/>
						<String ID="P69_ST00005" HPOS="175" VPOS="123" WIDTH="272" HEIGHT="31" CONTENT="incomprehensible;" WC="0.69" CC="72076700504050005"/>
						<SP ID="P69_SP00003" HPOS="447" VPOS="155" WIDTH="21"/>
						<String ID="P69_ST00006" HPOS="468" VPOS="124" WIDTH="46" HEIGHT="24" CONTENT="but" WC="0.94" CC="010"/>
						<SP ID="P69_SP00004" HPOS="514" VPOS="155" WIDTH="14"/>
						<String ID="P69_ST00007" HPOS="528" VPOS="124" WIDTH="47" HEIGHT="24" CONTENT="she" WC="1.00" CC="000"/>
						<SP ID="P69_SP00005" HPOS="575" VPOS="155" WIDTH="14"/>
						<String ID="P69_ST00008" HPOS="589" VPOS="124" WIDTH="122" HEIGHT="30" CONTENT="thought," WC="0.84" CC="00462000"/>
						<SP ID="P69_SP00006" HPOS="711" VPOS="155" WIDTH="12"/>
						<String ID="P69_ST00009" HPOS="723" VPOS="123" WIDTH="26" HEIGHT="24" CONTENT="in" WC="0.89" CC="20"/>
						<SP ID="P69_SP00007" HPOS="749" VPOS="155" WIDTH="14"/>
						<String ID="P69_ST00010" HPOS="763" VPOS="123" WIDTH="46" HEIGHT="24" CONTENT="her" WC="0.97" CC="000"/>
						<SP ID="P69_SP00008" HPOS="809" VPOS="155" WIDTH="13"/>
						<String ID="P69_ST00011" HPOS="822" VPOS="118" WIDTH="133" HEIGHT="33" CONTENT="humility," WC="0.70" CC="373006060"/>
					</TextLine>
					<TextLine ID="P69_TL00004" HPOS="67" VPOS="164" WIDTH="884" HEIGHT="32">
						<String ID="P69_ST00012" HPOS="67" VPOS="165" WIDTH="56" HEIGHT="23" CONTENT="that" WC="1.00" CC="0000"/>
						<SP ID="P69_SP00009" HPOS="123" VPOS="188" WIDTH="13"/>
						<String ID="P69_ST00013" HPOS="136" VPOS="164" WIDTH="19" HEIGHT="24" CONTENT="it" WC="0.83" CC="30"/>
						<SP ID="P69_SP00010" HPOS="155" VPOS="188" WIDTH="13"/>
						<String ID="P69_ST00014" HPOS="168" VPOS="172" WIDTH="55" HEIGHT="16" CONTENT="was" WC="0.91" CC="011"/>
						<SP ID="P69_SP00011" HPOS="223" VPOS="188" WIDTH="13"/>
						<String ID="P69_ST00015" HPOS="236" VPOS="164" WIDTH="115" HEIGHT="24" CONTENT="because" WC="0.89" CC="1000500"/>
						<SP ID="P69_SP00012" HPOS="351" VPOS="188" WIDTH="22"/>
						<String ID="P69_ST00016" HPOS="373" VPOS="165" WIDTH="47" HEIGHT="23" CONTENT="she" WC="1.00" CC="000"/>
						<SP ID="P69_SP00013" HPOS="420" VPOS="188" WIDTH="14"/>
						<String ID="P69_ST00017" HPOS="434" VPOS="165" WIDTH="51" HEIGHT="23" CONTENT="had" WC="0.69" CC="630"/>
						<SP ID="P69_SP00014" HPOS="485" VPOS="188" WIDTH="15"/>
						<String ID="P69_ST00018" HPOS="500" VPOS="165" WIDTH="67" HEIGHT="23" CONTENT="done" WC="0.85" CC="0050"/>
						<SP ID="P69_SP00015" HPOS="567" VPOS="188" WIDTH="21"/>
						<String ID="P69_ST00019" HPOS="588" VPOS="172" WIDTH="90" HEIGHT="24" CONTENT="wrong" WC="0.90" CC="13000"/>
						<SP ID="P69_SP00016" HPOS="678" VPOS="196" WIDTH="15"/>
						<String ID="P69_ST00020" HPOS="693" VPOS="165" WIDTH="57" HEIGHT="23" CONTENT="that" WC="0.90" CC="2100"/>
						<SP ID="P69_SP00017" HPOS="750" VPOS="196" WIDTH="18"/>
						<String ID="P69_ST00021" HPOS="768" VPOS="164" WIDTH="20" HEIGHT="23" CONTENT="it" WC="0.68" CC="60"/>
						<SP ID="P69_SP00018" HPOS="788" VPOS="196" WIDTH="18"/>
						<String ID="P69_ST00022" HPOS="806" VPOS="165" WIDTH="105" HEIGHT="23" CONTENT="seemed" WC="0.88" CC="000016"/>
						<SP ID="P69_SP00019" HPOS="911" VPOS="196" WIDTH="14"/>
						<String ID="P69_ST00023" HPOS="925" VPOS="169" WIDTH="26" HEIGHT="19" CONTENT="to" WC="0.78" CC="40"/>
					</TextLine>
					<TextLine ID="P69_TL00005" HPOS="67" VPOS="204" WIDTH="884" HEIGHT="33">
						<String ID="P69_ST00024" HPOS="67" VPOS="205" WIDTH="45" HEIGHT="24" CONTENT="her" WC="0.94" CC="100"/>
						<SP ID="P69_SP00020" HPOS="112" VPOS="229" WIDTH="13"/>
						<String ID="P69_ST00025" HPOS="125" VPOS="214" WIDTH="28" HEIGHT="16" CONTENT="so" WC="0.99" CC="00"/>
						<SP ID="P69_SP00021" HPOS="153" VPOS="230" WIDTH="14"/>
						<String ID="P69_ST00026" HPOS="167" VPOS="214" WIDTH="63" HEIGHT="23" CONTENT="easy" WC="0.87" CC="0004"/>
						<SP ID="P69_SP00022" HPOS="230" VPOS="237" WIDTH="12"/>
						<String ID="P69_ST00027" HPOS="242" VPOS="209" WIDTH="28" HEIGHT="20" CONTENT="to" WC="0.88" CC="02"/>
						<SP ID="P69_SP00023" HPOS="270" VPOS="237" WIDTH="11"/>
						<String ID="P69_ST00028" HPOS="281" VPOS="204" WIDTH="109" HEIGHT="33" CONTENT="forgive." WC="0.83" CC="40132100"/>
						<SP ID="P69_SP00024" HPOS="390" VPOS="237" WIDTH="40"/>
						<String ID="P69_ST00029" HPOS="430" VPOS="205" WIDTH="84" HEIGHT="25" CONTENT="Sarah" WC="0.88" CC="00005"/>
						<SP ID="P69_SP00025" HPOS="514" VPOS="237" WIDTH="14"/>
						<String ID="P69_ST00030" HPOS="528" VPOS="214" WIDTH="55" HEIGHT="16" CONTENT="was" WC="0.96" CC="010"/>
						<SP ID="P69_SP00026" HPOS="583" VPOS="237" WIDTH="13"/>
						<String ID="P69_ST00031" HPOS="596" VPOS="214" WIDTH="60" HEIGHT="16" CONTENT="now" WC="0.69" CC="350"/>
						<SP ID="P69_SP00027" HPOS="656" VPOS="237" WIDTH="12"/>
						<String ID="P69_ST00032" HPOS="668" VPOS="204" WIDTH="116" HEIGHT="32" CONTENT="walking" WC="0.72" CC="0013516"/>
						<SP ID="P69_SP00028" HPOS="784" VPOS="237" WIDTH="14"/>
						<String ID="P69_ST00033" HPOS="798" VPOS="204" WIDTH="39" HEIGHT="24" CONTENT="far" WC="0.83" CC="050"/>
						<SP ID="P69_SP00029" HPOS="837" VPOS="237" WIDTH="12"/>
						<String ID="P69_ST00034" HPOS="849" VPOS="205" WIDTH="102" HEIGHT="31" CONTENT="beyond" WC="0.76" CC="006080"/>
					</TextLine>
					<TextLine ID="P69_TL00006" HPOS="67" VPOS="246" WIDTH="884" HEIGHT="32">
						<String ID="P69_ST00035" HPOS="67" VPOS="247" WIDTH="46" HEIGHT="24" CONTENT="her" WC="1.00" CC="000"/>
						<SP ID="P69_SP00030" HPOS="113" VPOS="271" WIDTH="12"/>
						<String ID="P69_ST00036" HPOS="125" VPOS="246" WIDTH="183" HEIGHT="32" CONTENT="companion's" WC="0.84" CC="00030070430"/>
						<SP ID="P69_SP00031" HPOS="308" VPOS="278" WIDTH="13"/>
						<String ID="P69_ST00037" HPOS="321" VPOS="255" WIDTH="73" HEIGHT="23" CONTENT="pace," WC="1.00" CC="00000"/>
						<SP ID="P69_SP00032" HPOS="394" VPOS="278" WIDTH="22"/>
						<String ID="P69_ST00038" HPOS="416" VPOS="247" WIDTH="58" HEIGHT="24" CONTENT="who" WC="1.00" CC="000"/>
						<SP ID="P69_SP00033" HPOS="474" VPOS="278" WIDTH="22"/>
						<String ID="P69_ST00039" HPOS="496" VPOS="247" WIDTH="52" HEIGHT="23" CONTENT="had" WC="0.91" CC="010"/>
						<SP ID="P69_SP00034" HPOS="548" VPOS="278" WIDTH="15"/>
						<String ID="P69_ST00040" HPOS="563" VPOS="246" WIDTH="94" HEIGHT="32" CONTENT="signed" WC="0.78" CC="060700"/>
						<SP ID="P69_SP00035" HPOS="657" VPOS="278" WIDTH="21"/>
						<String ID="P69_ST00041" HPOS="678" VPOS="246" WIDTH="38" HEIGHT="24" CONTENT="for" WC="0.97" CC="000"/>
						<SP ID="P69_SP00036" HPOS="716" VPOS="278" WIDTH="20"/>
						<String ID="P69_ST00042" HPOS="736" VPOS="246" WIDTH="47" HEIGHT="24" CONTENT="her" WC="0.82" CC="500"/>
						<SP ID="P69_SP00037" HPOS="783" VPOS="278" WIDTH="12"/>
						<String ID="P69_ST00043" HPOS="795" VPOS="246" WIDTH="115" HEIGHT="31" CONTENT="carriage" WC="0.71" CC="00204364"/>
						<SP ID="P69_SP00038" HPOS="910" VPOS="278" WIDTH="14"/>
						<String ID="P69_ST00044" HPOS="924" VPOS="250" WIDTH="27" HEIGHT="20" CONTENT="to" WC="0.76" CC="04"/>
					</TextLine>
					<TextLine ID="P69_TL00007" HPOS="68" VPOS="287" WIDTH="882" HEIGHT="33">
						<String ID="P69_ST00045" HPOS="68" VPOS="287" WIDTH="85" HEIGHT="26" CONTENT="follow" WC="0.73" CC="502024"/>
						<SP ID="P69_SP00039" HPOS="153" VPOS="313" WIDTH="12"/>
						<String ID="P69_ST00046" HPOS="165" VPOS="288" WIDTH="54" HEIGHT="30" CONTENT="her," WC="1.00" CC="0000"/>
						<SP ID="P69_SP00040" HPOS="219" VPOS="318" WIDTH="15"/>
						<String ID="P69_ST00047" HPOS="234" VPOS="297" WIDTH="29" HEIGHT="15" CONTENT="as" WC="0.72" CC="22"/>
						<SP ID="P69_SP00041" HPOS="263" VPOS="318" WIDTH="20"/>
						<String ID="P69_ST00048" HPOS="283" VPOS="288" WIDTH="46" HEIGHT="24" CONTENT="she" WC="1.00" CC="000"/>
						<SP ID="P69_SP00042" HPOS="329" VPOS="318" WIDTH="23"/>
						<String ID="P69_ST00049" HPOS="352" VPOS="289" WIDTH="97" HEIGHT="31" CONTENT="passed" WC="0.86" CC="003004"/>
						<SP ID="P69_SP00043" HPOS="449" VPOS="320" WIDTH="19"/>
						<String ID="P69_ST00050" HPOS="468" VPOS="297" WIDTH="15" HEIGHT="15" CONTENT="a" WC="0.78" CC="2"/>
						<SP ID="P69_SP00044" HPOS="483" VPOS="320" WIDTH="18"/>
						<String ID="P69_ST00051" HPOS="501" VPOS="288" WIDTH="65" HEIGHT="24" CONTENT="little" WC="0.82" CC="040040"/>
						<SP ID="P69_SP00045" HPOS="566" VPOS="320" WIDTH="20"/>
						<String ID="P69_ST00052" HPOS="586" VPOS="297" WIDTH="59" HEIGHT="23" CONTENT="way" WC="0.78" CC="042"/>
						<SP ID="P69_SP00046" HPOS="645" VPOS="320" WIDTH="12"/>
						<String ID="P69_ST00053" HPOS="657" VPOS="296" WIDTH="35" HEIGHT="23" CONTENT="up" WC="0.96" CC="00"/>
						<SP ID="P69_SP00047" HPOS="692" VPOS="320" WIDTH="13"/>
						<String ID="P69_ST00054" HPOS="705" VPOS="287" WIDTH="45" HEIGHT="25" CONTENT="the" WC="0.82" CC="050"/>
						<SP ID="P69_SP00048" HPOS="750" VPOS="320" WIDTH="15"/>
						<String ID="P69_ST00055" HPOS="765" VPOS="287" WIDTH="62" HEIGHT="25" CONTENT="road" WC="0.87" CC="0103"/>
						<SP ID="P69_SP00049" HPOS="827" VPOS="320" WIDTH="12"/>
						<String ID="P69_ST00056" HPOS="839" VPOS="287" WIDTH="58" HEIGHT="24" CONTENT="that" WC="1.00" CC="0000"/>
						<SP ID="P69_SP00050" HPOS="897" VPOS="320" WIDTH="13"/>
						<String ID="P69_ST00057" HPOS="910" VPOS="287" WIDTH="40" HEIGHT="24" CONTENT="led" WC="0.54" CC="066"/>
					</TextLine>
					<TextLine ID="P69_TL00008" HPOS="67" VPOS="329" WIDTH="646" HEIGHT="31">
						<String ID="P69_ST00058" HPOS="67" VPOS="330" WIDTH="113" HEIGHT="30" CONTENT="through" WC="0.77" CC="0540041"/>
						<SP ID="P69_SP00051" HPOS="180" VPOS="360" WIDTH="12"/>
						<String ID="P69_ST00059" HPOS="192" VPOS="330" WIDTH="45" HEIGHT="23" CONTENT="the" WC="0.81" CC="050"/>
						<SP ID="P69_SP00052" HPOS="237" VPOS="360" WIDTH="14"/>
						<String ID="P69_ST00060" HPOS="251" VPOS="330" WIDTH="103" HEIGHT="30" CONTENT="village," WC="0.88" CC="01000700"/>
						<SP ID="P69_SP00053" HPOS="354" VPOS="360" WIDTH="15"/>
						<String ID="P69_ST00061" HPOS="369" VPOS="330" WIDTH="33" HEIGHT="30" CONTENT="by" WC="0.80" CC="12"/>
						<SP ID="P69_SP00054" HPOS="402" VPOS="360" WIDTH="16"/>
						<String ID="P69_ST00062" HPOS="418" VPOS="330" WIDTH="64" HEIGHT="23" CONTENT="Mrs." WC="1.00" CC="0000"/>
						<SP ID="P69_SP00055" HPOS="482" VPOS="360" WIDTH="11"/>
						<String ID="P69_ST00063" HPOS="493" VPOS="329" WIDTH="145" HEIGHT="31" CONTENT="Wiggett's" WC="0.73" CC="035506030"/>
						<SP ID="P69_SP00056" HPOS="638" VPOS="360" WIDTH="12"/>
						<String ID="P69_ST00064" HPOS="650" VPOS="329" WIDTH="63" HEIGHT="24" CONTENT="side." WC="0.88" CC="04100"/>
					</TextLine>
				</TextBlock>
				<TextBlock ID="P69_TB00004" HPOS="67" VPOS="369" WIDTH="882" HEIGHT="73" STYLEREFS="TXT_1 PAR_LEFT">
					<TextLine ID="P69_TL00009" HPOS="103" VPOS="370" WIDTH="846" HEIGHT="33">
						<String ID="P69_ST00065" HPOS="103" VPOS="374" WIDTH="14" HEIGHT="12" CONTENT='"' WC="0.58" CC="4"/>
						<SP ID="P69_SP00057" HPOS="117" VPOS="386" WIDTH="14"/>
						<String ID="P69_ST00066" HPOS="131" VPOS="371" WIDTH="26" HEIGHT="24" CONTENT="Is" WC="1.00" CC="00"/>
						<SP ID="P69_SP00058" HPOS="157" VPOS="395" WIDTH="14"/>
						<String ID="P69_ST00067" HPOS="171" VPOS="371" WIDTH="76" HEIGHT="32" CONTENT="Mary" WC="0.87" CC="0004"/>
						<SP ID="P69_SP00059" HPOS="247" VPOS="403" WIDTH="14"/>
						<String ID="P69_ST00068" HPOS="261" VPOS="371" WIDTH="90" HEIGHT="24" CONTENT="Potter" WC="0.70" CC="620404"/>
						<SP ID="P69_SP00060" HPOS="351" VPOS="403" WIDTH="11"/>
						<String ID="P69_ST00069" HPOS="362" VPOS="371" WIDTH="84" HEIGHT="32" CONTENT="living" WC="0.77" CC="040530"/>
						<SP ID="P69_SP00061" HPOS="446" VPOS="403" WIDTH="11"/>
						<String ID="P69_ST00070" HPOS="457" VPOS="371" WIDTH="64" HEIGHT="25" CONTENT="with" WC="0.70" CC="0505"/>
						<SP ID="P69_SP00062" HPOS="521" VPOS="403" WIDTH="13"/>
						<String ID="P69_ST00071" HPOS="534" VPOS="379" WIDTH="51" HEIGHT="24" CONTENT="you" WC="0.72" CC="205"/>
						<SP ID="P69_SP00063" HPOS="585" VPOS="403" WIDTH="12"/>
						<String ID="P69_ST00072" HPOS="597" VPOS="370" WIDTH="9" HEIGHT="25" CONTENT="?" WC="1.00" CC="0"/>
						<SP ID="P69_SP00064" HPOS="606" VPOS="403" WIDTH="13"/>
						<String ID="P69_ST00073" HPOS="619" VPOS="372" WIDTH="13" HEIGHT="9" CONTENT='"' WC="0.72" CC="2"/>
						<SP ID="P69_SP00065" HPOS="632" VPOS="403" WIDTH="25"/>
						<String ID="P69_ST00074" HPOS="657" VPOS="370" WIDTH="46" HEIGHT="25" CONTENT="she" WC="0.99" CC="000"/>
						<SP ID="P69_SP00066" HPOS="703" VPOS="403" WIDTH="13"/>
						<String ID="P69_ST00075" HPOS="716" VPOS="370" WIDTH="63" HEIGHT="24" CONTENT="took" WC="1.00" CC="0000"/>
						<SP ID="P69_SP00067" HPOS="779" VPOS="403" WIDTH="19"/>
						<String ID="P69_ST00076" HPOS="798" VPOS="378" WIDTH="112" HEIGHT="24" CONTENT="courage" WC="0.97" CC="0000100"/>
						<SP ID="P69_SP00068" HPOS="910" VPOS="403" WIDTH="14"/>
						<String ID="P69_ST00077" HPOS="924" VPOS="375" WIDTH="25" HEIGHT="19" CONTENT="at" WC="0.73" CC="50"/>
					</TextLine>
					<TextLine ID="P69_TL00010" HPOS="68" VPOS="412" WIDTH="199" HEIGHT="30">
						<String ID="P69_ST00078" HPOS="68" VPOS="412" WIDTH="90" HEIGHT="30" CONTENT="length" WC="0.86" CC="005300"/>
						<SP ID="P69_SP00069" HPOS="158" VPOS="442" WIDTH="12"/>
						<String ID="P69_ST00079" HPOS="170" VPOS="414" WIDTH="27" HEIGHT="22" CONTENT="to" WC="1.00" CC="00"/>
						<SP ID="P69_SP00070" HPOS="197" VPOS="442" WIDTH="14"/>
						<String ID="P69_ST00080" HPOS="211" VPOS="413" WIDTH="56" HEIGHT="23" CONTENT="ask." WC="1.00" CC="0000"/>
					</TextLine>
				</TextBlock>
				<TextBlock ID="P69_TB00005" HPOS="69" VPOS="451" WIDTH="883" HEIGHT="73" STYLEREFS="TXT_1 PAR_LEFT">
					<TextLine ID="P69_TL00011" HPOS="102" VPOS="452" WIDTH="850" HEIGHT="33">
						<String ID="P69_ST00081" HPOS="102" VPOS="457" WIDTH="15" HEIGHT="10" CONTENT='"' WC="0.42" CC="5"/>
						<SP ID="P69_SP00071" HPOS="117" VPOS="467" WIDTH="10"/>
						<String ID="P69_ST00082" HPOS="127" VPOS="453" WIDTH="81" HEIGHT="30" CONTENT='Yes,"' WC="1.00" CC="00000"/>
						<SP ID="P69_SP00072" HPOS="208" VPOS="483" WIDTH="14"/>
						<String ID="P69_ST00083" HPOS="222" VPOS="462" WIDTH="54" HEIGHT="15" CONTENT="was" WC="0.97" CC="000"/>
						<SP ID="P69_SP00073" HPOS="276" VPOS="483" WIDTH="14"/>
						<String ID="P69_ST00084" HPOS="290" VPOS="453" WIDTH="44" HEIGHT="24" CONTENT="the" WC="0.97" CC="000"/>
						<SP ID="P69_SP00074" HPOS="334" VPOS="483" WIDTH="14"/>
						<String ID="P69_ST00085" HPOS="348" VPOS="453" WIDTH="159" HEIGHT="32" CONTENT="ungracious" WC="0.76" CC="0430005331"/>
						<SP ID="P69_SP00075" HPOS="507" VPOS="485" WIDTH="14"/>
						<String ID="P69_ST00086" HPOS="521" VPOS="461" WIDTH="110" HEIGHT="21" CONTENT="answer," WC="0.89" CC="0700000"/>
						<SP ID="P69_SP00076" HPOS="631" VPOS="485" WIDTH="15"/>
						<String ID="P69_ST00087" HPOS="646" VPOS="452" WIDTH="78" HEIGHT="33" CONTENT="given" WC="0.63" CC="36008"/>
						<SP ID="P69_SP00077" HPOS="724" VPOS="485" WIDTH="14"/>
						<String ID="P69_ST00088" HPOS="738" VPOS="452" WIDTH="62" HEIGHT="25" CONTENT="with" WC="0.88" CC="0400"/>
						<SP ID="P69_SP00078" HPOS="800" VPOS="485" WIDTH="15"/>
						<String ID="P69_ST00089" HPOS="815" VPOS="460" WIDTH="15" HEIGHT="16" CONTENT="a" WC="1.00" CC="0"/>
						<SP ID="P69_SP00079" HPOS="830" VPOS="485" WIDTH="19"/>
						<String ID="P69_ST00090" HPOS="849" VPOS="452" WIDTH="61" HEIGHT="24" CONTENT="look" WC="0.95" CC="1000"/>
						<SP ID="P69_SP00080" HPOS="910" VPOS="485" WIDTH="15"/>
						<String ID="P69_ST00091" HPOS="925" VPOS="452" WIDTH="27" HEIGHT="24" CONTENT="of" WC="0.80" CC="40"/>
					</TextLine>
					<TextLine ID="P69_TL00012" HPOS="70" VPOS="494" WIDTH="233" HEIGHT="30">
						<String ID="P69_ST00092" HPOS="70" VPOS="494" WIDTH="74" HEIGHT="25" CONTENT="fierce" WC="0.71" CC="550500"/>
						<SP ID="P69_SP00081" HPOS="144" VPOS="519" WIDTH="15"/>
						<String ID="P69_ST00093" HPOS="159" VPOS="498" WIDTH="144" HEIGHT="26" CONTENT="contempt." WC="0.93" CC="003002000"/>
					</TextLine>
				</TextBlock>
				<TextBlock ID="P69_TB00006" HPOS="102" VPOS="534" WIDTH="705" HEIGHT="32" STYLEREFS="TXT_1 PAR_LEFT">
					<TextLine ID="P69_TL00013" HPOS="103" VPOS="535" WIDTH="704" HEIGHT="31">
						<String ID="P69_ST00094" HPOS="103" VPOS="539" WIDTH="16" HEIGHT="11" CONTENT='"' WC="0.56" CC="4"/>
						<SP ID="P69_SP00082" HPOS="119" VPOS="550" WIDTH="11"/>
						<String ID="P69_ST00095" HPOS="130" VPOS="536" WIDTH="98" HEIGHT="25" CONTENT="Would" WC="0.87" CC="00240"/>
						<SP ID="P69_SP00083" HPOS="228" VPOS="561" WIDTH="14"/>
						<String ID="P69_ST00096" HPOS="242" VPOS="544" WIDTH="51" HEIGHT="22" CONTENT="you" WC="0.95" CC="001"/>
						<SP ID="P69_SP00084" HPOS="293" VPOS="566" WIDTH="14"/>
						<String ID="P69_ST00097" HPOS="307" VPOS="536" WIDTH="59" HEIGHT="24" CONTENT="take" WC="0.95" CC="0100"/>
						<SP ID="P69_SP00085" HPOS="366" VPOS="566" WIDTH="14"/>
						<String ID="P69_ST00098" HPOS="380" VPOS="544" WIDTH="15" HEIGHT="15" CONTENT="a" WC="1.00" CC="0"/>
						<SP ID="P69_SP00086" HPOS="395" VPOS="566" WIDTH="13"/>
						<String ID="P69_ST00099" HPOS="408" VPOS="544" WIDTH="122" HEIGHT="22" CONTENT="message" WC="0.90" CC="0000410"/>
						<SP ID="P69_SP00087" HPOS="530" VPOS="566" WIDTH="14"/>
						<String ID="P69_ST00100" HPOS="544" VPOS="540" WIDTH="27" HEIGHT="19" CONTENT="to" WC="1.00" CC="00"/>
						<SP ID="P69_SP00088" HPOS="571" VPOS="566" WIDTH="13"/>
						<String ID="P69_ST00101" HPOS="584" VPOS="535" WIDTH="47" HEIGHT="24" CONTENT="her" WC="1.00" CC="000"/>
						<SP ID="P69_SP00089" HPOS="631" VPOS="566" WIDTH="12"/>
						<String ID="P69_ST00102" HPOS="643" VPOS="535" WIDTH="66" HEIGHT="24" CONTENT="from" WC="0.90" CC="3000"/>
						<SP ID="P69_SP00090" HPOS="709" VPOS="566" WIDTH="13"/>
						<String ID="P69_ST00103" HPOS="722" VPOS="544" WIDTH="43" HEIGHT="16" CONTENT="me" WC="0.59" CC="80"/>
						<SP ID="P69_SP00091" HPOS="765" VPOS="566" WIDTH="11"/>
						<String ID="P69_ST00104" HPOS="776" VPOS="535" WIDTH="9" HEIGHT="24" CONTENT="?" WC="1.00" CC="0"/>
						<SP ID="P69_SP00092" HPOS="785" VPOS="566" WIDTH="11"/>
						<String ID="P69_ST00105" HPOS="796" VPOS="536" WIDTH="11" HEIGHT="10" CONTENT='"' WC="0.60" CC="3"/>
					</TextLine>
				</TextBlock>
				<TextBlock ID="P69_TB00007" HPOS="69" VPOS="576" WIDTH="879" HEIGHT="73" STYLEREFS="TXT_1 PAR_LEFT">
					<TextLine ID="P69_TL00014" HPOS="103" VPOS="577" WIDTH="845" HEIGHT="31">
						<String ID="P69_ST00106" HPOS="103" VPOS="580" WIDTH="16" HEIGHT="11" CONTENT='"' WC="0.56" CC="4"/>
						<SP ID="P69_SP00093" HPOS="119" VPOS="591" WIDTH="13"/>
						<String ID="P69_ST00107" HPOS="132" VPOS="578" WIDTH="38" HEIGHT="23" CONTENT="I'd" WC="1.00" CC="000"/>
						<SP ID="P69_SP00094" HPOS="170" VPOS="601" WIDTH="27"/>
						<String ID="P69_ST00108" HPOS="197" VPOS="578" WIDTH="88" HEIGHT="23" CONTENT="rather" WC="0.93" CC="000004"/>
						<SP ID="P69_SP00095" HPOS="285" VPOS="601" WIDTH="19"/>
						<String ID="P69_ST00109" HPOS="304" VPOS="578" WIDTH="72" HEIGHT="29" CONTENT='not,"' WC="0.83" CC="40003"/>
						<SP ID="P69_SP00096" HPOS="376" VPOS="607" WIDTH="22"/>
						<String ID="P69_ST00110" HPOS="398" VPOS="578" WIDTH="47" HEIGHT="23" CONTENT="she" WC="0.74" CC="250"/>
						<SP ID="P69_SP00097" HPOS="445" VPOS="607" WIDTH="23"/>
						<String ID="P69_ST00111" HPOS="468" VPOS="577" WIDTH="105" HEIGHT="31" CONTENT="replied." WC="0.81" CC="04028000"/>
						<SP ID="P69_SP00098" HPOS="573" VPOS="608" WIDTH="47"/>
						<String ID="P69_ST00112" HPOS="620" VPOS="579" WIDTH="15" HEIGHT="11" CONTENT='"' WC="0.78" CC="2"/>
						<SP ID="P69_SP00099" HPOS="635" VPOS="608" WIDTH="13"/>
						<String ID="P69_ST00113" HPOS="648" VPOS="577" WIDTH="76" HEIGHT="31" CONTENT="Mary" WC="0.86" CC="0005"/>
						<SP ID="P69_SP00100" HPOS="724" VPOS="608" WIDTH="23"/>
						<String ID="P69_ST00114" HPOS="747" VPOS="577" WIDTH="90" HEIGHT="25" CONTENT="Potter" WC="0.80" CC="005006"/>
						<SP ID="P69_SP00101" HPOS="837" VPOS="608" WIDTH="19"/>
						<String ID="P69_ST00115" HPOS="856" VPOS="578" WIDTH="92" HEIGHT="24" CONTENT="knows" WC="0.57" CC="56305"/>
					</TextLine>
					<TextLine ID="P69_TL00015" HPOS="70" VPOS="618" WIDTH="522" HEIGHT="31">
						<String ID="P69_ST00116" HPOS="70" VPOS="618" WIDTH="83" HEIGHT="25" CONTENT="where" WC="0.63" CC="76040"/>
						<SP ID="P69_SP00102" HPOS="153" VPOS="643" WIDTH="14"/>
						<String ID="P69_ST00117" HPOS="167" VPOS="627" WIDTH="52" HEIGHT="22" CONTENT="you" WC="0.72" CC="080"/>
						<SP ID="P69_SP00103" HPOS="219" VPOS="649" WIDTH="14"/>
						<String ID="P69_ST00118" HPOS="233" VPOS="627" WIDTH="52" HEIGHT="21" CONTENT="are," WC="1.00" CC="0000"/>
						<SP ID="P69_SP00104" HPOS="285" VPOS="649" WIDTH="15"/>
						<String ID="P69_ST00119" HPOS="300" VPOS="619" WIDTH="52" HEIGHT="23" CONTENT="and" WC="0.80" CC="050"/>
						<SP ID="P69_SP00105" HPOS="352" VPOS="649" WIDTH="12"/>
						<String ID="P69_ST00120" HPOS="364" VPOS="618" WIDTH="82" HEIGHT="24" CONTENT="that's" WC="0.89" CC="020002"/>
						<SP ID="P69_SP00106" HPOS="446" VPOS="649" WIDTH="13"/>
						<String ID="P69_ST00121" HPOS="459" VPOS="618" WIDTH="133" HEIGHT="30" CONTENT='enough."' WC="0.72" CC="05018005"/>
					</TextLine>
				</TextBlock>
				<TextBlock ID="P69_TB00008" HPOS="67" VPOS="657" WIDTH="885" HEIGHT="484" STYLEREFS="TXT_1 PAR_LEFT">
					<TextLine ID="P69_TL00016" HPOS="103" VPOS="658" WIDTH="847" HEIGHT="34">
						<String ID="P69_ST00122" HPOS="103" VPOS="659" WIDTH="85" HEIGHT="25" CONTENT="There" WC="0.80" CC="40140"/>
						<SP ID="P69_SP00107" HPOS="188" VPOS="684" WIDTH="13"/>
						<String ID="P69_ST00123" HPOS="201" VPOS="668" WIDTH="56" HEIGHT="16" CONTENT="was" WC="0.89" CC="030"/>
						<SP ID="P69_SP00108" HPOS="257" VPOS="684" WIDTH="19"/>
						<String ID="P69_ST00124" HPOS="276" VPOS="659" WIDTH="112" HEIGHT="31" CONTENT="nothing" WC="0.72" CC="6300540"/>
						<SP ID="P69_SP00109" HPOS="388" VPOS="690" WIDTH="19"/>
						<String ID="P69_ST00125" HPOS="407" VPOS="667" WIDTH="72" HEIGHT="16" CONTENT="more" WC="0.89" CC="0300"/>
						<SP ID="P69_SP00110" HPOS="479" VPOS="690" WIDTH="20"/>
						<String ID="P69_ST00126" HPOS="499" VPOS="663" WIDTH="26" HEIGHT="20" CONTENT="to" WC="0.68" CC="06"/>
						<SP ID="P69_SP00111" HPOS="525" VPOS="690" WIDTH="13"/>
						<String ID="P69_ST00127" HPOS="538" VPOS="659" WIDTH="31" HEIGHT="23" CONTENT="be" WC="0.47" CC="27"/>
						<SP ID="P69_SP00112" HPOS="569" VPOS="690" WIDTH="22"/>
						<String ID="P69_ST00128" HPOS="591" VPOS="658" WIDTH="65" HEIGHT="30" CONTENT="said," WC="0.75" CC="02540"/>
						<SP ID="P69_SP00113" HPOS="656" VPOS="690" WIDTH="15"/>
						<String ID="P69_ST00129" HPOS="671" VPOS="659" WIDTH="51" HEIGHT="24" CONTENT="and" WC="0.57" CC="164"/>
						<SP ID="P69_SP00114" HPOS="722" VPOS="690" WIDTH="13"/>
						<String ID="P69_ST00130" HPOS="735" VPOS="660" WIDTH="62" HEIGHT="24" CONTENT="thus" WC="0.97" CC="0000"/>
						<SP ID="P69_SP00115" HPOS="797" VPOS="690" WIDTH="23"/>
						<String ID="P69_ST00131" HPOS="820" VPOS="662" WIDTH="130" HEIGHT="30" CONTENT="repulsed," WC="0.93" CC="000000006"/>
					</TextLine>
					<TextLine ID="P69_TL00017" HPOS="71" VPOS="700" WIDTH="879" HEIGHT="31">
						<String ID="P69_ST00132" HPOS="71" VPOS="701" WIDTH="64" HEIGHT="23" CONTENT="Mrs." WC="0.85" CC="3020"/>
						<SP ID="P69_SP00116" HPOS="135" VPOS="724" WIDTH="14"/>
						<String ID="P69_ST00133" HPOS="149" VPOS="701" WIDTH="79" HEIGHT="25" CONTENT="West" WC="1.00" CC="0000"/>
						<SP ID="P69_SP00117" HPOS="228" VPOS="726" WIDTH="14"/>
						<String ID="P69_ST00134" HPOS="242" VPOS="700" WIDTH="42" HEIGHT="24" CONTENT="fell" WC="0.69" CC="5015"/>
						<SP ID="P69_SP00118" HPOS="284" VPOS="726" WIDTH="13"/>
						<String ID="P69_ST00135" HPOS="297" VPOS="701" WIDTH="66" HEIGHT="23" CONTENT="back" WC="0.81" CC="0402"/>
						<SP ID="P69_SP00119" HPOS="363" VPOS="726" WIDTH="14"/>
						<String ID="P69_ST00136" HPOS="377" VPOS="708" WIDTH="69" HEIGHT="23" CONTENT="upon" WC="0.71" CC="0703"/>
						<SP ID="P69_SP00120" HPOS="446" VPOS="731" WIDTH="11"/>
						<String ID="P69_ST00137" HPOS="457" VPOS="700" WIDTH="47" HEIGHT="23" CONTENT="her" WC="0.77" CC="600"/>
						<SP ID="P69_SP00121" HPOS="504" VPOS="731" WIDTH="13"/>
						<String ID="P69_ST00138" HPOS="517" VPOS="700" WIDTH="124" HEIGHT="31" CONTENT="carriage." WC="0.68" CC="066171400"/>
						<SP ID="P69_SP00122" HPOS="641" VPOS="731" WIDTH="39"/>
						<String ID="P69_ST00139" HPOS="680" VPOS="701" WIDTH="56" HEIGHT="22" CONTENT="Her" WC="0.92" CC="002"/>
						<SP ID="P69_SP00123" HPOS="736" VPOS="731" WIDTH="12"/>
						<String ID="P69_ST00140" HPOS="748" VPOS="701" WIDTH="82" HEIGHT="24" CONTENT="feeble" WC="0.89" CC="050000"/>
						<SP ID="P69_SP00124" HPOS="830" VPOS="731" WIDTH="13"/>
						<String ID="P69_ST00141" HPOS="843" VPOS="702" WIDTH="73" HEIGHT="25" CONTENT="effort" WC="1.00" CC="000000"/>
						<SP ID="P69_SP00125" HPOS="916" VPOS="731" WIDTH="9"/>
						<String ID="P69_ST00142" HPOS="925" VPOS="707" WIDTH="25" HEIGHT="21" CONTENT="to" WC="0.90" CC="01"/>
					</TextLine>
					<TextLine ID="P69_TL00018" HPOS="71" VPOS="741" WIDTH="880" HEIGHT="29">
						<String ID="P69_ST00143" HPOS="71" VPOS="746" WIDTH="71" HEIGHT="21" CONTENT="avert" WC="0.72" CC="80050"/>
						<SP ID="P69_SP00126" HPOS="142" VPOS="767" WIDTH="13"/>
						<String ID="P69_ST00144" HPOS="155" VPOS="743" WIDTH="44" HEIGHT="23" CONTENT="the" WC="1.00" CC="000"/>
						<SP ID="P69_SP00127" HPOS="199" VPOS="767" WIDTH="15"/>
						<String ID="P69_ST00145" HPOS="214" VPOS="742" WIDTH="140" HEIGHT="24" CONTENT="inevitable" WC="0.71" CC="4600503520"/>
						<SP ID="P69_SP00128" HPOS="354" VPOS="767" WIDTH="18"/>
						<String ID="P69_ST00146" HPOS="372" VPOS="742" WIDTH="51" HEIGHT="23" CONTENT="had" WC="0.86" CC="201"/>
						<SP ID="P69_SP00129" HPOS="423" VPOS="767" WIDTH="21"/>
						<String ID="P69_ST00147" HPOS="444" VPOS="741" WIDTH="78" HEIGHT="24" CONTENT="failed" WC="0.52" CC="024677"/>
						<String ID="P69_ST00148" HPOS="523" VPOS="756" WIDTH="33" HEIGHT="3" CONTENT="—" WC="0.20" CC="8"/>
						<String ID="P69_ST00149" HPOS="558" VPOS="741" WIDTH="47" HEIGHT="24" CONTENT="she" WC="0.93" CC="020"/>
						<SP ID="P69_SP00130" HPOS="605" VPOS="767" WIDTH="21"/>
						<String ID="P69_ST00150" HPOS="626" VPOS="741" WIDTH="85" HEIGHT="25" CONTENT="would" WC="0.69" CC="30127"/>
						<SP ID="P69_SP00131" HPOS="711" VPOS="767" WIDTH="16"/>
						<String ID="P69_ST00151" HPOS="727" VPOS="742" WIDTH="75" HEIGHT="24" CONTENT="make" WC="1.00" CC="0000"/>
						<SP ID="P69_SP00132" HPOS="802" VPOS="767" WIDTH="20"/>
						<String ID="P69_ST00152" HPOS="822" VPOS="751" WIDTH="34" HEIGHT="16" CONTENT="no" WC="0.52" CC="81"/>
						<SP ID="P69_SP00133" HPOS="856" VPOS="767" WIDTH="13"/>
						<String ID="P69_ST00153" HPOS="869" VPOS="745" WIDTH="82" HEIGHT="25" CONTENT="other." WC="0.96" CC="000001"/>
					</TextLine>
					<TextLine ID="P69_TL00019" HPOS="71" VPOS="783" WIDTH="880" HEIGHT="28">
						<String ID="P69_ST00154" HPOS="71" VPOS="784" WIDTH="89" HEIGHT="23" CONTENT="When" WC="0.72" CC="6004"/>
						<SP ID="P69_SP00134" HPOS="160" VPOS="807" WIDTH="10"/>
						<String ID="P69_ST00155" HPOS="170" VPOS="783" WIDTH="46" HEIGHT="23" CONTENT="she" WC="0.86" CC="130"/>
						<SP ID="P69_SP00135" HPOS="216" VPOS="807" WIDTH="11"/>
						<String ID="P69_ST00156" HPOS="227" VPOS="783" WIDTH="111" HEIGHT="23" CONTENT="reached" WC="0.88" CC="0010600"/>
						<SP ID="P69_SP00136" HPOS="338" VPOS="807" WIDTH="9"/>
						<String ID="P69_ST00157" HPOS="347" VPOS="783" WIDTH="87" HEIGHT="28" CONTENT="home," WC="0.94" CC="30000"/>
						<SP ID="P69_SP00137" HPOS="434" VPOS="811" WIDTH="11"/>
						<String ID="P69_ST00158" HPOS="445" VPOS="783" WIDTH="46" HEIGHT="23" CONTENT="she" WC="0.91" CC="002"/>
						<SP ID="P69_SP00138" HPOS="491" VPOS="811" WIDTH="11"/>
						<String ID="P69_ST00159" HPOS="502" VPOS="783" WIDTH="51" HEIGHT="23" CONTENT="had" WC="0.90" CC="002"/>
						<SP ID="P69_SP00139" HPOS="553" VPOS="811" WIDTH="13"/>
						<String ID="P69_ST00160" HPOS="566" VPOS="783" WIDTH="51" HEIGHT="23" CONTENT="still" WC="0.69" CC="00715"/>
						<SP ID="P69_SP00140" HPOS="617" VPOS="811" WIDTH="10"/>
						<String ID="P69_ST00161" HPOS="627" VPOS="790" WIDTH="72" HEIGHT="16" CONTENT="some" WC="0.99" CC="0000"/>
						<SP ID="P69_SP00141" HPOS="699" VPOS="811" WIDTH="9"/>
						<String ID="P69_ST00162" HPOS="708" VPOS="783" WIDTH="63" HEIGHT="23" CONTENT="time" WC="0.77" CC="0404"/>
						<SP ID="P69_SP00142" HPOS="771" VPOS="811" WIDTH="10"/>
						<String ID="P69_ST00163" HPOS="781" VPOS="787" WIDTH="26" HEIGHT="20" CONTENT="to" WC="0.80" CC="03"/>
						<SP ID="P69_SP00143" HPOS="807" VPOS="811" WIDTH="10"/>
						<String ID="P69_ST00164" HPOS="817" VPOS="784" WIDTH="61" HEIGHT="24" CONTENT="wait" WC="0.77" CC="0530"/>
						<SP ID="P69_SP00144" HPOS="878" VPOS="811" WIDTH="10"/>
						<String ID="P69_ST00165" HPOS="888" VPOS="785" WIDTH="63" HEIGHT="24" CONTENT="until" WC="0.75" CC="00750"/>
					</TextLine>
					<TextLine ID="P69_TL00020" HPOS="74" VPOS="822" WIDTH="878" HEIGHT="34">
						<String ID="P69_ST00166" HPOS="74" VPOS="824" WIDTH="96" HEIGHT="24" CONTENT="Esther" WC="0.88" CC="600000"/>
						<SP ID="P69_SP00145" HPOS="170" VPOS="848" WIDTH="12"/>
						<String ID="P69_ST00167" HPOS="182" VPOS="823" WIDTH="110" HEIGHT="25" CONTENT="arrived." WC="0.73" CC="00360604"/>
						<SP ID="P69_SP00146" HPOS="292" VPOS="848" WIDTH="27"/>
						<String ID="P69_ST00168" HPOS="319" VPOS="823" WIDTH="75" HEIGHT="25" CONTENT="With" WC="0.85" CC="0600"/>
						<SP ID="P69_SP00147" HPOS="394" VPOS="848" WIDTH="13"/>
						<String ID="P69_ST00169" HPOS="407" VPOS="823" WIDTH="47" HEIGHT="24" CONTENT="her" WC="0.74" CC="403"/>
						<SP ID="P69_SP00148" HPOS="454" VPOS="848" WIDTH="13"/>
						<String ID="P69_ST00170" HPOS="467" VPOS="822" WIDTH="119" HEIGHT="25" CONTENT="ineffable" WC="0.69" CC="370770100"/>
						<SP ID="P69_SP00149" HPOS="586" VPOS="848" WIDTH="12"/>
						<String ID="P69_ST00171" HPOS="598" VPOS="822" WIDTH="133" HEIGHT="25" CONTENT="freshness" WC="0.88" CC="400005000"/>
						<SP ID="P69_SP00150" HPOS="731" VPOS="848" WIDTH="12"/>
						<String ID="P69_ST00172" HPOS="743" VPOS="825" WIDTH="50" HEIGHT="23" CONTENT="and" WC="0.53" CC="660"/>
						<SP ID="P69_SP00151" HPOS="793" VPOS="848" WIDTH="10"/>
						<String ID="P69_ST00173" HPOS="803" VPOS="824" WIDTH="149" HEIGHT="32" CONTENT="brightness" WC="0.77" CC="0551044000"/>
					</TextLine>
					<TextLine ID="P69_TL00021" HPOS="73" VPOS="863" WIDTH="879" HEIGHT="32">
						<String ID="P69_ST00174" HPOS="73" VPOS="865" WIDTH="45" HEIGHT="24" CONTENT="she" WC="0.38" CC="836"/>
						<SP ID="P69_SP00152" HPOS="118" VPOS="889" WIDTH="14"/>
						<String ID="P69_ST00175" HPOS="132" VPOS="865" WIDTH="73" HEIGHT="24" CONTENT="burst" WC="0.85" CC="01400"/>
						<SP ID="P69_SP00153" HPOS="205" VPOS="889" WIDTH="14"/>
						<String ID="P69_ST00176" HPOS="219" VPOS="865" WIDTH="26" HEIGHT="24" CONTENT="in" WC="0.70" CC="14"/>
						<SP ID="P69_SP00154" HPOS="245" VPOS="889" WIDTH="13"/>
						<String ID="P69_ST00177" HPOS="258" VPOS="872" WIDTH="71" HEIGHT="23" CONTENT="upon" WC="0.70" CC="0343"/>
						<SP ID="P69_SP00155" HPOS="329" VPOS="895" WIDTH="17"/>
						<String ID="P69_ST00178" HPOS="346" VPOS="864" WIDTH="45" HEIGHT="24" CONTENT="the" WC="1.00" CC="000"/>
						<SP ID="P69_SP00156" HPOS="391" VPOS="895" WIDTH="13"/>
						<String ID="P69_ST00179" HPOS="404" VPOS="872" WIDTH="95" HEIGHT="23" CONTENT="weary," WC="0.86" CC="000080"/>
						<SP ID="P69_SP00157" HPOS="499" VPOS="895" WIDTH="16"/>
						<String ID="P69_ST00180" HPOS="515" VPOS="863" WIDTH="91" HEIGHT="32" CONTENT="fading" WC="0.84" CC="030401"/>
						<SP ID="P69_SP00158" HPOS="606" VPOS="895" WIDTH="12"/>
						<String ID="P69_ST00181" HPOS="618" VPOS="872" WIDTH="104" HEIGHT="17" CONTENT="woman" WC="0.87" CC="00006"/>
						<SP ID="P69_SP00159" HPOS="722" VPOS="895" WIDTH="15"/>
						<String ID="P69_ST00182" HPOS="737" VPOS="864" WIDTH="50" HEIGHT="25" CONTENT="like" WC="0.84" CC="0600"/>
						<SP ID="P69_SP00160" HPOS="787" VPOS="895" WIDTH="12"/>
						<String ID="P69_ST00183" HPOS="799" VPOS="873" WIDTH="16" HEIGHT="16" CONTENT="a" WC="0.86" CC="1"/>
						<SP ID="P69_SP00161" HPOS="815" VPOS="895" WIDTH="12"/>
						<String ID="P69_ST00184" HPOS="827" VPOS="866" WIDTH="89" HEIGHT="25" CONTENT="breath" WC="0.92" CC="010003"/>
						<SP ID="P69_SP00162" HPOS="916" VPOS="895" WIDTH="11"/>
						<String ID="P69_ST00185" HPOS="927" VPOS="867" WIDTH="25" HEIGHT="24" CONTENT="of" WC="0.39" CC="47"/>
					</TextLine>
					<TextLine ID="P69_TL00022" HPOS="71" VPOS="905" WIDTH="881" HEIGHT="34">
						<String ID="P69_ST00186" HPOS="71" VPOS="905" WIDTH="99" HEIGHT="32" CONTENT="spring." WC="0.64" CC="4505350"/>
						<SP ID="P69_SP00163" HPOS="170" VPOS="937" WIDTH="39"/>
						<String ID="P69_ST00187" HPOS="209" VPOS="905" WIDTH="87" HEIGHT="32" CONTENT="Every" WC="0.64" CC="22084"/>
						<SP ID="P69_SP00164" HPOS="296" VPOS="937" WIDTH="18"/>
						<String ID="P69_ST00188" HPOS="314" VPOS="905" WIDTH="66" HEIGHT="24" CONTENT="little" WC="0.72" CC="370050"/>
						<SP ID="P69_SP00165" HPOS="380" VPOS="937" WIDTH="19"/>
						<String ID="P69_ST00189" HPOS="399" VPOS="905" WIDTH="122" HEIGHT="24" CONTENT="out-door" WC="0.94" CC="02100000"/>
						<SP ID="P69_SP00166" HPOS="521" VPOS="937" WIDTH="23"/>
						<String ID="P69_ST00190" HPOS="544" VPOS="905" WIDTH="115" HEIGHT="23" CONTENT="incident" WC="0.67" CC="56045040"/>
						<SP ID="P69_SP00167" HPOS="659" VPOS="937" WIDTH="19"/>
						<String ID="P69_ST00191" HPOS="678" VPOS="913" WIDTH="55" HEIGHT="16" CONTENT="was" WC="0.89" CC="300"/>
						<SP ID="P69_SP00168" HPOS="733" VPOS="937" WIDTH="22"/>
						<String ID="P69_ST00192" HPOS="755" VPOS="907" WIDTH="150" HEIGHT="32" CONTENT="something" WC="0.90" CC="030000401"/>
						<SP ID="P69_SP00169" HPOS="905" VPOS="939" WIDTH="20"/>
						<String ID="P69_ST00193" HPOS="925" VPOS="913" WIDTH="27" HEIGHT="20" CONTENT="to" WC="1.00" CC="00"/>
					</TextLine>
					<TextLine ID="P69_TL00023" HPOS="71" VPOS="946" WIDTH="881" HEIGHT="36">
						<String ID="P69_ST00194" HPOS="71" VPOS="947" WIDTH="75" HEIGHT="30" CONTENT="bring" WC="0.38" CC="87742"/>
						<SP ID="P69_SP00170" HPOS="146" VPOS="977" WIDTH="17"/>
						<String ID="P69_ST00195" HPOS="163" VPOS="950" WIDTH="27" HEIGHT="21" CONTENT="to" WC="1.00" CC="00"/>
						<SP ID="P69_SP00171" HPOS="190" VPOS="977" WIDTH="13"/>
						<String ID="P69_ST00196" HPOS="203" VPOS="947" WIDTH="46" HEIGHT="24" CONTENT="her" WC="1.00" CC="000"/>
						<SP ID="P69_SP00172" HPOS="249" VPOS="977" WIDTH="13"/>
						<String ID="P69_ST00197" HPOS="262" VPOS="946" WIDTH="110" HEIGHT="25" CONTENT="mother." WC="0.85" CC="4050010"/>
						<SP ID="P69_SP00173" HPOS="372" VPOS="977" WIDTH="38"/>
						<String ID="P69_ST00198" HPOS="410" VPOS="946" WIDTH="97" HEIGHT="24" CONTENT="Esther" WC="0.94" CC="000300"/>
						<SP ID="P69_SP00174" HPOS="507" VPOS="977" WIDTH="12"/>
						<String ID="P69_ST00199" HPOS="519" VPOS="946" WIDTH="50" HEIGHT="24" CONTENT="had" WC="0.55" CC="607"/>
						<SP ID="P69_SP00175" HPOS="569" VPOS="977" WIDTH="20"/>
						<String ID="P69_ST00200" HPOS="589" VPOS="946" WIDTH="53" HEIGHT="24" CONTENT="told" WC="0.87" CC="0500"/>
						<SP ID="P69_SP00176" HPOS="642" VPOS="977" WIDTH="19"/>
						<String ID="P69_ST00201" HPOS="661" VPOS="946" WIDTH="46" HEIGHT="24" CONTENT="her" WC="0.98" CC="000"/>
						<SP ID="P69_SP00177" HPOS="707" VPOS="977" WIDTH="20"/>
						<String ID="P69_ST00202" HPOS="727" VPOS="946" WIDTH="32" HEIGHT="25" CONTENT="all" WC="0.62" CC="360"/>
						<SP ID="P69_SP00178" HPOS="759" VPOS="977" WIDTH="20"/>
						<String ID="P69_ST00203" HPOS="779" VPOS="947" WIDTH="79" HEIGHT="24" CONTENT="about" WC="0.80" CC="16002"/>
						<SP ID="P69_SP00179" HPOS="858" VPOS="977" WIDTH="21"/>
						<String ID="P69_ST00204" HPOS="879" VPOS="949" WIDTH="73" HEIGHT="33" CONTENT="Polly" WC="0.83" CC="00007"/>
					</TextLine>
					<TextLine ID="P69_TL00024" HPOS="70" VPOS="987" WIDTH="881" HEIGHT="32">
						<String ID="P69_ST00205" HPOS="70" VPOS="988" WIDTH="90" HEIGHT="24" CONTENT="Potter" WC="0.77" CC="500403"/>
						<SP ID="P69_SP00180" HPOS="160" VPOS="1012" WIDTH="8"/>
						<String ID="P69_ST00206" HPOS="168" VPOS="988" WIDTH="26" HEIGHT="23" CONTENT="in" WC="0.41" CC="74"/>
						<SP ID="P69_SP00181" HPOS="194" VPOS="1012" WIDTH="11"/>
						<String ID="P69_ST00207" HPOS="205" VPOS="988" WIDTH="44" HEIGHT="23" CONTENT="the" WC="0.85" CC="004"/>
						<SP ID="P69_SP00182" HPOS="249" VPOS="1012" WIDTH="11"/>
						<String ID="P69_ST00208" HPOS="260" VPOS="988" WIDTH="107" HEIGHT="31" CONTENT="garden," WC="0.91" CC="3020000"/>
						<SP ID="P69_SP00183" HPOS="367" VPOS="1019" WIDTH="12"/>
						<String ID="P69_ST00209" HPOS="379" VPOS="988" WIDTH="51" HEIGHT="23" CONTENT="and" WC="0.91" CC="010"/>
						<SP ID="P69_SP00184" HPOS="430" VPOS="1019" WIDTH="11"/>
						<String ID="P69_ST00210" HPOS="441" VPOS="995" WIDTH="60" HEIGHT="16" CONTENT="now" WC="0.64" CC="720"/>
						<SP ID="P69_SP00185" HPOS="501" VPOS="1019" WIDTH="13"/>
						<String ID="P69_ST00211" HPOS="514" VPOS="988" WIDTH="46" HEIGHT="23" CONTENT="she" WC="0.79" CC="060"/>
						<SP ID="P69_SP00186" HPOS="560" VPOS="1019" WIDTH="14"/>
						<String ID="P69_ST00212" HPOS="574" VPOS="988" WIDTH="53" HEIGHT="23" CONTENT="told" WC="0.97" CC="1000"/>
						<SP ID="P69_SP00187" HPOS="627" VPOS="1019" WIDTH="13"/>
						<String ID="P69_ST00213" HPOS="640" VPOS="987" WIDTH="47" HEIGHT="23" CONTENT="her" WC="0.64" CC="604"/>
						<SP ID="P69_SP00188" HPOS="687" VPOS="1019" WIDTH="12"/>
						<String ID="P69_ST00214" HPOS="699" VPOS="988" WIDTH="59" HEIGHT="24" CONTENT="how" WC="0.75" CC="034"/>
						<SP ID="P69_SP00189" HPOS="758" VPOS="1019" WIDTH="10"/>
						<String ID="P69_ST00215" HPOS="768" VPOS="988" WIDTH="46" HEIGHT="24" CONTENT="she" WC="0.90" CC="020"/>
						<SP ID="P69_SP00190" HPOS="814" VPOS="1019" WIDTH="10"/>
						<String ID="P69_ST00216" HPOS="824" VPOS="989" WIDTH="52" HEIGHT="25" CONTENT="had" WC="0.72" CC="530"/>
						<SP ID="P69_SP00191" HPOS="876" VPOS="1019" WIDTH="11"/>
						<String ID="P69_ST00217" HPOS="887" VPOS="990" WIDTH="64" HEIGHT="25" CONTENT="been" WC="0.71" CC="1045"/>
					</TextLine>
					<TextLine ID="P69_TL00025" HPOS="69" VPOS="1028" WIDTH="881" HEIGHT="32">
						<String ID="P69_ST00218" HPOS="69" VPOS="1028" WIDTH="106" HEIGHT="32" CONTENT="pointed" WC="0.75" CC="6550000"/>
						<SP ID="P69_SP00192" HPOS="175" VPOS="1060" WIDTH="18"/>
						<String ID="P69_ST00219" HPOS="193" VPOS="1032" WIDTH="45" HEIGHT="20" CONTENT="out" WC="1.00" CC="000"/>
						<SP ID="P69_SP00193" HPOS="238" VPOS="1060" WIDTH="14"/>
						<String ID="P69_ST00220" HPOS="252" VPOS="1028" WIDTH="34" HEIGHT="32" CONTENT="by" WC="0.78" CC="40"/>
						<SP ID="P69_SP00194" HPOS="286" VPOS="1060" WIDTH="11"/>
						<String ID="P69_ST00221" HPOS="297" VPOS="1028" WIDTH="44" HEIGHT="24" CONTENT="the" WC="0.89" CC="030"/>
						<SP ID="P69_SP00195" HPOS="341" VPOS="1060" WIDTH="14"/>
						<String ID="P69_ST00222" HPOS="355" VPOS="1028" WIDTH="65" HEIGHT="24" CONTENT="little" WC="0.87" CC="220020"/>
						<SP ID="P69_SP00196" HPOS="420" VPOS="1060" WIDTH="14"/>
						<String ID="P69_ST00223" HPOS="434" VPOS="1028" WIDTH="76" HEIGHT="32" CONTENT="thing" WC="0.55" CC="03558"/>
						<SP ID="P69_SP00197" HPOS="510" VPOS="1060" WIDTH="19"/>
						<String ID="P69_ST00224" HPOS="529" VPOS="1032" WIDTH="27" HEIGHT="20" CONTENT="to" WC="0.97" CC="00"/>
						<SP ID="P69_SP00198" HPOS="556" VPOS="1060" WIDTH="13"/>
						<String ID="P69_ST00225" HPOS="569" VPOS="1028" WIDTH="46" HEIGHT="24" CONTENT="her" WC="0.82" CC="202"/>
						<SP ID="P69_SP00199" HPOS="615" VPOS="1060" WIDTH="13"/>
						<String ID="P69_ST00226" HPOS="628" VPOS="1028" WIDTH="110" HEIGHT="30" CONTENT="mother," WC="0.94" CC="2010000"/>
						<SP ID="P69_SP00200" HPOS="738" VPOS="1060" WIDTH="15"/>
						<String ID="P69_ST00227" HPOS="753" VPOS="1030" WIDTH="51" HEIGHT="24" CONTENT="and" WC="1.00" CC="000"/>
						<SP ID="P69_SP00201" HPOS="804" VPOS="1060" WIDTH="13"/>
						<String ID="P69_ST00228" HPOS="817" VPOS="1030" WIDTH="60" HEIGHT="25" CONTENT="how" WC="0.95" CC="100"/>
						<SP ID="P69_SP00202" HPOS="877" VPOS="1060" WIDTH="12"/>
						<String ID="P69_ST00229" HPOS="889" VPOS="1032" WIDTH="61" HEIGHT="24" CONTENT="both" WC="0.82" CC="0007"/>
					</TextLine>
					<TextLine ID="P69_TL00026" HPOS="69" VPOS="1069" WIDTH="880" HEIGHT="35">
						<String ID="P69_ST00230" HPOS="69" VPOS="1070" WIDTH="50" HEIGHT="23" CONTENT="had" WC="0.66" CC="360"/>
						<SP ID="P69_SP00203" HPOS="119" VPOS="1093" WIDTH="9"/>
						<String ID="P69_ST00231" HPOS="128" VPOS="1069" WIDTH="173" HEIGHT="31" CONTENT="disappeared" WC="0.94" CC="32000000000"/>
						<SP ID="P69_SP00204" HPOS="301" VPOS="1100" WIDTH="9"/>
						<String ID="P69_ST00232" HPOS="310" VPOS="1073" WIDTH="26" HEIGHT="20" CONTENT="at" WC="0.89" CC="02"/>
						<SP ID="P69_SP00205" HPOS="336" VPOS="1100" WIDTH="10"/>
						<String ID="P69_ST00233" HPOS="346" VPOS="1069" WIDTH="44" HEIGHT="24" CONTENT="the" WC="1.00" CC="000"/>
						<SP ID="P69_SP00206" HPOS="390" VPOS="1100" WIDTH="11"/>
						<String ID="P69_ST00234" HPOS="401" VPOS="1069" WIDTH="70" HEIGHT="24" CONTENT="close" WC="0.97" CC="01000"/>
						<SP ID="P69_SP00207" HPOS="471" VPOS="1100" WIDTH="10"/>
						<String ID="P69_ST00235" HPOS="481" VPOS="1069" WIDTH="29" HEIGHT="24" CONTENT="of" WC="0.93" CC="01"/>
						<SP ID="P69_SP00208" HPOS="510" VPOS="1100" WIDTH="9"/>
						<String ID="P69_ST00236" HPOS="519" VPOS="1069" WIDTH="44" HEIGHT="24" CONTENT="the" WC="0.66" CC="550"/>
						<SP ID="P69_SP00209" HPOS="563" VPOS="1100" WIDTH="13"/>
						<String ID="P69_ST00237" HPOS="576" VPOS="1069" WIDTH="98" HEIGHT="24" CONTENT="service" WC="0.99" CC="0000000"/>
						<String ID="P69_ST00238" HPOS="677" VPOS="1084" WIDTH="33" HEIGHT="3" CONTENT="—" WC="0.20" CC="8"/>
						<String ID="P69_ST00239" HPOS="712" VPOS="1070" WIDTH="97" HEIGHT="24" CONTENT="Esther" WC="0.94" CC="012000"/>
						<SP ID="P69_SP00210" HPOS="809" VPOS="1100" WIDTH="10"/>
						<String ID="P69_ST00240" HPOS="819" VPOS="1074" WIDTH="130" HEIGHT="30" CONTENT="supposed" WC="0.92" CC="00000006"/>
					</TextLine>
					<TextLine ID="P69_TL00027" HPOS="68" VPOS="1109" WIDTH="854" HEIGHT="32">
						<String ID="P69_ST00241" HPOS="68" VPOS="1111" WIDTH="54" HEIGHT="24" CONTENT="into" WC="0.84" CC="5010"/>
						<SP ID="P69_SP00211" HPOS="122" VPOS="1135" WIDTH="15"/>
						<String ID="P69_ST00242" HPOS="137" VPOS="1119" WIDTH="49" HEIGHT="16" CONTENT="one" WC="0.90" CC="020"/>
						<SP ID="P69_SP00212" HPOS="186" VPOS="1135" WIDTH="20"/>
						<String ID="P69_ST00243" HPOS="206" VPOS="1109" WIDTH="29" HEIGHT="25" CONTENT="of" WC="0.88" CC="20"/>
						<SP ID="P69_SP00213" HPOS="235" VPOS="1135" WIDTH="14"/>
						<String ID="P69_ST00244" HPOS="249" VPOS="1110" WIDTH="44" HEIGHT="24" CONTENT="the" WC="0.98" CC="000"/>
						<SP ID="P69_SP00214" HPOS="293" VPOS="1135" WIDTH="15"/>
						<String ID="P69_ST00245" HPOS="308" VPOS="1114" WIDTH="120" HEIGHT="27" CONTENT="cottages" WC="0.70" CC="03744300"/>
						<SP ID="P69_SP00215" HPOS="428" VPOS="1141" WIDTH="12"/>
						<String ID="P69_ST00246" HPOS="440" VPOS="1109" WIDTH="87" HEIGHT="25" CONTENT="which" WC="0.84" CC="01600"/>
						<SP ID="P69_SP00216" HPOS="527" VPOS="1141" WIDTH="14"/>
						<String ID="P69_ST00247" HPOS="541" VPOS="1110" WIDTH="75" HEIGHT="24" CONTENT="stood" WC="1.00" CC="00000"/>
						<SP ID="P69_SP00217" HPOS="616" VPOS="1141" WIDTH="14"/>
						<String ID="P69_ST00248" HPOS="630" VPOS="1110" WIDTH="70" HEIGHT="24" CONTENT="close" WC="0.76" CC="06050"/>
						<SP ID="P69_SP00218" HPOS="700" VPOS="1141" WIDTH="13"/>
						<String ID="P69_ST00249" HPOS="713" VPOS="1111" WIDTH="34" HEIGHT="30" CONTENT="by" WC="0.72" CC="31"/>
						<SP ID="P69_SP00219" HPOS="747" VPOS="1141" WIDTH="12"/>
						<String ID="P69_ST00250" HPOS="759" VPOS="1111" WIDTH="44" HEIGHT="25" CONTENT="the" WC="1.00" CC="000"/>
						<SP ID="P69_SP00220" HPOS="803" VPOS="1141" WIDTH="13"/>
						<String ID="P69_ST00251" HPOS="816" VPOS="1112" WIDTH="106" HEIGHT="25" CONTENT="church." WC="0.90" CC="0006000"/>
					</TextLine>
				</TextBlock>
				<TextBlock ID="P69_TB00009" HPOS="63" VPOS="1149" WIDTH="886" HEIGHT="364" STYLEREFS="TXT_1 PAR_LEFT">
					<TextLine ID="P69_TL00028" HPOS="101" VPOS="1150" WIDTH="848" HEIGHT="30">
						<String ID="P69_ST00252" HPOS="101" VPOS="1152" WIDTH="22" HEIGHT="24" CONTENT="A" WC="0.38" CC="6"/>
						<SP ID="P69_SP00221" HPOS="123" VPOS="1176" WIDTH="15"/>
						<String ID="P69_ST00253" HPOS="138" VPOS="1160" WIDTH="76" HEIGHT="16" CONTENT="sense" WC="0.90" CC="00031"/>
						<SP ID="P69_SP00222" HPOS="214" VPOS="1176" WIDTH="15"/>
						<String ID="P69_ST00254" HPOS="229" VPOS="1151" WIDTH="29" HEIGHT="25" CONTENT="of" WC="1.00" CC="00"/>
						<SP ID="P69_SP00223" HPOS="258" VPOS="1176" WIDTH="15"/>
						<String ID="P69_ST00255" HPOS="273" VPOS="1150" WIDTH="101" HEIGHT="26" CONTENT="infinite" WC="0.70" CC="40007740"/>
						<SP ID="P69_SP00224" HPOS="374" VPOS="1176" WIDTH="22"/>
						<String ID="P69_ST00256" HPOS="396" VPOS="1152" WIDTH="74" HEIGHT="24" CONTENT="relief" WC="0.79" CC="004700"/>
						<SP ID="P69_SP00225" HPOS="470" VPOS="1176" WIDTH="17"/>
						<String ID="P69_ST00257" HPOS="487" VPOS="1160" WIDTH="74" HEIGHT="16" CONTENT="came" WC="0.79" CC="0160"/>
						<SP ID="P69_SP00226" HPOS="561" VPOS="1176" WIDTH="13"/>
						<String ID="P69_ST00258" HPOS="574" VPOS="1155" WIDTH="27" HEIGHT="21" CONTENT="to" WC="1.00" CC="00"/>
						<SP ID="P69_SP00227" HPOS="601" VPOS="1176" WIDTH="24"/>
						<String ID="P69_ST00259" HPOS="625" VPOS="1152" WIDTH="64" HEIGHT="24" CONTENT="Mrs." WC="0.97" CC="0100"/>
						<SP ID="P69_SP00228" HPOS="689" VPOS="1176" WIDTH="14"/>
						<String ID="P69_ST00260" HPOS="703" VPOS="1153" WIDTH="79" HEIGHT="24" CONTENT="West" WC="0.90" CC="0004"/>
						<SP ID="P69_SP00229" HPOS="782" VPOS="1177" WIDTH="20"/>
						<String ID="P69_ST00261" HPOS="802" VPOS="1162" WIDTH="30" HEIGHT="16" CONTENT="as" WC="0.99" CC="00"/>
						<SP ID="P69_SP00230" HPOS="832" VPOS="1178" WIDTH="21"/>
						<String ID="P69_ST00262" HPOS="853" VPOS="1154" WIDTH="96" HEIGHT="26" CONTENT="Esther" WC="0.78" CC="402004"/>
					</TextLine>
					<TextLine ID="P69_TL00029" HPOS="67" VPOS="1192" WIDTH="882" HEIGHT="33">
						<String ID="P69_ST00263" HPOS="67" VPOS="1193" WIDTH="144" HEIGHT="32" CONTENT="proceeded" WC="0.77" CC="703700001"/>
						<String ID="P69_ST00264" HPOS="213" VPOS="1208" WIDTH="34" HEIGHT="2" CONTENT="—" WC="0.20" CC="8"/>
						<String ID="P69_ST00265" HPOS="248" VPOS="1201" WIDTH="16" HEIGHT="16" CONTENT="a" WC="0.84" CC="1"/>
						<SP ID="P69_SP00231" HPOS="264" VPOS="1225" WIDTH="13"/>
						<String ID="P69_ST00266" HPOS="277" VPOS="1201" WIDTH="78" HEIGHT="16" CONTENT="sense" WC="0.77" CC="03430"/>
						<SP ID="P69_SP00232" HPOS="355" VPOS="1225" WIDTH="10"/>
						<String ID="P69_ST00267" HPOS="365" VPOS="1192" WIDTH="30" HEIGHT="25" CONTENT="of" WC="0.91" CC="10"/>
						<SP ID="P69_SP00233" HPOS="395" VPOS="1225" WIDTH="9"/>
						<String ID="P69_ST00268" HPOS="404" VPOS="1193" WIDTH="66" HEIGHT="31" CONTENT="deep" WC="0.89" CC="4000"/>
						<SP ID="P69_SP00234" HPOS="470" VPOS="1225" WIDTH="14"/>
						<String ID="P69_ST00269" HPOS="484" VPOS="1192" WIDTH="131" HEIGHT="32" CONTENT="gratitude" WC="0.72" CC="835060000"/>
						<SP ID="P69_SP00235" HPOS="615" VPOS="1225" WIDTH="14"/>
						<String ID="P69_ST00270" HPOS="629" VPOS="1193" WIDTH="52" HEIGHT="24" CONTENT="and" WC="0.70" CC="070"/>
						<SP ID="P69_SP00236" HPOS="681" VPOS="1225" WIDTH="13"/>
						<String ID="P69_ST00271" HPOS="694" VPOS="1193" WIDTH="186" HEIGHT="27" CONTENT="thankfulness" WC="0.81" CC="001710334000"/>
						<SP ID="P69_SP00237" HPOS="880" VPOS="1225" WIDTH="13"/>
						<String ID="P69_ST00272" HPOS="893" VPOS="1197" WIDTH="56" HEIGHT="24" CONTENT="that" WC="0.75" CC="0072"/>
					</TextLine>
					<TextLine ID="P69_TL00030" HPOS="67" VPOS="1234" WIDTH="882" HEIGHT="31">
						<String ID="P69_ST00273" HPOS="67" VPOS="1236" WIDTH="46" HEIGHT="23" CONTENT="she" WC="0.95" CC="010"/>
						<String ID="P69_ST00274" HPOS="115" VPOS="1250" WIDTH="33" HEIGHT="3" CONTENT="—" WC="0.20" CC="8"/>
						<String ID="P69_ST00275" HPOS="148" VPOS="1235" WIDTH="58" HEIGHT="24" CONTENT="that" WC="1.00" CC="0000"/>
						<SP ID="P69_SP00238" HPOS="206" VPOS="1259" WIDTH="14"/>
						<String ID="P69_ST00276" HPOS="220" VPOS="1234" WIDTH="98" HEIGHT="25" CONTENT="Esther" WC="0.83" CC="200402"/>
						<String ID="P69_ST00277" HPOS="318" VPOS="1249" WIDTH="33" HEIGHT="3" CONTENT="—" WC="0.20" CC="8"/>
						<String ID="P69_ST00278" HPOS="353" VPOS="1234" WIDTH="52" HEIGHT="24" CONTENT="had" WC="0.98" CC="000"/>
						<SP ID="P69_SP00239" HPOS="405" VPOS="1259" WIDTH="18"/>
						<String ID="P69_ST00279" HPOS="423" VPOS="1234" WIDTH="66" HEIGHT="25" CONTENT="been" WC="0.77" CC="4004"/>
						<SP ID="P69_SP00240" HPOS="489" VPOS="1259" WIDTH="19"/>
						<String ID="P69_ST00280" HPOS="508" VPOS="1235" WIDTH="93" HEIGHT="30" CONTENT="spared" WC="0.92" CC="000130"/>
						<SP ID="P69_SP00241" HPOS="601" VPOS="1265" WIDTH="16"/>
						<String ID="P69_ST00281" HPOS="617" VPOS="1234" WIDTH="44" HEIGHT="24" CONTENT="the" WC="0.89" CC="200"/>
						<SP ID="P69_SP00242" HPOS="661" VPOS="1265" WIDTH="22"/>
						<String ID="P69_ST00282" HPOS="683" VPOS="1235" WIDTH="101" HEIGHT="24" CONTENT="sudden" WC="0.82" CC="400005"/>
						<SP ID="P69_SP00243" HPOS="784" VPOS="1265" WIDTH="14"/>
						<String ID="P69_ST00283" HPOS="798" VPOS="1236" WIDTH="151" HEIGHT="27" CONTENT="revelation." WC="0.77" CC="00206006540"/>
					</TextLine>
					<TextLine ID="P69_TL00031" HPOS="68" VPOS="1275" WIDTH="880" HEIGHT="33">
						<String ID="P69_ST00284" HPOS="68" VPOS="1276" WIDTH="75" HEIGHT="32" CONTENT="Mary" WC="0.85" CC="0023"/>
						<SP ID="P69_SP00244" HPOS="143" VPOS="1308" WIDTH="14"/>
						<String ID="P69_ST00285" HPOS="157" VPOS="1276" WIDTH="97" HEIGHT="29" CONTENT="Potter," WC="0.93" CC="1003000"/>
						<SP ID="P69_SP00245" HPOS="254" VPOS="1308" WIDTH="15"/>
						<String ID="P69_ST00286" HPOS="269" VPOS="1275" WIDTH="19" HEIGHT="24" CONTENT="it" WC="0.72" CC="50"/>
						<SP ID="P69_SP00246" HPOS="288" VPOS="1308" WIDTH="15"/>
						<String ID="P69_ST00287" HPOS="303" VPOS="1275" WIDTH="115" HEIGHT="30" CONTENT="seemed," WC="0.86" CC="0000053"/>
						<SP ID="P69_SP00247" HPOS="418" VPOS="1308" WIDTH="15"/>
						<String ID="P69_ST00288" HPOS="433" VPOS="1275" WIDTH="52" HEIGHT="24" CONTENT="had" WC="0.60" CC="704"/>
						<SP ID="P69_SP00248" HPOS="485" VPOS="1308" WIDTH="14"/>
						<String ID="P69_ST00289" HPOS="499" VPOS="1284" WIDTH="34" HEIGHT="15" CONTENT="no" WC="0.61" CC="70"/>
						<SP ID="P69_SP00249" HPOS="533" VPOS="1308" WIDTH="22"/>
						<String ID="P69_ST00290" HPOS="555" VPOS="1275" WIDTH="84" HEIGHT="24" CONTENT="desire" WC="0.89" CC="000050"/>
						<SP ID="P69_SP00250" HPOS="639" VPOS="1308" WIDTH="13"/>
						<String ID="P69_ST00291" HPOS="652" VPOS="1279" WIDTH="28" HEIGHT="21" CONTENT="to" WC="1.00" CC="00"/>
						<SP ID="P69_SP00251" HPOS="680" VPOS="1308" WIDTH="22"/>
						<String ID="P69_ST00292" HPOS="702" VPOS="1276" WIDTH="78" HEIGHT="24" CONTENT="claim" WC="0.89" CC="03020"/>
						<SP ID="P69_SP00252" HPOS="780" VPOS="1308" WIDTH="22"/>
						<String ID="P69_ST00293" HPOS="802" VPOS="1277" WIDTH="47" HEIGHT="24" CONTENT="her" WC="0.94" CC="100"/>
						<SP ID="P69_SP00253" HPOS="849" VPOS="1308" WIDTH="13"/>
						<String ID="P69_ST00294" HPOS="862" VPOS="1278" WIDTH="69" HEIGHT="25" CONTENT="child" WC="0.89" CC="00500"/>
						<SP ID="P69_SP00254" HPOS="931" VPOS="1308" WIDTH="12"/>
						<String ID="P69_ST00295" HPOS="943" VPOS="1288" WIDTH="5" HEIGHT="20" CONTENT=";" WC="1.00" CC="0"/>
					</TextLine>
					<TextLine ID="P69_TL00032" HPOS="67" VPOS="1315" WIDTH="882" HEIGHT="33">
						<String ID="P69_ST00296" HPOS="67" VPOS="1318" WIDTH="45" HEIGHT="23" CONTENT="she" WC="0.95" CC="100"/>
						<SP ID="P69_SP00255" HPOS="112" VPOS="1341" WIDTH="21"/>
						<String ID="P69_ST00297" HPOS="133" VPOS="1317" WIDTH="51" HEIGHT="24" CONTENT="had" WC="0.68" CC="260"/>
						<SP ID="P69_SP00256" HPOS="184" VPOS="1341" WIDTH="19"/>
						<String ID="P69_ST00298" HPOS="203" VPOS="1317" WIDTH="44" HEIGHT="24" CONTENT="but" WC="0.73" CC="008"/>
						<SP ID="P69_SP00257" HPOS="247" VPOS="1341" WIDTH="14"/>
						<String ID="P69_ST00299" HPOS="261" VPOS="1315" WIDTH="120" HEIGHT="33" CONTENT="gratified" WC="0.74" CC="140070044"/>
						<SP ID="P69_SP00258" HPOS="381" VPOS="1348" WIDTH="14"/>
						<String ID="P69_ST00300" HPOS="395" VPOS="1317" WIDTH="46" HEIGHT="24" CONTENT="her" WC="1.00" CC="000"/>
						<SP ID="P69_SP00259" HPOS="441" VPOS="1348" WIDTH="17"/>
						<String ID="P69_ST00301" HPOS="458" VPOS="1317" WIDTH="103" HEIGHT="24" CONTENT="natural" WC="0.57" CC="6734061"/>
						<SP ID="P69_SP00260" HPOS="561" VPOS="1348" WIDTH="12"/>
						<String ID="P69_ST00302" HPOS="573" VPOS="1316" WIDTH="67" HEIGHT="25" CONTENT="wish" WC="0.70" CC="0533"/>
						<SP ID="P69_SP00261" HPOS="640" VPOS="1348" WIDTH="19"/>
						<String ID="P69_ST00303" HPOS="659" VPOS="1320" WIDTH="27" HEIGHT="21" CONTENT="to" WC="1.00" CC="00"/>
						<SP ID="P69_SP00262" HPOS="686" VPOS="1348" WIDTH="19"/>
						<String ID="P69_ST00304" HPOS="705" VPOS="1325" WIDTH="43" HEIGHT="16" CONTENT="see" WC="1.00" CC="000"/>
						<SP ID="P69_SP00263" HPOS="748" VPOS="1348" WIDTH="13"/>
						<String ID="P69_ST00305" HPOS="761" VPOS="1318" WIDTH="55" HEIGHT="29" CONTENT="her," WC="0.77" CC="3005"/>
						<SP ID="P69_SP00264" HPOS="816" VPOS="1348" WIDTH="15"/>
						<String ID="P69_ST00306" HPOS="831" VPOS="1319" WIDTH="51" HEIGHT="23" CONTENT="and" WC="0.53" CC="760"/>
						<SP ID="P69_SP00265" HPOS="882" VPOS="1348" WIDTH="17"/>
						<String ID="P69_ST00307" HPOS="899" VPOS="1319" WIDTH="50" HEIGHT="24" CONTENT="had" WC="0.52" CC="085"/>
					</TextLine>
					<TextLine ID="P69_TL00033" HPOS="65" VPOS="1358" WIDTH="884" HEIGHT="32">
						<String ID="P69_ST00308" HPOS="65" VPOS="1359" WIDTH="65" HEIGHT="24" CONTENT="been" WC="0.69" CC="8003"/>
						<SP ID="P69_SP00266" HPOS="130" VPOS="1383" WIDTH="14"/>
						<String ID="P69_ST00309" HPOS="144" VPOS="1362" WIDTH="107" HEIGHT="21" CONTENT="content" WC="0.66" CC="0176070"/>
						<SP ID="P69_SP00267" HPOS="251" VPOS="1383" WIDTH="13"/>
						<String ID="P69_ST00310" HPOS="264" VPOS="1362" WIDTH="27" HEIGHT="20" CONTENT="to" WC="1.00" CC="00"/>
						<SP ID="P69_SP00268" HPOS="291" VPOS="1383" WIDTH="13"/>
						<String ID="P69_ST00311" HPOS="304" VPOS="1366" WIDTH="34" HEIGHT="24" CONTENT="go" WC="1.00" CC="00"/>
						<SP ID="P69_SP00269" HPOS="338" VPOS="1390" WIDTH="14"/>
						<String ID="P69_ST00312" HPOS="352" VPOS="1366" WIDTH="75" HEIGHT="24" CONTENT="away" WC="0.82" CC="0024"/>
						<SP ID="P69_SP00270" HPOS="427" VPOS="1390" WIDTH="17"/>
						<String ID="P69_ST00313" HPOS="444" VPOS="1367" WIDTH="29" HEIGHT="15" CONTENT="as" WC="0.73" CC="05"/>
						<SP ID="P69_SP00271" HPOS="473" VPOS="1390" WIDTH="15"/>
						<String ID="P69_ST00314" HPOS="488" VPOS="1366" WIDTH="15" HEIGHT="16" CONTENT="a" WC="0.61" CC="3"/>
						<SP ID="P69_SP00272" HPOS="503" VPOS="1390" WIDTH="20"/>
						<String ID="P69_ST00315" HPOS="523" VPOS="1362" WIDTH="128" HEIGHT="27" CONTENT="stranger." WC="0.79" CC="000655000"/>
						<SP ID="P69_SP00273" HPOS="651" VPOS="1390" WIDTH="39"/>
						<String ID="P69_ST00316" HPOS="690" VPOS="1358" WIDTH="23" HEIGHT="24" CONTENT="It" WC="1.00" CC="00"/>
						<SP ID="P69_SP00274" HPOS="713" VPOS="1390" WIDTH="20"/>
						<String ID="P69_ST00317" HPOS="733" VPOS="1358" WIDTH="96" HEIGHT="25" CONTENT="almost" WC="0.70" CC="055700"/>
						<SP ID="P69_SP00275" HPOS="829" VPOS="1390" WIDTH="15"/>
						<String ID="P69_ST00318" HPOS="844" VPOS="1362" WIDTH="105" HEIGHT="23" CONTENT="seemed" WC="0.82" CC="000082"/>
					</TextLine>
					<TextLine ID="P69_TL00034" HPOS="66" VPOS="1399" WIDTH="883" HEIGHT="34">
						<String ID="P69_ST00319" HPOS="66" VPOS="1405" WIDTH="26" HEIGHT="20" CONTENT="to" WC="0.50" CC="54"/>
						<SP ID="P69_SP00276" HPOS="92" VPOS="1425" WIDTH="8"/>
						<String ID="P69_ST00320" HPOS="100" VPOS="1400" WIDTH="95" HEIGHT="33" CONTENT="justify" WC="0.82" CC="0000443"/>
						<SP ID="P69_SP00277" HPOS="195" VPOS="1433" WIDTH="11"/>
						<String ID="P69_ST00321" HPOS="206" VPOS="1400" WIDTH="64" HEIGHT="24" CONTENT="Mrs." WC="0.94" CC="0200"/>
						<SP ID="P69_SP00278" HPOS="270" VPOS="1433" WIDTH="11"/>
						<String ID="P69_ST00322" HPOS="281" VPOS="1400" WIDTH="80" HEIGHT="24" CONTENT="West" WC="0.93" CC="0020"/>
						<SP ID="P69_SP00279" HPOS="361" VPOS="1433" WIDTH="13"/>
						<String ID="P69_ST00323" HPOS="374" VPOS="1399" WIDTH="26" HEIGHT="25" CONTENT="in" WC="0.69" CC="60"/>
						<SP ID="P69_SP00280" HPOS="400" VPOS="1433" WIDTH="12"/>
						<String ID="P69_ST00324" HPOS="412" VPOS="1400" WIDTH="99" HEIGHT="31" CONTENT="having" WC="0.78" CC="600500"/>
						<SP ID="P69_SP00281" HPOS="511" VPOS="1433" WIDTH="9"/>
						<String ID="P69_ST00325" HPOS="520" VPOS="1400" WIDTH="78" HEIGHT="24" CONTENT="taken" WC="0.70" CC="00706"/>
						<SP ID="P69_SP00282" HPOS="598" VPOS="1433" WIDTH="14"/>
						<String ID="P69_ST00326" HPOS="612" VPOS="1400" WIDTH="154" HEIGHT="31" CONTENT="possession" WC="0.86" CC="2020000006"/>
						<SP ID="P69_SP00283" HPOS="766" VPOS="1433" WIDTH="11"/>
						<String ID="P69_ST00327" HPOS="777" VPOS="1400" WIDTH="28" HEIGHT="24" CONTENT="of" WC="0.63" CC="70"/>
						<SP ID="P69_SP00284" HPOS="805" VPOS="1433" WIDTH="9"/>
						<String ID="P69_ST00328" HPOS="814" VPOS="1400" WIDTH="54" HEIGHT="30" CONTENT="her," WC="0.78" CC="4004"/>
						<SP ID="P69_SP00285" HPOS="868" VPOS="1433" WIDTH="11"/>
						<String ID="P69_ST00329" HPOS="879" VPOS="1401" WIDTH="70" HEIGHT="25" CONTENT="since" WC="0.58" CC="00668"/>
					</TextLine>
					<TextLine ID="P69_TL00035" HPOS="65" VPOS="1441" WIDTH="884" HEIGHT="32">
						<String ID="P69_ST00330" HPOS="65" VPOS="1442" WIDTH="46" HEIGHT="25" CONTENT="she" WC="0.42" CC="881"/>
						<SP ID="P69_SP00286" HPOS="111" VPOS="1467" WIDTH="14"/>
						<String ID="P69_ST00331" HPOS="125" VPOS="1441" WIDTH="93" HEIGHT="25" CONTENT="valued" WC="0.63" CC="744004"/>
						<SP ID="P69_SP00287" HPOS="218" VPOS="1467" WIDTH="14"/>
						<String ID="P69_ST00332" HPOS="232" VPOS="1449" WIDTH="29" HEIGHT="16" CONTENT="so" WC="1.00" CC="00"/>
						<SP ID="P69_SP00288" HPOS="261" VPOS="1467" WIDTH="19"/>
						<String ID="P69_ST00333" HPOS="280" VPOS="1441" WIDTH="92" HEIGHT="32" CONTENT="highly" WC="0.61" CC="064434"/>
						<SP ID="P69_SP00289" HPOS="372" VPOS="1473" WIDTH="13"/>
						<String ID="P69_ST00334" HPOS="385" VPOS="1441" WIDTH="44" HEIGHT="24" CONTENT="the" WC="0.56" CC="246"/>
						<SP ID="P69_SP00290" HPOS="429" VPOS="1473" WIDTH="20"/>
						<String ID="P69_ST00335" HPOS="449" VPOS="1445" WIDTH="117" HEIGHT="21" CONTENT="treasure" WC="0.83" CC="04080000"/>
						<SP ID="P69_SP00291" HPOS="566" VPOS="1473" WIDTH="23"/>
						<String ID="P69_ST00336" HPOS="589" VPOS="1441" WIDTH="28" HEIGHT="24" CONTENT="of" WC="0.69" CC="06"/>
						<SP ID="P69_SP00292" HPOS="617" VPOS="1473" WIDTH="16"/>
						<String ID="P69_ST00337" HPOS="633" VPOS="1441" WIDTH="86" HEIGHT="24" CONTENT="which" WC="0.81" CC="00540"/>
						<SP ID="P69_SP00293" HPOS="719" VPOS="1473" WIDTH="23"/>
						<String ID="P69_ST00338" HPOS="742" VPOS="1441" WIDTH="111" HEIGHT="24" CONTENT="another" WC="0.74" CC="5600310"/>
						<SP ID="P69_SP00294" HPOS="853" VPOS="1473" WIDTH="22"/>
						<String ID="P69_ST00339" HPOS="875" VPOS="1442" WIDTH="74" HEIGHT="25" CONTENT="could" WC="0.59" CC="06607"/>
					</TextLine>
					<TextLine ID="P69_TL00036" HPOS="65" VPOS="1482" WIDTH="232" HEIGHT="31">
						<String ID="P69_ST00340" HPOS="65" VPOS="1484" WIDTH="72" HEIGHT="23" CONTENT="think" WC="0.37" CC="65774"/>
						<SP ID="P69_SP00295" HPOS="137" VPOS="1507" WIDTH="14"/>
						<String ID="P69_ST00341" HPOS="151" VPOS="1491" WIDTH="29" HEIGHT="16" CONTENT="so" WC="1.00" CC="00"/>
						<SP ID="P69_SP00296" HPOS="180" VPOS="1507" WIDTH="13"/>
						<String ID="P69_ST00342" HPOS="193" VPOS="1482" WIDTH="104" HEIGHT="31" CONTENT="lightly." WC="0.62" CC="50726070"/>
					</TextLine>
				</TextBlock>
			</PrintSpace>
		</Page>
	</Layout>
</alto>
