<?xml version="1.0" encoding="UTF-8"?>
<alto xmlns:xsi="http://www.w3.org/2001/XMLSchema-instance" xsi:noNamespaceSchemaLocation="http://www.bl.uk/schemas/alto/alto-1-4.xsd" xmlns:xlink="http://www.w3.org/1999/xlink">
	<Description>
		<MeasurementUnit>mm10</MeasurementUnit>
		<sourceImageInformation>
			<fileName>//head1/IN/2007-44/A0010858537.1/002143.jp2</fileName>
		</sourceImageInformation>
		<OCRProcessing ID="OCRPROCESSING_1">
			<preProcessingStep>
				<processingSoftware>
					<softwareCreator>CCS Content Conversion Specialists GmbH, Germany</softwareCreator>
					<softwareName>CCS docWORKS</softwareName>
					<softwareVersion>6.1-0.64</softwareVersion>
				</processingSoftware>
			</preProcessingStep>
			<ocrProcessingStep>
				<processingSoftware>
					<softwareCreator>ABBYY (BIT Software), Russia</softwareCreator>
					<softwareName>Finereader</softwareName>
				</processingSoftware>
			</ocrProcessingStep>
		</OCRProcessing>
	</Description>
	<Styles>
		<TextStyle ID="TXT_0" FONTSIZE="10" FONTFAMILY="Courier New"/>
		<TextStyle ID="TXT_1" FONTSIZE="9" FONTFAMILY="Courier New"/>
		<ParagraphStyle ID="PAR_LEFT" ALIGN="Left"/>
		<ParagraphStyle ID="PAR_RIGHT" ALIGN="Right"/>
	</Styles>
	<Layout>
		<Page ID="P27" PHYSICAL_IMG_NR="27" HEIGHT="1644" WIDTH="1061" PRINTED_IMG_NR="17" POSITION="Right" ACCURACY="81.43">
			<TopMargin ID="P27_TM00001" HPOS="0" VPOS="0" WIDTH="1060" HEIGHT="106">
				<TextBlock ID="P27_TB00001" HPOS="321" VPOS="75" WIDTH="352" HEIGHT="24" STYLEREFS="TXT_0 PAR_LEFT">
					<TextLine ID="P27_TL00001" HPOS="322" VPOS="76" WIDTH="351" HEIGHT="23">
						<String ID="P27_ST00001" HPOS="322" VPOS="76" WIDTH="72" HEIGHT="23" CONTENT="THE" WC="0.97" CC="000"/>
						<SP ID="P27_SP00001" HPOS="394" VPOS="99" WIDTH="22"/>
						<String ID="P27_ST00002" HPOS="416" VPOS="77" WIDTH="102" HEIGHT="22" CONTENT="GAME" WC="0.92" CC="0003"/>
						<SP ID="P27_SP00002" HPOS="518" VPOS="99" WIDTH="20"/>
						<String ID="P27_ST00003" HPOS="538" VPOS="77" WIDTH="135" HEIGHT="22" CONTENT="BEGINS." WC="0.88" CC="1000401"/>
					</TextLine>
				</TextBlock>
				<TextBlock ID="P27_TB00002" HPOS="905" VPOS="75" WIDTH="33" HEIGHT="29" STYLEREFS="TXT_0 PAR_RIGHT">
					<TextLine ID="P27_TL00002" HPOS="905" VPOS="75" WIDTH="33" HEIGHT="29">
						<String ID="P27_ST00004" HPOS="905" VPOS="75" WIDTH="33" HEIGHT="29" CONTENT="17" WC="1.00" CC="00"/>
					</TextLine>
				</TextBlock>
			</TopMargin>
			<LeftMargin ID="P27_LM00001" HPOS="0" VPOS="106" WIDTH="47" HEIGHT="1462"/>
			<RightMargin ID="P27_RM00001" HPOS="938" VPOS="106" WIDTH="122" HEIGHT="1462"/>
			<BottomMargin ID="P27_BM00001" HPOS="0" VPOS="1568" WIDTH="1060" HEIGHT="76"/>
			<PrintSpace ID="P27_PS00001" HPOS="47" VPOS="106" WIDTH="891" HEIGHT="1462">
				<TextBlock ID="P27_TB00003" HPOS="51" VPOS="142" WIDTH="884" HEIGHT="74" STYLEREFS="TXT_1 PAR_LEFT">
					<TextLine ID="P27_TL00003" HPOS="52" VPOS="143" WIDTH="883" HEIGHT="34">
						<String ID="P27_ST00005" HPOS="52" VPOS="143" WIDTH="150" HEIGHT="31" CONTENT="coquettish" WC="0.83" CC="3050020102"/>
						<SP ID="P27_SP00003" HPOS="202" VPOS="174" WIDTH="23"/>
						<String ID="P27_ST00006" HPOS="225" VPOS="143" WIDTH="85" HEIGHT="31" CONTENT="boots," WC="0.76" CC="400505"/>
						<SP ID="P27_SP00004" HPOS="310" VPOS="174" WIDTH="23"/>
						<String ID="P27_ST00007" HPOS="333" VPOS="144" WIDTH="64" HEIGHT="33" CONTENT="they" WC="0.87" CC="0005"/>
						<SP ID="P27_SP00005" HPOS="397" VPOS="177" WIDTH="18"/>
						<String ID="P27_ST00008" HPOS="415" VPOS="145" WIDTH="93" HEIGHT="25" CONTENT="looked" WC="0.89" CC="600000"/>
						<SP ID="P27_SP00006" HPOS="508" VPOS="177" WIDTH="25"/>
						<String ID="P27_ST00009" HPOS="533" VPOS="146" WIDTH="50" HEIGHT="24" CONTENT="like" WC="0.91" CC="0300"/>
						<SP ID="P27_SP00007" HPOS="583" VPOS="177" WIDTH="23"/>
						<String ID="P27_ST00010" HPOS="606" VPOS="149" WIDTH="84" HEIGHT="28" CONTENT="pretty" WC="0.70" CC="004066"/>
						<SP ID="P27_SP00008" HPOS="690" VPOS="177" WIDTH="21"/>
						<String ID="P27_ST00011" HPOS="711" VPOS="144" WIDTH="71" HEIGHT="26" CONTENT="birds" WC="0.61" CC="14570"/>
						<SP ID="P27_SP00009" HPOS="782" VPOS="177" WIDTH="21"/>
						<String ID="P27_ST00012" HPOS="803" VPOS="144" WIDTH="61" HEIGHT="27" CONTENT="who" WC="0.79" CC="060"/>
						<SP ID="P27_SP00010" HPOS="864" VPOS="177" WIDTH="20"/>
						<String ID="P27_ST00013" HPOS="884" VPOS="146" WIDTH="51" HEIGHT="25" CONTENT="had" WC="0.15" CC="888"/>
					</TextLine>
					<TextLine ID="P27_TL00004" HPOS="52" VPOS="184" WIDTH="726" HEIGHT="32">
						<String ID="P27_ST00014" HPOS="52" VPOS="185" WIDTH="107" HEIGHT="30" CONTENT="plumed" WC="0.89" CC="060000"/>
						<SP ID="P27_SP00011" HPOS="159" VPOS="215" WIDTH="13"/>
						<String ID="P27_ST00015" HPOS="172" VPOS="184" WIDTH="162" HEIGHT="26" CONTENT="themselves" WC="0.95" CC="0300000000"/>
						<SP ID="P27_SP00012" HPOS="334" VPOS="215" WIDTH="13"/>
						<String ID="P27_ST00016" HPOS="347" VPOS="186" WIDTH="66" HEIGHT="25" CONTENT="from" WC="0.74" CC="2510"/>
						<SP ID="P27_SP00013" HPOS="413" VPOS="215" WIDTH="14"/>
						<String ID="P27_ST00017" HPOS="427" VPOS="194" WIDTH="63" HEIGHT="22" CONTENT="pure" WC="0.88" CC="0400"/>
						<SP ID="P27_SP00014" HPOS="490" VPOS="216" WIDTH="13"/>
						<String ID="P27_ST00018" HPOS="503" VPOS="186" WIDTH="59" HEIGHT="25" CONTENT="love" WC="0.94" CC="1000"/>
						<SP ID="P27_SP00015" HPOS="562" VPOS="216" WIDTH="14"/>
						<String ID="P27_ST00019" HPOS="576" VPOS="187" WIDTH="28" HEIGHT="24" CONTENT="of" WC="1.00" CC="00"/>
						<SP ID="P27_SP00016" HPOS="604" VPOS="216" WIDTH="16"/>
						<String ID="P27_ST00020" HPOS="620" VPOS="186" WIDTH="158" HEIGHT="25" CONTENT="daintiness." WC="0.73" CC="60450660000"/>
					</TextLine>
				</TextBlock>
				<TextBlock ID="P27_TB00004" HPOS="48" VPOS="224" WIDTH="888" HEIGHT="691" STYLEREFS="TXT_1 PAR_LEFT">
					<TextLine ID="P27_TL00005" HPOS="84" VPOS="225" WIDTH="851" HEIGHT="34">
						<String ID="P27_ST00021" HPOS="84" VPOS="225" WIDTH="53" HEIGHT="25" CONTENT="Yet" WC="0.79" CC="302"/>
						<SP ID="P27_SP00017" HPOS="137" VPOS="250" WIDTH="20"/>
						<String ID="P27_ST00022" HPOS="157" VPOS="226" WIDTH="64" HEIGHT="32" CONTENT="they" WC="0.88" CC="0004"/>
						<SP ID="P27_SP00018" HPOS="221" VPOS="258" WIDTH="18"/>
						<String ID="P27_ST00023" HPOS="239" VPOS="235" WIDTH="69" HEIGHT="16" CONTENT="were" WC="1.00" CC="0000"/>
						<SP ID="P27_SP00019" HPOS="308" VPOS="258" WIDTH="19"/>
						<String ID="P27_ST00024" HPOS="327" VPOS="226" WIDTH="92" HEIGHT="33" CONTENT="dainty" WC="0.76" CC="005305"/>
						<SP ID="P27_SP00020" HPOS="419" VPOS="259" WIDTH="18"/>
						<String ID="P27_ST00025" HPOS="437" VPOS="227" WIDTH="64" HEIGHT="25" CONTENT="with" WC="0.96" CC="0100"/>
						<SP ID="P27_SP00021" HPOS="501" VPOS="259" WIDTH="24"/>
						<String ID="P27_ST00026" HPOS="525" VPOS="236" WIDTH="15" HEIGHT="16" CONTENT="a" WC="1.00" CC="0"/>
						<SP ID="P27_SP00022" HPOS="540" VPOS="259" WIDTH="25"/>
						<String ID="P27_ST00027" HPOS="565" VPOS="227" WIDTH="148" HEIGHT="26" CONTENT="difference." WC="0.90" CC="03110301000"/>
						<SP ID="P27_SP00023" HPOS="713" VPOS="259" WIDTH="37"/>
						<String ID="P27_ST00028" HPOS="750" VPOS="227" WIDTH="58" HEIGHT="25" CONTENT="The" WC="0.67" CC="270"/>
						<SP ID="P27_SP00024" HPOS="808" VPOS="259" WIDTH="26"/>
						<String ID="P27_ST00029" HPOS="834" VPOS="226" WIDTH="101" HEIGHT="32" CONTENT="sisters," WC="0.70" CC="07000456"/>
					</TextLine>
					<TextLine ID="P27_TL00006" HPOS="52" VPOS="268" WIDTH="884" HEIGHT="34">
						<String ID="P27_ST00030" HPOS="52" VPOS="274" WIDTH="25" HEIGHT="16" CONTENT="m" WC="0.13" CC="8"/>
						<SP ID="P27_SP00025" HPOS="77" VPOS="290" WIDTH="21"/>
						<String ID="P27_ST00031" HPOS="98" VPOS="268" WIDTH="117" HEIGHT="24" CONTENT="outward" WC="0.88" CC="0040030"/>
						<SP ID="P27_SP00026" HPOS="215" VPOS="292" WIDTH="21"/>
						<String ID="P27_ST00032" HPOS="236" VPOS="276" WIDTH="164" HEIGHT="23" CONTENT="appearance" WC="0.90" CC="1300200020"/>
						<SP ID="P27_SP00027" HPOS="400" VPOS="299" WIDTH="20"/>
						<String ID="P27_ST00033" HPOS="420" VPOS="277" WIDTH="29" HEIGHT="15" CONTENT="so" WC="1.00" CC="00"/>
						<SP ID="P27_SP00028" HPOS="449" VPOS="299" WIDTH="19"/>
						<String ID="P27_ST00034" HPOS="468" VPOS="269" WIDTH="50" HEIGHT="24" CONTENT="like" WC="0.70" CC="6500"/>
						<String ID="P27_ST00035" HPOS="520" VPOS="284" WIDTH="34" HEIGHT="3" CONTENT="—" WC="0.20" CC="8"/>
						<String ID="P27_ST00036" HPOS="556" VPOS="277" WIDTH="28" HEIGHT="16" CONTENT="so" WC="0.61" CC="07"/>
						<SP ID="P27_SP00029" HPOS="584" VPOS="299" WIDTH="19"/>
						<String ID="P27_ST00037" HPOS="603" VPOS="269" WIDTH="51" HEIGHT="24" CONTENT="like" WC="0.99" CC="0000"/>
						<SP ID="P27_SP00030" HPOS="654" VPOS="299" WIDTH="19"/>
						<String ID="P27_ST00038" HPOS="673" VPOS="269" WIDTH="27" HEIGHT="24" CONTENT="in" WC="0.35" CC="66"/>
						<SP ID="P27_SP00031" HPOS="700" VPOS="299" WIDTH="18"/>
						<String ID="P27_ST00039" HPOS="718" VPOS="269" WIDTH="69" HEIGHT="24" CONTENT="their" WC="0.80" CC="00063"/>
						<SP ID="P27_SP00032" HPOS="787" VPOS="299" WIDTH="13"/>
						<String ID="P27_ST00040" HPOS="800" VPOS="269" WIDTH="136" HEIGHT="33" CONTENT="colouring" WC="0.70" CC="040134047"/>
					</TextLine>
					<TextLine ID="P27_TL00007" HPOS="51" VPOS="309" WIDTH="885" HEIGHT="33">
						<String ID="P27_ST00041" HPOS="51" VPOS="309" WIDTH="52" HEIGHT="24" CONTENT="and" WC="0.67" CC="440"/>
						<SP ID="P27_SP00033" HPOS="103" VPOS="333" WIDTH="18"/>
						<String ID="P27_ST00042" HPOS="121" VPOS="309" WIDTH="27" HEIGHT="24" CONTENT="in" WC="0.55" CC="61"/>
						<SP ID="P27_SP00034" HPOS="148" VPOS="333" WIDTH="18"/>
						<String ID="P27_ST00043" HPOS="166" VPOS="309" WIDTH="45" HEIGHT="24" CONTENT="the" WC="1.00" CC="000"/>
						<SP ID="P27_SP00035" HPOS="211" VPOS="333" WIDTH="19"/>
						<String ID="P27_ST00044" HPOS="230" VPOS="309" WIDTH="116" HEIGHT="25" CONTENT="softness" WC="0.92" CC="01003000"/>
						<SP ID="P27_SP00036" HPOS="346" VPOS="334" WIDTH="20"/>
						<String ID="P27_ST00045" HPOS="366" VPOS="310" WIDTH="51" HEIGHT="24" CONTENT="and" WC="0.58" CC="065"/>
						<SP ID="P27_SP00037" HPOS="417" VPOS="334" WIDTH="13"/>
						<String ID="P27_ST00046" HPOS="430" VPOS="309" WIDTH="114" HEIGHT="26" CONTENT="fairness" WC="0.83" CC="00363000"/>
						<SP ID="P27_SP00038" HPOS="544" VPOS="335" WIDTH="13"/>
						<String ID="P27_ST00047" HPOS="557" VPOS="310" WIDTH="29" HEIGHT="25" CONTENT="of" WC="1.00" CC="00"/>
						<SP ID="P27_SP00039" HPOS="586" VPOS="335" WIDTH="16"/>
						<String ID="P27_ST00048" HPOS="602" VPOS="310" WIDTH="83" HEIGHT="32" CONTENT="youth" WC="0.93" CC="10001"/>
						<String ID="P27_ST00049" HPOS="687" VPOS="325" WIDTH="34" HEIGHT="3" CONTENT="—" WC="0.20" CC="8"/>
						<String ID="P27_ST00050" HPOS="722" VPOS="318" WIDTH="68" HEIGHT="17" CONTENT="were" WC="0.85" CC="0060"/>
						<SP ID="P27_SP00040" HPOS="790" VPOS="342" WIDTH="13"/>
						<String ID="P27_ST00051" HPOS="803" VPOS="309" WIDTH="26" HEIGHT="25" CONTENT="in" WC="0.46" CC="55"/>
						<SP ID="P27_SP00041" HPOS="829" VPOS="342" WIDTH="14"/>
						<String ID="P27_ST00052" HPOS="843" VPOS="309" WIDTH="93" HEIGHT="33" CONTENT="reality" WC="0.90" CC="0000006"/>
					</TextLine>
					<TextLine ID="P27_TL00008" HPOS="50" VPOS="351" WIDTH="886" HEIGHT="33">
						<String ID="P27_ST00053" HPOS="50" VPOS="359" WIDTH="63" HEIGHT="23" CONTENT="very" WC="0.87" CC="0005"/>
						<SP ID="P27_SP00042" HPOS="113" VPOS="382" WIDTH="13"/>
						<String ID="P27_ST00054" HPOS="126" VPOS="351" WIDTH="88" HEIGHT="24" CONTENT="unlike" WC="0.77" CC="053400"/>
						<SP ID="P27_SP00043" HPOS="214" VPOS="382" WIDTH="13"/>
						<String ID="P27_ST00055" HPOS="227" VPOS="351" WIDTH="27" HEIGHT="24" CONTENT="in" WC="0.39" CC="57"/>
						<SP ID="P27_SP00044" HPOS="254" VPOS="382" WIDTH="14"/>
						<String ID="P27_ST00056" HPOS="268" VPOS="352" WIDTH="144" HEIGHT="24" CONTENT="character." WC="0.95" CC="0000000040"/>
						<SP ID="P27_SP00045" HPOS="412" VPOS="382" WIDTH="36"/>
						<String ID="P27_ST00057" HPOS="448" VPOS="351" WIDTH="58" HEIGHT="25" CONTENT="The" WC="0.79" CC="600"/>
						<SP ID="P27_SP00046" HPOS="506" VPOS="382" WIDTH="14"/>
						<String ID="P27_ST00058" HPOS="520" VPOS="353" WIDTH="153" HEIGHT="24" CONTENT="unlikeness" WC="0.83" CC="1513001003"/>
						<SP ID="P27_SP00047" HPOS="673" VPOS="382" WIDTH="13"/>
						<String ID="P27_ST00059" HPOS="686" VPOS="360" WIDTH="64" HEIGHT="22" CONTENT="was," WC="0.86" CC="0005"/>
						<SP ID="P27_SP00048" HPOS="750" VPOS="382" WIDTH="14"/>
						<String ID="P27_ST00060" HPOS="764" VPOS="359" WIDTH="30" HEIGHT="17" CONTENT="as" WC="0.69" CC="60"/>
						<SP ID="P27_SP00049" HPOS="794" VPOS="382" WIDTH="13"/>
						<String ID="P27_ST00061" HPOS="807" VPOS="355" WIDTH="53" HEIGHT="29" CONTENT="yet," WC="0.76" CC="4003"/>
						<SP ID="P27_SP00050" HPOS="860" VPOS="384" WIDTH="15"/>
						<String ID="P27_ST00062" HPOS="875" VPOS="352" WIDTH="61" HEIGHT="32" CONTENT="only" WC="0.74" CC="0405"/>
					</TextLine>
					<TextLine ID="P27_TL00009" HPOS="50" VPOS="392" WIDTH="886" HEIGHT="33">
						<String ID="P27_ST00063" HPOS="50" VPOS="392" WIDTH="109" HEIGHT="32" CONTENT="slightly" WC="0.89" CC="00420000"/>
						<SP ID="P27_SP00051" HPOS="159" VPOS="424" WIDTH="19"/>
						<String ID="P27_ST00064" HPOS="178" VPOS="392" WIDTH="134" HEIGHT="25" CONTENT="indicated" WC="0.82" CC="520601000"/>
						<SP ID="P27_SP00052" HPOS="312" VPOS="424" WIDTH="13"/>
						<String ID="P27_ST00065" HPOS="325" VPOS="393" WIDTH="26" HEIGHT="24" CONTENT="in" WC="0.45" CC="55"/>
						<SP ID="P27_SP00053" HPOS="351" VPOS="424" WIDTH="19"/>
						<String ID="P27_ST00066" HPOS="370" VPOS="393" WIDTH="45" HEIGHT="25" CONTENT="the" WC="1.00" CC="000"/>
						<SP ID="P27_SP00054" HPOS="415" VPOS="424" WIDTH="20"/>
						<String ID="P27_ST00067" HPOS="435" VPOS="394" WIDTH="116" HEIGHT="24" CONTENT="outward" WC="0.83" CC="0070020"/>
						<SP ID="P27_SP00055" HPOS="551" VPOS="424" WIDTH="20"/>
						<String ID="P27_ST00068" HPOS="571" VPOS="402" WIDTH="163" HEIGHT="23" CONTENT="appearance" WC="0.93" CC="0000000500"/>
						<String ID="P27_ST00069" HPOS="744" VPOS="402" WIDTH="6" HEIGHT="21" CONTENT=";" WC="0.24" CC="7"/>
						<SP ID="P27_SP00056" HPOS="750" VPOS="425" WIDTH="22"/>
						<String ID="P27_ST00070" HPOS="772" VPOS="393" WIDTH="52" HEIGHT="25" CONTENT="still" WC="0.92" CC="03100"/>
						<SP ID="P27_SP00057" HPOS="824" VPOS="425" WIDTH="19"/>
						<String ID="P27_ST00071" HPOS="843" VPOS="392" WIDTH="20" HEIGHT="25" CONTENT="it" WC="0.77" CC="40"/>
						<SP ID="P27_SP00058" HPOS="863" VPOS="425" WIDTH="18"/>
						<String ID="P27_ST00072" HPOS="881" VPOS="401" WIDTH="55" HEIGHT="17" CONTENT="was" WC="0.80" CC="006"/>
					</TextLine>
					<TextLine ID="P27_TL00010" HPOS="49" VPOS="433" WIDTH="886" HEIGHT="33">
						<String ID="P27_ST00073" HPOS="49" VPOS="433" WIDTH="74" HEIGHT="25" CONTENT="there" WC="1.00" CC="00000"/>
						<SP ID="P27_SP00059" HPOS="123" VPOS="458" WIDTH="23"/>
						<String ID="P27_ST00074" HPOS="146" VPOS="433" WIDTH="107" HEIGHT="32" CONTENT="already" WC="0.84" CC="0400023"/>
						<SP ID="P27_SP00060" HPOS="253" VPOS="465" WIDTH="18"/>
						<String ID="P27_ST00075" HPOS="271" VPOS="438" WIDTH="137" HEIGHT="27" CONTENT="apparent," WC="0.83" CC="200030700"/>
						<SP ID="P27_SP00061" HPOS="408" VPOS="465" WIDTH="26"/>
						<String ID="P27_ST00076" HPOS="434" VPOS="435" WIDTH="51" HEIGHT="24" CONTENT="and" WC="0.69" CC="206"/>
						<SP ID="P27_SP00062" HPOS="485" VPOS="465" WIDTH="26"/>
						<String ID="P27_ST00077" HPOS="511" VPOS="435" WIDTH="25" HEIGHT="23" CONTENT="in" WC="0.46" CC="46"/>
						<SP ID="P27_SP00063" HPOS="536" VPOS="465" WIDTH="26"/>
						<String ID="P27_ST00078" HPOS="562" VPOS="443" WIDTH="106" HEIGHT="23" CONTENT="process" WC="0.95" CC="0000003"/>
						<SP ID="P27_SP00064" HPOS="668" VPOS="466" WIDTH="23"/>
						<String ID="P27_ST00079" HPOS="691" VPOS="434" WIDTH="29" HEIGHT="25" CONTENT="of" WC="0.67" CC="23"/>
						<SP ID="P27_SP00065" HPOS="720" VPOS="466" WIDTH="21"/>
						<String ID="P27_ST00080" HPOS="741" VPOS="434" WIDTH="194" HEIGHT="32" CONTENT="development." WC="0.85" CC="001004000604"/>
					</TextLine>
					<TextLine ID="P27_TL00011" HPOS="49" VPOS="474" WIDTH="886" HEIGHT="34">
						<String ID="P27_ST00081" HPOS="49" VPOS="474" WIDTH="59" HEIGHT="24" CONTENT="The" WC="0.92" CC="200"/>
						<SP ID="P27_SP00066" HPOS="108" VPOS="498" WIDTH="19"/>
						<String ID="P27_ST00082" HPOS="127" VPOS="474" WIDTH="69" HEIGHT="30" CONTENT="hats," WC="1.00" CC="00000"/>
						<SP ID="P27_SP00067" HPOS="196" VPOS="504" WIDTH="14"/>
						<String ID="P27_ST00083" HPOS="210" VPOS="474" WIDTH="64" HEIGHT="25" CONTENT="with" WC="0.83" CC="0402"/>
						<SP ID="P27_SP00068" HPOS="274" VPOS="504" WIDTH="18"/>
						<String ID="P27_ST00084" HPOS="292" VPOS="475" WIDTH="69" HEIGHT="25" CONTENT="their" WC="0.87" CC="00050"/>
						<SP ID="P27_SP00069" HPOS="361" VPOS="504" WIDTH="17"/>
						<String ID="P27_ST00085" HPOS="378" VPOS="475" WIDTH="79" HEIGHT="25" CONTENT="white" WC="0.96" CC="02000"/>
						<SP ID="P27_SP00070" HPOS="457" VPOS="504" WIDTH="18"/>
						<String ID="P27_ST00086" HPOS="475" VPOS="475" WIDTH="115" HEIGHT="25" CONTENT="feathers" WC="0.92" CC="60000000"/>
						<SP ID="P27_SP00071" HPOS="590" VPOS="504" WIDTH="14"/>
						<String ID="P27_ST00087" HPOS="604" VPOS="476" WIDTH="90" HEIGHT="32" CONTENT="tipped" WC="0.82" CC="052002"/>
						<SP ID="P27_SP00072" HPOS="694" VPOS="508" WIDTH="13"/>
						<String ID="P27_ST00088" HPOS="707" VPOS="475" WIDTH="64" HEIGHT="26" CONTENT="with" WC="0.78" CC="0403"/>
						<SP ID="P27_SP00073" HPOS="771" VPOS="508" WIDTH="14"/>
						<String ID="P27_ST00089" HPOS="785" VPOS="475" WIDTH="67" HEIGHT="30" CONTENT="blue," WC="0.94" CC="10000"/>
						<SP ID="P27_SP00074" HPOS="852" VPOS="508" WIDTH="14"/>
						<String ID="P27_ST00090" HPOS="866" VPOS="484" WIDTH="69" HEIGHT="16" CONTENT="were" WC="0.85" CC="0014"/>
					</TextLine>
					<TextLine ID="P27_TL00012" HPOS="49" VPOS="515" WIDTH="887" HEIGHT="33">
						<String ID="P27_ST00091" HPOS="49" VPOS="515" WIDTH="34" HEIGHT="24" CONTENT="all" WC="0.94" CC="010"/>
						<SP ID="P27_SP00075" HPOS="83" VPOS="539" WIDTH="23"/>
						<String ID="P27_ST00092" HPOS="106" VPOS="515" WIDTH="66" HEIGHT="25" CONTENT="alike" WC="0.95" CC="00200"/>
						<String ID="P27_ST00093" HPOS="182" VPOS="524" WIDTH="6" HEIGHT="21" CONTENT=";" WC="0.84" CC="1"/>
						<SP ID="P27_SP00076" HPOS="188" VPOS="545" WIDTH="21"/>
						<String ID="P27_ST00094" HPOS="209" VPOS="516" WIDTH="45" HEIGHT="24" CONTENT="but" WC="0.95" CC="010"/>
						<SP ID="P27_SP00077" HPOS="254" VPOS="545" WIDTH="21"/>
						<String ID="P27_ST00095" HPOS="275" VPOS="516" WIDTH="64" HEIGHT="32" CONTENT="they" WC="0.85" CC="0006"/>
						<SP ID="P27_SP00078" HPOS="339" VPOS="548" WIDTH="20"/>
						<String ID="P27_ST00096" HPOS="359" VPOS="524" WIDTH="68" HEIGHT="17" CONTENT="were" WC="0.95" CC="0020"/>
						<SP ID="P27_SP00079" HPOS="427" VPOS="548" WIDTH="19"/>
						<String ID="P27_ST00097" HPOS="446" VPOS="524" WIDTH="72" HEIGHT="17" CONTENT="worn" WC="0.79" CC="0025"/>
						<SP ID="P27_SP00080" HPOS="518" VPOS="548" WIDTH="22"/>
						<String ID="P27_ST00098" HPOS="540" VPOS="517" WIDTH="63" HEIGHT="24" CONTENT="with" WC="0.85" CC="0410"/>
						<SP ID="P27_SP00081" HPOS="603" VPOS="548" WIDTH="21"/>
						<String ID="P27_ST00099" HPOS="624" VPOS="525" WIDTH="16" HEIGHT="16" CONTENT="a" WC="0.54" CC="4"/>
						<SP ID="P27_SP00082" HPOS="640" VPOS="548" WIDTH="20"/>
						<String ID="P27_ST00100" HPOS="660" VPOS="516" WIDTH="140" HEIGHT="25" CONTENT="difference" WC="0.78" CC="0347010400"/>
						<SP ID="P27_SP00083" HPOS="800" VPOS="548" WIDTH="11"/>
						<String ID="P27_ST00101" HPOS="811" VPOS="524" WIDTH="5" HEIGHT="17" CONTENT=":" WC="1.00" CC="0"/>
						<SP ID="P27_SP00084" HPOS="816" VPOS="548" WIDTH="28"/>
						<String ID="P27_ST00102" HPOS="844" VPOS="516" WIDTH="92" HEIGHT="25" CONTENT="Kate's" WC="0.90" CC="000006"/>
					</TextLine>
					<TextLine ID="P27_TL00013" HPOS="49" VPOS="557" WIDTH="886" HEIGHT="33">
						<String ID="P27_ST00103" HPOS="49" VPOS="557" WIDTH="63" HEIGHT="23" CONTENT="with" WC="0.64" CC="7410"/>
						<SP ID="P27_SP00085" HPOS="112" VPOS="580" WIDTH="11"/>
						<String ID="P27_ST00104" HPOS="123" VPOS="565" WIDTH="15" HEIGHT="15" CONTENT="a" WC="0.51" CC="4"/>
						<SP ID="P27_SP00086" HPOS="138" VPOS="580" WIDTH="10"/>
						<String ID="P27_ST00105" HPOS="148" VPOS="557" WIDTH="107" HEIGHT="32" CONTENT="slightly" WC="0.86" CC="00320004"/>
						<SP ID="P27_SP00087" HPOS="255" VPOS="589" WIDTH="9"/>
						<String ID="P27_ST00106" HPOS="264" VPOS="557" WIDTH="143" HEIGHT="32" CONTENT="imperious" WC="0.72" CC="551055000"/>
						<SP ID="P27_SP00088" HPOS="407" VPOS="589" WIDTH="13"/>
						<String ID="P27_ST00107" HPOS="420" VPOS="557" WIDTH="53" HEIGHT="30" CONTENT="air;" WC="0.74" CC="0504"/>
						<SP ID="P27_SP00089" HPOS="473" VPOS="589" WIDTH="16"/>
						<String ID="P27_ST00108" HPOS="489" VPOS="557" WIDTH="98" HEIGHT="33" CONTENT="Milly's" WC="0.85" CC="0004500"/>
						<SP ID="P27_SP00090" HPOS="587" VPOS="590" WIDTH="14"/>
						<String ID="P27_ST00109" HPOS="601" VPOS="557" WIDTH="62" HEIGHT="26" CONTENT="with" WC="0.95" CC="0100"/>
						<SP ID="P27_SP00091" HPOS="663" VPOS="590" WIDTH="15"/>
						<String ID="P27_ST00110" HPOS="678" VPOS="566" WIDTH="15" HEIGHT="15" CONTENT="a" WC="1.00" CC="0"/>
						<SP ID="P27_SP00092" HPOS="693" VPOS="590" WIDTH="13"/>
						<String ID="P27_ST00111" HPOS="706" VPOS="561" WIDTH="82" HEIGHT="21" CONTENT="sweet" WC="0.89" CC="00005"/>
						<SP ID="P27_SP00093" HPOS="788" VPOS="590" WIDTH="8"/>
						<String ID="P27_ST00112" HPOS="796" VPOS="557" WIDTH="123" HEIGHT="32" CONTENT="humility" WC="0.79" CC="03050401"/>
						<SP ID="P27_SP00094" HPOS="919" VPOS="590" WIDTH="9"/>
						<String ID="P27_ST00113" HPOS="928" VPOS="566" WIDTH="7" HEIGHT="21" CONTENT=";" WC="0.20" CC="7"/>
					</TextLine>
					<TextLine ID="P27_TL00014" HPOS="51" VPOS="597" WIDTH="885" HEIGHT="33">
						<String ID="P27_ST00114" HPOS="51" VPOS="598" WIDTH="52" HEIGHT="24" CONTENT="and" WC="0.89" CC="030"/>
						<SP ID="P27_SP00095" HPOS="103" VPOS="622" WIDTH="19"/>
						<String ID="P27_ST00115" HPOS="122" VPOS="597" WIDTH="126" HEIGHT="25" CONTENT="Connie's" WC="0.83" CC="00416000"/>
						<SP ID="P27_SP00096" HPOS="248" VPOS="622" WIDTH="19"/>
						<String ID="P27_ST00116" HPOS="267" VPOS="598" WIDTH="63" HEIGHT="25" CONTENT="with" WC="0.81" CC="0015"/>
						<SP ID="P27_SP00097" HPOS="330" VPOS="623" WIDTH="19"/>
						<String ID="P27_ST00117" HPOS="349" VPOS="607" WIDTH="16" HEIGHT="16" CONTENT="a" WC="1.00" CC="0"/>
						<SP ID="P27_SP00098" HPOS="365" VPOS="623" WIDTH="19"/>
						<String ID="P27_ST00118" HPOS="384" VPOS="598" WIDTH="122" HEIGHT="30" CONTENT="careless," WC="0.82" CC="004360000"/>
						<SP ID="P27_SP00099" HPOS="506" VPOS="628" WIDTH="15"/>
						<String ID="P27_ST00119" HPOS="521" VPOS="599" WIDTH="108" HEIGHT="31" CONTENT="roguish" WC="0.91" CC="0003200"/>
						<SP ID="P27_SP00100" HPOS="629" VPOS="630" WIDTH="15"/>
						<String ID="P27_ST00120" HPOS="644" VPOS="607" WIDTH="86" HEIGHT="23" CONTENT="grace." WC="0.95" CC="001001"/>
						<SP ID="P27_SP00101" HPOS="730" VPOS="630" WIDTH="38"/>
						<String ID="P27_ST00121" HPOS="768" VPOS="598" WIDTH="67" HEIGHT="25" CONTENT="Kate" WC="0.99" CC="0000"/>
						<SP ID="P27_SP00102" HPOS="835" VPOS="630" WIDTH="14"/>
						<String ID="P27_ST00122" HPOS="849" VPOS="598" WIDTH="87" HEIGHT="25" CONTENT="would" WC="0.90" CC="00021"/>
					</TextLine>
					<TextLine ID="P27_TL00015" HPOS="49" VPOS="640" WIDTH="887" HEIGHT="33">
						<String ID="P27_ST00123" HPOS="49" VPOS="648" WIDTH="71" HEIGHT="16" CONTENT="wear" WC="0.96" CC="1000"/>
						<SP ID="P27_SP00103" HPOS="120" VPOS="664" WIDTH="12"/>
						<String ID="P27_ST00124" HPOS="132" VPOS="648" WIDTH="16" HEIGHT="15" CONTENT="a" WC="1.00" CC="0"/>
						<SP ID="P27_SP00104" HPOS="148" VPOS="664" WIDTH="12"/>
						<String ID="P27_ST00125" HPOS="160" VPOS="640" WIDTH="98" HEIGHT="24" CONTENT="brooch" WC="0.89" CC="401000"/>
						<SP ID="P27_SP00105" HPOS="258" VPOS="664" WIDTH="12"/>
						<String ID="P27_ST00126" HPOS="270" VPOS="640" WIDTH="88" HEIGHT="25" CONTENT="where" WC="0.97" CC="01000"/>
						<SP ID="P27_SP00106" HPOS="358" VPOS="665" WIDTH="12"/>
						<String ID="P27_ST00127" HPOS="370" VPOS="640" WIDTH="48" HEIGHT="24" CONTENT="her" WC="1.00" CC="000"/>
						<SP ID="P27_SP00107" HPOS="418" VPOS="665" WIDTH="13"/>
						<String ID="P27_ST00128" HPOS="431" VPOS="640" WIDTH="92" HEIGHT="25" CONTENT="sisters" WC="0.86" CC="0020060"/>
						<SP ID="P27_SP00108" HPOS="523" VPOS="665" WIDTH="14"/>
						<String ID="P27_ST00129" HPOS="537" VPOS="649" WIDTH="70" HEIGHT="16" CONTENT="wore" WC="1.00" CC="0000"/>
						<SP ID="P27_SP00109" HPOS="607" VPOS="665" WIDTH="18"/>
						<String ID="P27_ST00130" HPOS="625" VPOS="640" WIDTH="62" HEIGHT="33" CONTENT="only" WC="0.70" CC="0506"/>
						<SP ID="P27_SP00110" HPOS="687" VPOS="673" WIDTH="13"/>
						<String ID="P27_ST00131" HPOS="700" VPOS="648" WIDTH="16" HEIGHT="16" CONTENT="a" WC="1.00" CC="0"/>
						<SP ID="P27_SP00111" HPOS="716" VPOS="673" WIDTH="12"/>
						<String ID="P27_ST00132" HPOS="728" VPOS="640" WIDTH="100" HEIGHT="24" CONTENT="ribbon." WC="0.86" CC="5000040"/>
						<SP ID="P27_SP00112" HPOS="828" VPOS="673" WIDTH="41"/>
						<String ID="P27_ST00133" HPOS="869" VPOS="640" WIDTH="67" HEIGHT="23" CONTENT="Kate" WC="0.83" CC="0041"/>
					</TextLine>
					<TextLine ID="P27_TL00016" HPOS="49" VPOS="681" WIDTH="886" HEIGHT="32">
						<String ID="P27_ST00134" HPOS="49" VPOS="681" WIDTH="88" HEIGHT="25" CONTENT="would" WC="0.68" CC="00437"/>
						<SP ID="P27_SP00113" HPOS="137" VPOS="706" WIDTH="18"/>
						<String ID="P27_ST00135" HPOS="155" VPOS="681" WIDTH="56" HEIGHT="25" CONTENT="also" WC="0.96" CC="0100"/>
						<SP ID="P27_SP00114" HPOS="211" VPOS="706" WIDTH="20"/>
						<String ID="P27_ST00136" HPOS="231" VPOS="682" WIDTH="98" HEIGHT="24" CONTENT="choose" WC="0.97" CC="000010"/>
						<SP ID="P27_SP00115" HPOS="329" VPOS="706" WIDTH="12"/>
						<String ID="P27_ST00137" HPOS="341" VPOS="682" WIDTH="47" HEIGHT="24" CONTENT="her" WC="1.00" CC="000"/>
						<SP ID="P27_SP00116" HPOS="388" VPOS="706" WIDTH="13"/>
						<String ID="P27_ST00138" HPOS="401" VPOS="681" WIDTH="103" HEIGHT="25" CONTENT="colours" WC="0.87" CC="0041020"/>
						<SP ID="P27_SP00117" HPOS="504" VPOS="706" WIDTH="14"/>
						<String ID="P27_ST00139" HPOS="518" VPOS="690" WIDTH="16" HEIGHT="16" CONTENT="a" WC="0.68" CC="3"/>
						<SP ID="P27_SP00118" HPOS="534" VPOS="706" WIDTH="12"/>
						<String ID="P27_ST00140" HPOS="546" VPOS="683" WIDTH="83" HEIGHT="23" CONTENT="shade" WC="0.96" CC="01000"/>
						<SP ID="P27_SP00119" HPOS="629" VPOS="706" WIDTH="12"/>
						<String ID="P27_ST00141" HPOS="641" VPOS="682" WIDTH="124" HEIGHT="31" CONTENT="brighter," WC="0.90" CC="023030000"/>
						<SP ID="P27_SP00120" HPOS="765" VPOS="713" WIDTH="15"/>
						<String ID="P27_ST00142" HPOS="780" VPOS="682" WIDTH="52" HEIGHT="24" CONTENT="and" WC="0.85" CC="200"/>
						<SP ID="P27_SP00121" HPOS="832" VPOS="713" WIDTH="14"/>
						<String ID="P27_ST00143" HPOS="846" VPOS="681" WIDTH="42" HEIGHT="31" CONTENT="lay" WC="0.92" CC="001"/>
						<SP ID="P27_SP00122" HPOS="888" VPOS="713" WIDTH="14"/>
						<String ID="P27_ST00144" HPOS="902" VPOS="690" WIDTH="33" HEIGHT="15" CONTENT="on" WC="0.68" CC="06"/>
					</TextLine>
					<TextLine ID="P27_TL00017" HPOS="51" VPOS="722" WIDTH="885" HEIGHT="31">
						<String ID="P27_ST00145" HPOS="51" VPOS="731" WIDTH="72" HEIGHT="16" CONTENT="more" WC="0.92" CC="0030"/>
						<SP ID="P27_SP00123" HPOS="123" VPOS="747" WIDTH="19"/>
						<String ID="P27_ST00146" HPOS="142" VPOS="722" WIDTH="29" HEIGHT="25" CONTENT="of" WC="1.00" CC="00"/>
						<SP ID="P27_SP00124" HPOS="171" VPOS="747" WIDTH="15"/>
						<String ID="P27_ST00147" HPOS="186" VPOS="723" WIDTH="82" HEIGHT="29" CONTENT="them," WC="1.00" CC="00000"/>
						<SP ID="P27_SP00125" HPOS="268" VPOS="752" WIDTH="14"/>
						<String ID="P27_ST00148" HPOS="282" VPOS="723" WIDTH="65" HEIGHT="24" CONTENT="than" WC="0.89" CC="0004"/>
						<SP ID="P27_SP00126" HPOS="347" VPOS="752" WIDTH="17"/>
						<String ID="P27_ST00149" HPOS="364" VPOS="723" WIDTH="45" HEIGHT="23" CONTENT="the" WC="0.82" CC="500"/>
						<SP ID="P27_SP00127" HPOS="409" VPOS="752" WIDTH="20"/>
						<String ID="P27_ST00150" HPOS="429" VPOS="723" WIDTH="89" HEIGHT="24" CONTENT="others" WC="0.96" CC="000001"/>
						<String ID="P27_ST00151" HPOS="528" VPOS="731" WIDTH="7" HEIGHT="22" CONTENT=";" WC="0.50" CC="4"/>
						<SP ID="P27_SP00128" HPOS="535" VPOS="753" WIDTH="21"/>
						<String ID="P27_ST00152" HPOS="556" VPOS="731" WIDTH="28" HEIGHT="16" CONTENT="so" WC="1.00" CC="00"/>
						<SP ID="P27_SP00129" HPOS="584" VPOS="753" WIDTH="17"/>
						<String ID="P27_ST00153" HPOS="601" VPOS="723" WIDTH="58" HEIGHT="24" CONTENT="that" WC="0.69" CC="5600"/>
						<SP ID="P27_SP00130" HPOS="659" VPOS="753" WIDTH="21"/>
						<String ID="P27_ST00154" HPOS="680" VPOS="730" WIDTH="68" HEIGHT="21" CONTENT="now," WC="0.88" CC="0003"/>
						<SP ID="P27_SP00131" HPOS="748" VPOS="753" WIDTH="13"/>
						<String ID="P27_ST00155" HPOS="761" VPOS="722" WIDTH="97" HEIGHT="31" CONTENT="bright," WC="0.79" CC="0430060"/>
						<SP ID="P27_SP00132" HPOS="858" VPOS="753" WIDTH="14"/>
						<String ID="P27_ST00156" HPOS="872" VPOS="722" WIDTH="64" HEIGHT="23" CONTENT="hard" WC="0.88" CC="0400"/>
					</TextLine>
					<TextLine ID="P27_TL00018" HPOS="51" VPOS="762" WIDTH="885" HEIGHT="33">
						<String ID="P27_ST00157" HPOS="51" VPOS="764" WIDTH="59" HEIGHT="24" CONTENT="blue" WC="0.94" CC="0000"/>
						<SP ID="P27_SP00133" HPOS="110" VPOS="788" WIDTH="24"/>
						<String ID="P27_ST00158" HPOS="134" VPOS="764" WIDTH="198" HEIGHT="31" CONTENT="predominated" WC="0.81" CC="030007711000"/>
						<SP ID="P27_SP00134" HPOS="332" VPOS="795" WIDTH="22"/>
						<String ID="P27_ST00159" HPOS="354" VPOS="763" WIDTH="26" HEIGHT="25" CONTENT="in" WC="0.66" CC="15"/>
						<SP ID="P27_SP00135" HPOS="380" VPOS="795" WIDTH="22"/>
						<String ID="P27_ST00160" HPOS="402" VPOS="763" WIDTH="47" HEIGHT="24" CONTENT="her" WC="0.73" CC="304"/>
						<SP ID="P27_SP00136" HPOS="449" VPOS="795" WIDTH="19"/>
						<String ID="P27_ST00161" HPOS="468" VPOS="763" WIDTH="77" HEIGHT="25" CONTENT="attire" WC="0.84" CC="500110"/>
						<SP ID="P27_SP00137" HPOS="545" VPOS="795" WIDTH="20"/>
						<String ID="P27_ST00162" HPOS="565" VPOS="771" WIDTH="63" HEIGHT="17" CONTENT="over" WC="1.00" CC="0000"/>
						<SP ID="P27_SP00138" HPOS="628" VPOS="795" WIDTH="24"/>
						<String ID="P27_ST00163" HPOS="652" VPOS="762" WIDTH="98" HEIGHT="33" CONTENT="Milly's" WC="0.75" CC="0360410"/>
						<SP ID="P27_SP00139" HPOS="750" VPOS="795" WIDTH="26"/>
						<String ID="P27_ST00164" HPOS="776" VPOS="770" WIDTH="85" HEIGHT="24" CONTENT="greys," WC="0.87" CC="050200"/>
						<SP ID="P27_SP00140" HPOS="861" VPOS="795" WIDTH="19"/>
						<String ID="P27_ST00165" HPOS="880" VPOS="762" WIDTH="56" HEIGHT="32" CONTENT="just" WC="0.67" CC="0336"/>
					</TextLine>
					<TextLine ID="P27_TL00019" HPOS="51" VPOS="802" WIDTH="885" HEIGHT="35">
						<String ID="P27_ST00166" HPOS="51" VPOS="805" WIDTH="101" HEIGHT="31" CONTENT="lighted" WC="0.71" CC="0655200"/>
						<SP ID="P27_SP00141" HPOS="152" VPOS="836" WIDTH="23"/>
						<String ID="P27_ST00167" HPOS="175" VPOS="813" WIDTH="34" HEIGHT="23" CONTENT="up" WC="1.00" CC="00"/>
						<SP ID="P27_SP00142" HPOS="209" VPOS="836" WIDTH="22"/>
						<String ID="P27_ST00168" HPOS="231" VPOS="805" WIDTH="34" HEIGHT="32" CONTENT="by" WC="0.53" CC="45"/>
						<SP ID="P27_SP00143" HPOS="265" VPOS="837" WIDTH="21"/>
						<String ID="P27_ST00169" HPOS="286" VPOS="805" WIDTH="44" HEIGHT="23" CONTENT="the" WC="1.00" CC="000"/>
						<SP ID="P27_SP00144" HPOS="330" VPOS="837" WIDTH="22"/>
						<String ID="P27_ST00170" HPOS="352" VPOS="811" WIDTH="74" HEIGHT="18" CONTENT="same" WC="0.84" CC="0330"/>
						<SP ID="P27_SP00145" HPOS="426" VPOS="837" WIDTH="22"/>
						<String ID="P27_ST00171" HPOS="448" VPOS="805" WIDTH="60" HEIGHT="24" CONTENT="hue." WC="1.00" CC="0000"/>
						<SP ID="P27_SP00146" HPOS="508" VPOS="837" WIDTH="38"/>
						<String ID="P27_ST00172" HPOS="546" VPOS="804" WIDTH="98" HEIGHT="32" CONTENT="Milly's" WC="0.78" CC="3213400"/>
						<SP ID="P27_SP00147" HPOS="644" VPOS="837" WIDTH="24"/>
						<String ID="P27_ST00173" HPOS="668" VPOS="804" WIDTH="75" HEIGHT="24" CONTENT="dress" WC="0.82" CC="02022"/>
						<SP ID="P27_SP00148" HPOS="743" VPOS="837" WIDTH="24"/>
						<String ID="P27_ST00174" HPOS="767" VPOS="803" WIDTH="56" HEIGHT="25" CONTENT="also" WC="0.99" CC="0000"/>
						<SP ID="P27_SP00149" HPOS="823" VPOS="837" WIDTH="21"/>
						<String ID="P27_ST00175" HPOS="844" VPOS="802" WIDTH="92" HEIGHT="25" CONTENT="flowed" WC="1.00" CC="000000"/>
					</TextLine>
					<TextLine ID="P27_TL00020" HPOS="52" VPOS="843" WIDTH="883" HEIGHT="33">
						<String ID="P27_ST00176" HPOS="52" VPOS="846" WIDTH="84" HEIGHT="24" CONTENT="round" WC="0.80" CC="10340"/>
						<SP ID="P27_SP00150" HPOS="136" VPOS="870" WIDTH="18"/>
						<String ID="P27_ST00177" HPOS="154" VPOS="845" WIDTH="48" HEIGHT="24" CONTENT="her" WC="0.77" CC="401"/>
						<SP ID="P27_SP00151" HPOS="202" VPOS="870" WIDTH="12"/>
						<String ID="P27_ST00178" HPOS="214" VPOS="845" WIDTH="26" HEIGHT="24" CONTENT="in" WC="0.59" CC="34"/>
						<SP ID="P27_SP00152" HPOS="240" VPOS="870" WIDTH="14"/>
						<String ID="P27_ST00179" HPOS="254" VPOS="844" WIDTH="82" HEIGHT="26" CONTENT="softer" WC="0.93" CC="012000"/>
						<SP ID="P27_SP00153" HPOS="336" VPOS="870" WIDTH="11"/>
						<String ID="P27_ST00180" HPOS="347" VPOS="845" WIDTH="68" HEIGHT="25" CONTENT="folds" WC="0.86" CC="20040"/>
						<SP ID="P27_SP00154" HPOS="415" VPOS="870" WIDTH="10"/>
						<String ID="P27_ST00181" HPOS="425" VPOS="855" WIDTH="7" HEIGHT="21" CONTENT=";" WC="0.30" CC="6"/>
						<SP ID="P27_SP00155" HPOS="432" VPOS="876" WIDTH="20"/>
						<String ID="P27_ST00182" HPOS="452" VPOS="846" WIDTH="52" HEIGHT="24" CONTENT="and" WC="0.99" CC="000"/>
						<SP ID="P27_SP00156" HPOS="504" VPOS="876" WIDTH="14"/>
						<String ID="P27_ST00183" HPOS="518" VPOS="844" WIDTH="125" HEIGHT="26" CONTENT="Connie's" WC="0.79" CC="00565000"/>
						<SP ID="P27_SP00157" HPOS="643" VPOS="876" WIDTH="13"/>
						<String ID="P27_ST00184" HPOS="656" VPOS="844" WIDTH="52" HEIGHT="25" CONTENT="had" WC="0.74" CC="016"/>
						<SP ID="P27_SP00158" HPOS="708" VPOS="876" WIDTH="13"/>
						<String ID="P27_ST00185" HPOS="721" VPOS="844" WIDTH="45" HEIGHT="24" CONTENT="the" WC="0.93" CC="020"/>
						<SP ID="P27_SP00159" HPOS="766" VPOS="876" WIDTH="14"/>
						<String ID="P27_ST00186" HPOS="780" VPOS="843" WIDTH="155" HEIGHT="25" CONTENT="misfortune" WC="0.75" CC="6530000063"/>
					</TextLine>
					<TextLine ID="P27_TL00021" HPOS="53" VPOS="886" WIDTH="425" HEIGHT="29">
						<String ID="P27_ST00187" HPOS="53" VPOS="890" WIDTH="25" HEIGHT="21" CONTENT="to" WC="0.70" CC="41"/>
						<SP ID="P27_SP00160" HPOS="78" VPOS="911" WIDTH="15"/>
						<String ID="P27_ST00188" HPOS="93" VPOS="886" WIDTH="50" HEIGHT="25" CONTENT="soil" WC="0.67" CC="0076"/>
						<SP ID="P27_SP00161" HPOS="143" VPOS="911" WIDTH="13"/>
						<String ID="P27_ST00189" HPOS="156" VPOS="886" WIDTH="52" HEIGHT="24" CONTENT="and" WC="0.86" CC="040"/>
						<SP ID="P27_SP00162" HPOS="208" VPOS="911" WIDTH="14"/>
						<String ID="P27_ST00190" HPOS="222" VPOS="886" WIDTH="67" HEIGHT="29" CONTENT="spoil" WC="0.68" CC="01264"/>
						<SP ID="P27_SP00163" HPOS="289" VPOS="915" WIDTH="14"/>
						<String ID="P27_ST00191" HPOS="303" VPOS="886" WIDTH="44" HEIGHT="24" CONTENT="the" WC="0.80" CC="130"/>
						<SP ID="P27_SP00164" HPOS="347" VPOS="915" WIDTH="14"/>
						<String ID="P27_ST00192" HPOS="361" VPOS="890" WIDTH="117" HEIGHT="21" CONTENT="soonest." WC="0.90" CC="00020050"/>
					</TextLine>
				</TextBlock>
				<TextBlock ID="P27_TB00005" HPOS="47" VPOS="924" WIDTH="887" HEIGHT="444" STYLEREFS="TXT_1 PAR_LEFT">
					<TextLine ID="P27_TL00022" HPOS="87" VPOS="925" WIDTH="847" HEIGHT="33">
						<String ID="P27_ST00193" HPOS="87" VPOS="927" WIDTH="90" HEIGHT="23" CONTENT="Kate's" WC="0.98" CC="000000"/>
						<SP ID="P27_SP00165" HPOS="177" VPOS="950" WIDTH="14"/>
						<String ID="P27_ST00194" HPOS="191" VPOS="926" WIDTH="57" HEIGHT="24" CONTENT="hair" WC="0.75" CC="0270"/>
						<SP ID="P27_SP00166" HPOS="248" VPOS="950" WIDTH="13"/>
						<String ID="P27_ST00195" HPOS="261" VPOS="927" WIDTH="52" HEIGHT="23" CONTENT="had" WC="0.73" CC="170"/>
						<SP ID="P27_SP00167" HPOS="313" VPOS="950" WIDTH="13"/>
						<String ID="P27_ST00196" HPOS="326" VPOS="935" WIDTH="15" HEIGHT="15" CONTENT="a" WC="1.00" CC="0"/>
						<SP ID="P27_SP00168" HPOS="341" VPOS="950" WIDTH="14"/>
						<String ID="P27_ST00197" HPOS="355" VPOS="927" WIDTH="96" HEIGHT="31" CONTENT="golden" WC="0.80" CC="500006"/>
						<SP ID="P27_SP00169" HPOS="451" VPOS="958" WIDTH="19"/>
						<String ID="P27_ST00198" HPOS="470" VPOS="927" WIDTH="81" HEIGHT="31" CONTENT="ripple" WC="0.81" CC="160200"/>
						<SP ID="P27_SP00170" HPOS="551" VPOS="958" WIDTH="21"/>
						<String ID="P27_ST00199" HPOS="572" VPOS="926" WIDTH="26" HEIGHT="24" CONTENT="in" WC="0.71" CC="50"/>
						<SP ID="P27_SP00171" HPOS="598" VPOS="958" WIDTH="14"/>
						<String ID="P27_ST00200" HPOS="612" VPOS="926" WIDTH="28" HEIGHT="24" CONTENT="it." WC="0.56" CC="660"/>
						<SP ID="P27_SP00172" HPOS="640" VPOS="958" WIDTH="38"/>
						<String ID="P27_ST00201" HPOS="678" VPOS="926" WIDTH="58" HEIGHT="23" CONTENT="Her" WC="1.00" CC="000"/>
						<SP ID="P27_SP00173" HPOS="736" VPOS="958" WIDTH="12"/>
						<String ID="P27_ST00202" HPOS="748" VPOS="925" WIDTH="50" HEIGHT="31" CONTENT="lips" WC="0.76" CC="3500"/>
						<SP ID="P27_SP00174" HPOS="798" VPOS="958" WIDTH="13"/>
						<String ID="P27_ST00203" HPOS="811" VPOS="933" WIDTH="67" HEIGHT="16" CONTENT="were" WC="1.00" CC="0000"/>
						<SP ID="P27_SP00175" HPOS="878" VPOS="958" WIDTH="13"/>
						<String ID="P27_ST00204" HPOS="891" VPOS="925" WIDTH="43" HEIGHT="24" CONTENT="the" WC="0.91" CC="002"/>
					</TextLine>
					<TextLine ID="P27_TL00023" HPOS="50" VPOS="966" WIDTH="884" HEIGHT="33">
						<String ID="P27_ST00205" HPOS="50" VPOS="968" WIDTH="115" HEIGHT="29" CONTENT="reddest," WC="0.68" CC="65320024"/>
						<SP ID="P27_SP00176" HPOS="165" VPOS="997" WIDTH="7"/>
						<String ID="P27_ST00206" HPOS="172" VPOS="967" WIDTH="51" HEIGHT="24" CONTENT="and" WC="0.72" CC="340"/>
						<SP ID="P27_SP00177" HPOS="223" VPOS="997" WIDTH="9"/>
						<String ID="P27_ST00207" HPOS="232" VPOS="967" WIDTH="47" HEIGHT="24" CONTENT="her" WC="1.00" CC="000"/>
						<SP ID="P27_SP00178" HPOS="279" VPOS="997" WIDTH="7"/>
						<String ID="P27_ST00208" HPOS="286" VPOS="975" WIDTH="62" HEIGHT="24" CONTENT="eyes" WC="0.93" CC="0200"/>
						<SP ID="P27_SP00179" HPOS="348" VPOS="999" WIDTH="11"/>
						<String ID="P27_ST00209" HPOS="359" VPOS="967" WIDTH="44" HEIGHT="25" CONTENT="the" WC="1.00" CC="000"/>
						<SP ID="P27_SP00180" HPOS="403" VPOS="999" WIDTH="14"/>
						<String ID="P27_ST00210" HPOS="417" VPOS="967" WIDTH="130" HEIGHT="32" CONTENT="brightest" WC="0.78" CC="306710000"/>
						<SP ID="P27_SP00181" HPOS="547" VPOS="999" WIDTH="14"/>
						<String ID="P27_ST00211" HPOS="561" VPOS="966" WIDTH="29" HEIGHT="25" CONTENT="of" WC="0.86" CC="02"/>
						<SP ID="P27_SP00182" HPOS="590" VPOS="999" WIDTH="9"/>
						<String ID="P27_ST00212" HPOS="599" VPOS="966" WIDTH="45" HEIGHT="24" CONTENT="the" WC="0.81" CC="500"/>
						<SP ID="P27_SP00183" HPOS="644" VPOS="999" WIDTH="12"/>
						<String ID="P27_ST00213" HPOS="656" VPOS="966" WIDTH="59" HEIGHT="24" CONTENT="trio." WC="0.82" CC="00530"/>
						<SP ID="P27_SP00184" HPOS="715" VPOS="999" WIDTH="30"/>
						<String ID="P27_ST00214" HPOS="745" VPOS="966" WIDTH="53" HEIGHT="24" CONTENT="She" WC="0.88" CC="030"/>
						<SP ID="P27_SP00185" HPOS="798" VPOS="999" WIDTH="13"/>
						<String ID="P27_ST00215" HPOS="811" VPOS="973" WIDTH="55" HEIGHT="17" CONTENT="was" WC="0.89" CC="030"/>
						<SP ID="P27_SP00186" HPOS="866" VPOS="999" WIDTH="13"/>
						<String ID="P27_ST00216" HPOS="879" VPOS="966" WIDTH="55" HEIGHT="23" CONTENT="also" WC="0.94" CC="1000"/>
					</TextLine>
					<TextLine ID="P27_TL00024" HPOS="49" VPOS="1006" WIDTH="885" HEIGHT="35">
						<String ID="P27_ST00217" HPOS="49" VPOS="1009" WIDTH="107" HEIGHT="31" CONTENT="slightly" WC="0.57" CC="33645324"/>
						<SP ID="P27_SP00187" HPOS="156" VPOS="1040" WIDTH="10"/>
						<String ID="P27_ST00218" HPOS="166" VPOS="1008" WIDTH="114" HEIGHT="24" CONTENT="inclined" WC="0.81" CC="26003001"/>
						<SP ID="P27_SP00188" HPOS="280" VPOS="1040" WIDTH="11"/>
						<String ID="P27_ST00219" HPOS="291" VPOS="1012" WIDTH="26" HEIGHT="20" CONTENT="to" WC="1.00" CC="00"/>
						<SP ID="P27_SP00189" HPOS="317" VPOS="1040" WIDTH="8"/>
						<String ID="P27_ST00220" HPOS="325" VPOS="1008" WIDTH="171" HEIGHT="33" CONTENT="embonpoint," WC="0.62" CC="56077800230"/>
						<SP ID="P27_SP00190" HPOS="496" VPOS="1041" WIDTH="11"/>
						<String ID="P27_ST00221" HPOS="507" VPOS="1007" WIDTH="111" HEIGHT="31" CONTENT="dimples" WC="0.87" CC="0330100"/>
						<SP ID="P27_SP00191" HPOS="618" VPOS="1041" WIDTH="12"/>
						<String ID="P27_ST00222" HPOS="630" VPOS="1007" WIDTH="114" HEIGHT="31" CONTENT="forming" WC="0.87" CC="0000440"/>
						<SP ID="P27_SP00192" HPOS="744" VPOS="1041" WIDTH="10"/>
						<String ID="P27_ST00223" HPOS="754" VPOS="1007" WIDTH="26" HEIGHT="24" CONTENT="in" WC="0.49" CC="54"/>
						<SP ID="P27_SP00193" HPOS="780" VPOS="1041" WIDTH="10"/>
						<String ID="P27_ST00224" HPOS="790" VPOS="1006" WIDTH="43" HEIGHT="25" CONTENT="the" WC="0.99" CC="000"/>
						<SP ID="P27_SP00194" HPOS="833" VPOS="1041" WIDTH="12"/>
						<String ID="P27_ST00225" HPOS="845" VPOS="1014" WIDTH="89" HEIGHT="17" CONTENT="corner" WC="0.94" CC="000003"/>
					</TextLine>
					<TextLine ID="P27_TL00025" HPOS="50" VPOS="1047" WIDTH="884" HEIGHT="34">
						<String ID="P27_ST00226" HPOS="50" VPOS="1050" WIDTH="26" HEIGHT="23" CONTENT="of" WC="0.57" CC="35"/>
						<SP ID="P27_SP00195" HPOS="76" VPOS="1073" WIDTH="10"/>
						<String ID="P27_ST00227" HPOS="86" VPOS="1049" WIDTH="46" HEIGHT="24" CONTENT="her" WC="0.93" CC="002"/>
						<SP ID="P27_SP00196" HPOS="132" VPOS="1073" WIDTH="11"/>
						<String ID="P27_ST00228" HPOS="143" VPOS="1049" WIDTH="100" HEIGHT="29" CONTENT="mouth," WC="0.77" CC="015330"/>
						<SP ID="P27_SP00197" HPOS="243" VPOS="1078" WIDTH="12"/>
						<String ID="P27_ST00229" HPOS="255" VPOS="1049" WIDTH="53" HEIGHT="24" CONTENT="and" WC="0.71" CC="035"/>
						<SP ID="P27_SP00198" HPOS="308" VPOS="1078" WIDTH="9"/>
						<String ID="P27_ST00230" HPOS="317" VPOS="1049" WIDTH="134" HEIGHT="32" CONTENT="softening" WC="0.75" CC="042006530"/>
						<SP ID="P27_SP00199" HPOS="451" VPOS="1081" WIDTH="10"/>
						<String ID="P27_ST00231" HPOS="461" VPOS="1049" WIDTH="44" HEIGHT="24" CONTENT="the" WC="0.99" CC="000"/>
						<SP ID="P27_SP00200" HPOS="505" VPOS="1081" WIDTH="14"/>
						<String ID="P27_ST00232" HPOS="519" VPOS="1049" WIDTH="99" HEIGHT="23" CONTENT="outline" WC="0.72" CC="0306170"/>
						<SP ID="P27_SP00201" HPOS="618" VPOS="1081" WIDTH="12"/>
						<String ID="P27_ST00233" HPOS="630" VPOS="1048" WIDTH="29" HEIGHT="23" CONTENT="of" WC="0.88" CC="02"/>
						<SP ID="P27_SP00202" HPOS="659" VPOS="1081" WIDTH="10"/>
						<String ID="P27_ST00234" HPOS="669" VPOS="1056" WIDTH="15" HEIGHT="15" CONTENT="a" WC="1.00" CC="0"/>
						<SP ID="P27_SP00203" HPOS="684" VPOS="1081" WIDTH="13"/>
						<String ID="P27_ST00235" HPOS="697" VPOS="1047" WIDTH="58" HEIGHT="24" CONTENT="firm" WC="0.74" CC="4401"/>
						<SP ID="P27_SP00204" HPOS="755" VPOS="1081" WIDTH="14"/>
						<String ID="P27_ST00236" HPOS="769" VPOS="1048" WIDTH="82" HEIGHT="30" CONTENT="proud" WC="0.99" CC="00000"/>
						<SP ID="P27_SP00205" HPOS="851" VPOS="1081" WIDTH="14"/>
						<String ID="P27_ST00237" HPOS="865" VPOS="1047" WIDTH="69" HEIGHT="24" CONTENT="chin." WC="0.88" CC="00600"/>
					</TextLine>
					<TextLine ID="P27_TL00026" HPOS="50" VPOS="1087" WIDTH="882" HEIGHT="35">
						<String ID="P27_ST00238" HPOS="50" VPOS="1090" WIDTH="76" HEIGHT="32" CONTENT="Milly" WC="0.72" CC="03423"/>
						<SP ID="P27_SP00206" HPOS="126" VPOS="1122" WIDTH="12"/>
						<String ID="P27_ST00239" HPOS="138" VPOS="1098" WIDTH="54" HEIGHT="17" CONTENT="was" WC="0.89" CC="003"/>
						<SP ID="P27_SP00207" HPOS="192" VPOS="1122" WIDTH="21"/>
						<String ID="P27_ST00240" HPOS="213" VPOS="1090" WIDTH="147" HEIGHT="31" CONTENT="altogether" WC="0.88" CC="0001203300"/>
						<SP ID="P27_SP00208" HPOS="360" VPOS="1122" WIDTH="20"/>
						<String ID="P27_ST00241" HPOS="380" VPOS="1090" WIDTH="72" HEIGHT="31" CONTENT="paler" WC="0.92" CC="04000"/>
						<SP ID="P27_SP00209" HPOS="452" VPOS="1122" WIDTH="18"/>
						<String ID="P27_ST00242" HPOS="470" VPOS="1090" WIDTH="52" HEIGHT="24" CONTENT="and" WC="0.81" CC="050"/>
						<SP ID="P27_SP00210" HPOS="522" VPOS="1122" WIDTH="23"/>
						<String ID="P27_ST00243" HPOS="545" VPOS="1088" WIDTH="84" HEIGHT="31" CONTENT="fairer," WC="0.79" CC="0064003"/>
						<SP ID="P27_SP00211" HPOS="629" VPOS="1122" WIDTH="15"/>
						<String ID="P27_ST00244" HPOS="644" VPOS="1088" WIDTH="64" HEIGHT="25" CONTENT="with" WC="0.74" CC="0603"/>
						<SP ID="P27_SP00212" HPOS="708" VPOS="1122" WIDTH="20"/>
						<String ID="P27_ST00245" HPOS="728" VPOS="1096" WIDTH="72" HEIGHT="16" CONTENT="more" WC="0.85" CC="0410"/>
						<SP ID="P27_SP00213" HPOS="800" VPOS="1122" WIDTH="21"/>
						<String ID="P27_ST00246" HPOS="821" VPOS="1087" WIDTH="111" HEIGHT="25" CONTENT="delicate" WC="0.93" CC="00050000"/>
					</TextLine>
					<TextLine ID="P27_TL00027" HPOS="49" VPOS="1131" WIDTH="885" HEIGHT="30">
						<String ID="P27_ST00247" HPOS="49" VPOS="1131" WIDTH="123" HEIGHT="30" CONTENT="features," WC="0.88" CC="700000002"/>
						<SP ID="P27_SP00214" HPOS="172" VPOS="1161" WIDTH="15"/>
						<String ID="P27_ST00248" HPOS="187" VPOS="1131" WIDTH="51" HEIGHT="24" CONTENT="and" WC="0.59" CC="470"/>
						<SP ID="P27_SP00215" HPOS="238" VPOS="1161" WIDTH="23"/>
						<String ID="P27_ST00249" HPOS="261" VPOS="1139" WIDTH="15" HEIGHT="16" CONTENT="a" WC="0.52" CC="4"/>
						<SP ID="P27_SP00216" HPOS="276" VPOS="1161" WIDTH="20"/>
						<String ID="P27_ST00250" HPOS="296" VPOS="1140" WIDTH="72" HEIGHT="16" CONTENT="more" WC="1.00" CC="0000"/>
						<SP ID="P27_SP00217" HPOS="368" VPOS="1161" WIDTH="20"/>
						<String ID="P27_ST00251" HPOS="388" VPOS="1131" WIDTH="104" HEIGHT="25" CONTENT="slender" WC="0.83" CC="1205100"/>
						<SP ID="P27_SP00218" HPOS="492" VPOS="1161" WIDTH="18"/>
						<String ID="P27_ST00252" HPOS="510" VPOS="1131" WIDTH="91" HEIGHT="24" CONTENT="frame." WC="0.83" CC="120402"/>
						<SP ID="P27_SP00219" HPOS="601" VPOS="1161" WIDTH="39"/>
						<String ID="P27_ST00253" HPOS="640" VPOS="1131" WIDTH="56" HEIGHT="23" CONTENT="Her" WC="0.89" CC="300"/>
						<SP ID="P27_SP00220" HPOS="696" VPOS="1161" WIDTH="13"/>
						<String ID="P27_ST00254" HPOS="709" VPOS="1134" WIDTH="116" HEIGHT="27" CONTENT="greatest" WC="0.91" CC="21000012"/>
						<SP ID="P27_SP00221" HPOS="825" VPOS="1161" WIDTH="13"/>
						<String ID="P27_ST00255" HPOS="838" VPOS="1131" WIDTH="96" HEIGHT="30" CONTENT="beauty" WC="0.83" CC="000036"/>
					</TextLine>
					<TextLine ID="P27_TL00028" HPOS="49" VPOS="1172" WIDTH="884" HEIGHT="33">
						<String ID="P27_ST00256" HPOS="49" VPOS="1174" WIDTH="43" HEIGHT="31" CONTENT="lay" WC="0.87" CC="102"/>
						<SP ID="P27_SP00222" HPOS="92" VPOS="1205" WIDTH="12"/>
						<String ID="P27_ST00257" HPOS="104" VPOS="1173" WIDTH="28" HEIGHT="25" CONTENT="in" WC="0.36" CC="65"/>
						<SP ID="P27_SP00223" HPOS="132" VPOS="1205" WIDTH="13"/>
						<String ID="P27_ST00258" HPOS="145" VPOS="1181" WIDTH="15" HEIGHT="16" CONTENT="a" WC="1.00" CC="0"/>
						<SP ID="P27_SP00224" HPOS="160" VPOS="1205" WIDTH="14"/>
						<String ID="P27_ST00259" HPOS="174" VPOS="1172" WIDTH="56" HEIGHT="32" CONTENT="pair" WC="0.83" CC="0060"/>
						<SP ID="P27_SP00225" HPOS="230" VPOS="1205" WIDTH="19"/>
						<String ID="P27_ST00260" HPOS="249" VPOS="1172" WIDTH="30" HEIGHT="25" CONTENT="of" WC="1.00" CC="00"/>
						<SP ID="P27_SP00226" HPOS="279" VPOS="1205" WIDTH="14"/>
						<String ID="P27_ST00261" HPOS="293" VPOS="1173" WIDTH="85" HEIGHT="31" CONTENT="lovely" WC="0.90" CC="000004"/>
						<SP ID="P27_SP00227" HPOS="378" VPOS="1205" WIDTH="13"/>
						<String ID="P27_ST00262" HPOS="391" VPOS="1173" WIDTH="59" HEIGHT="24" CONTENT="blue" WC="1.00" CC="0000"/>
						<SP ID="P27_SP00228" HPOS="450" VPOS="1205" WIDTH="21"/>
						<String ID="P27_ST00263" HPOS="471" VPOS="1181" WIDTH="70" HEIGHT="23" CONTENT="eyes," WC="0.88" CC="05000"/>
						<SP ID="P27_SP00229" HPOS="541" VPOS="1205" WIDTH="16"/>
						<String ID="P27_ST00264" HPOS="557" VPOS="1172" WIDTH="86" HEIGHT="25" CONTENT="which" WC="0.69" CC="03325"/>
						<SP ID="P27_SP00230" HPOS="643" VPOS="1205" WIDTH="22"/>
						<String ID="P27_ST00265" HPOS="665" VPOS="1172" WIDTH="19" HEIGHT="24" CONTENT="it" WC="0.83" CC="30"/>
						<SP ID="P27_SP00231" HPOS="684" VPOS="1205" WIDTH="13"/>
						<String ID="P27_ST00266" HPOS="697" VPOS="1179" WIDTH="56" HEIGHT="17" CONTENT="was" WC="0.94" CC="001"/>
						<SP ID="P27_SP00232" HPOS="753" VPOS="1205" WIDTH="21"/>
						<String ID="P27_ST00267" HPOS="774" VPOS="1180" WIDTH="34" HEIGHT="15" CONTENT="no" WC="0.67" CC="60"/>
						<SP ID="P27_SP00233" HPOS="808" VPOS="1205" WIDTH="14"/>
						<String ID="P27_ST00268" HPOS="822" VPOS="1179" WIDTH="111" HEIGHT="24" CONTENT="exagge" SUBS_TYPE="HypPart1" SUBS_CONTENT="exaggeration" WC="0.90" CC="0401001"/>
						<HYP CONTENT="-"/>
					</TextLine>
					<TextLine ID="P27_TL00029" HPOS="50" VPOS="1212" WIDTH="884" HEIGHT="34">
						<String ID="P27_ST00269" HPOS="50" VPOS="1214" WIDTH="85" HEIGHT="25" CONTENT="ration" SUBS_TYPE="HypPart2" SUBS_CONTENT="exaggeration" WC="0.76" CC="030505"/>
						<SP ID="P27_SP00234" HPOS="135" VPOS="1239" WIDTH="13"/>
						<String ID="P27_ST00270" HPOS="148" VPOS="1218" WIDTH="28" HEIGHT="20" CONTENT="to" WC="1.00" CC="00"/>
						<SP ID="P27_SP00235" HPOS="176" VPOS="1239" WIDTH="22"/>
						<String ID="P27_ST00271" HPOS="198" VPOS="1214" WIDTH="49" HEIGHT="24" CONTENT="call" WC="0.89" CC="0201"/>
						<SP ID="P27_SP00236" HPOS="247" VPOS="1239" WIDTH="21"/>
						<String ID="P27_ST00272" HPOS="268" VPOS="1214" WIDTH="138" HEIGHT="32" CONTENT="heavenly." WC="0.87" CC="000004330"/>
						<SP ID="P27_SP00237" HPOS="406" VPOS="1246" WIDTH="37"/>
						<String ID="P27_ST00273" HPOS="443" VPOS="1213" WIDTH="77" HEIGHT="33" CONTENT="They" WC="0.74" CC="6003"/>
						<SP ID="P27_SP00238" HPOS="520" VPOS="1246" WIDTH="14"/>
						<String ID="P27_ST00274" HPOS="534" VPOS="1214" WIDTH="144" HEIGHT="31" CONTENT="suggested" WC="0.95" CC="003000000"/>
						<SP ID="P27_SP00239" HPOS="678" VPOS="1246" WIDTH="15"/>
						<String ID="P27_ST00275" HPOS="693" VPOS="1212" WIDTH="152" HEIGHT="25" CONTENT="saintliness" WC="0.75" CC="04670053000"/>
						<SP ID="P27_SP00240" HPOS="845" VPOS="1246" WIDTH="11"/>
						<String ID="P27_ST00276" HPOS="856" VPOS="1220" WIDTH="6" HEIGHT="22" CONTENT=";" WC="0.56" CC="4"/>
						<SP ID="P27_SP00241" HPOS="862" VPOS="1246" WIDTH="21"/>
						<String ID="P27_ST00277" HPOS="883" VPOS="1213" WIDTH="51" HEIGHT="23" CONTENT="and" WC="0.80" CC="013"/>
					</TextLine>
					<TextLine ID="P27_TL00030" HPOS="49" VPOS="1253" WIDTH="884" HEIGHT="33">
						<String ID="P27_ST00278" HPOS="49" VPOS="1256" WIDTH="72" HEIGHT="24" CONTENT="there" WC="0.86" CC="24000"/>
						<SP ID="P27_SP00242" HPOS="121" VPOS="1280" WIDTH="22"/>
						<String ID="P27_ST00279" HPOS="143" VPOS="1264" WIDTH="64" HEIGHT="21" CONTENT="was," WC="0.94" CC="0002"/>
						<SP ID="P27_SP00243" HPOS="207" VPOS="1285" WIDTH="15"/>
						<String ID="P27_ST00280" HPOS="222" VPOS="1255" WIDTH="26" HEIGHT="24" CONTENT="in" WC="0.53" CC="53"/>
						<SP ID="P27_SP00244" HPOS="248" VPOS="1285" WIDTH="22"/>
						<String ID="P27_ST00281" HPOS="270" VPOS="1255" WIDTH="80" HEIGHT="30" CONTENT="truth," WC="0.85" CC="040004"/>
						<SP ID="P27_SP00245" HPOS="350" VPOS="1285" WIDTH="14"/>
						<String ID="P27_ST00282" HPOS="364" VPOS="1264" WIDTH="16" HEIGHT="15" CONTENT="a" WC="0.67" CC="3"/>
						<SP ID="P27_SP00246" HPOS="380" VPOS="1285" WIDTH="18"/>
						<String ID="P27_ST00283" HPOS="398" VPOS="1255" WIDTH="67" HEIGHT="31" CONTENT="deep" WC="1.00" CC="0000"/>
						<SP ID="P27_SP00247" HPOS="465" VPOS="1286" WIDTH="14"/>
						<String ID="P27_ST00284" HPOS="479" VPOS="1254" WIDTH="82" HEIGHT="26" CONTENT="strain" WC="0.64" CC="341056"/>
						<SP ID="P27_SP00248" HPOS="561" VPOS="1286" WIDTH="13"/>
						<String ID="P27_ST00285" HPOS="574" VPOS="1254" WIDTH="30" HEIGHT="25" CONTENT="of" WC="1.00" CC="00"/>
						<SP ID="P27_SP00249" HPOS="604" VPOS="1286" WIDTH="14"/>
						<String ID="P27_ST00286" HPOS="618" VPOS="1254" WIDTH="102" HEIGHT="30" CONTENT="tender," WC="0.85" CC="0031004"/>
						<SP ID="P27_SP00250" HPOS="720" VPOS="1286" WIDTH="14"/>
						<String ID="P27_ST00287" HPOS="734" VPOS="1253" WIDTH="125" HEIGHT="32" CONTENT="religious" WC="0.83" CC="300073000"/>
						<SP ID="P27_SP00251" HPOS="859" VPOS="1286" WIDTH="14"/>
						<String ID="P27_ST00288" HPOS="873" VPOS="1253" WIDTH="60" HEIGHT="24" CONTENT="feel" SUBS_TYPE="HypPart1" SUBS_CONTENT="feeling" WC="0.74" CC="50052"/>
						<HYP CONTENT="-"/>
					</TextLine>
					<TextLine ID="P27_TL00031" HPOS="49" VPOS="1295" WIDTH="885" HEIGHT="35">
						<String ID="P27_ST00289" HPOS="49" VPOS="1297" WIDTH="45" HEIGHT="33" CONTENT="ing" SUBS_TYPE="HypPart2" SUBS_CONTENT="feeling" WC="0.67" CC="405"/>
						<SP ID="P27_SP00252" HPOS="94" VPOS="1330" WIDTH="13"/>
						<String ID="P27_ST00290" HPOS="107" VPOS="1297" WIDTH="26" HEIGHT="24" CONTENT="in" WC="0.50" CC="54"/>
						<SP ID="P27_SP00253" HPOS="133" VPOS="1330" WIDTH="14"/>
						<String ID="P27_ST00291" HPOS="147" VPOS="1297" WIDTH="44" HEIGHT="24" CONTENT="the" WC="0.81" CC="410"/>
						<SP ID="P27_SP00254" HPOS="191" VPOS="1330" WIDTH="12"/>
						<String ID="P27_ST00292" HPOS="203" VPOS="1300" WIDTH="92" HEIGHT="21" CONTENT="nature" WC="0.83" CC="300600"/>
						<SP ID="P27_SP00255" HPOS="295" VPOS="1330" WIDTH="14"/>
						<String ID="P27_ST00293" HPOS="309" VPOS="1296" WIDTH="29" HEIGHT="24" CONTENT="of" WC="0.78" CC="21"/>
						<SP ID="P27_SP00256" HPOS="338" VPOS="1330" WIDTH="15"/>
						<String ID="P27_ST00294" HPOS="353" VPOS="1296" WIDTH="130" HEIGHT="24" CONTENT="Millicent" WC="0.84" CC="051040010"/>
						<SP ID="P27_SP00257" HPOS="483" VPOS="1330" WIDTH="13"/>
						<String ID="P27_ST00295" HPOS="496" VPOS="1296" WIDTH="140" HEIGHT="31" CONTENT="Vaughan," WC="0.81" CC="03530010"/>
						<SP ID="P27_SP00258" HPOS="636" VPOS="1330" WIDTH="10"/>
						<String ID="P27_ST00296" HPOS="646" VPOS="1295" WIDTH="88" HEIGHT="25" CONTENT="which" WC="0.98" CC="10000"/>
						<SP ID="P27_SP00259" HPOS="734" VPOS="1330" WIDTH="9"/>
						<String ID="P27_ST00297" HPOS="743" VPOS="1295" WIDTH="191" HEIGHT="31" CONTENT="corresponded" WC="0.80" CC="002600115003"/>
					</TextLine>
					<TextLine ID="P27_TL00032" HPOS="49" VPOS="1337" WIDTH="392" HEIGHT="31">
						<String ID="P27_ST00298" HPOS="49" VPOS="1342" WIDTH="27" HEIGHT="21" CONTENT="to" WC="0.93" CC="01"/>
						<SP ID="P27_SP00260" HPOS="76" VPOS="1363" WIDTH="13"/>
						<String ID="P27_ST00299" HPOS="89" VPOS="1338" WIDTH="44" HEIGHT="25" CONTENT="the" WC="0.68" CC="350"/>
						<SP ID="P27_SP00261" HPOS="133" VPOS="1363" WIDTH="15"/>
						<String ID="P27_ST00300" HPOS="148" VPOS="1338" WIDTH="117" HEIGHT="25" CONTENT="outward" WC="0.85" CC="0050130"/>
						<SP ID="P27_SP00262" HPOS="265" VPOS="1363" WIDTH="14"/>
						<String ID="P27_ST00301" HPOS="279" VPOS="1337" WIDTH="162" HEIGHT="31" CONTENT="expression." WC="0.84" CC="03120006040"/>
					</TextLine>
				</TextBlock>
				<TextBlock ID="P27_TB00006" HPOS="47" VPOS="1375" WIDTH="886" HEIGHT="159" STYLEREFS="TXT_1 PAR_LEFT">
					<TextLine ID="P27_TL00033" HPOS="83" VPOS="1376" WIDTH="850" HEIGHT="32">
						<String ID="P27_ST00302" HPOS="83" VPOS="1379" WIDTH="38" HEIGHT="24" CONTENT="As" WC="1.00" CC="00"/>
						<SP ID="P27_SP00263" HPOS="121" VPOS="1403" WIDTH="19"/>
						<String ID="P27_ST00303" HPOS="140" VPOS="1378" WIDTH="40" HEIGHT="25" CONTENT="for" WC="0.97" CC="000"/>
						<SP ID="P27_SP00264" HPOS="180" VPOS="1403" WIDTH="18"/>
						<String ID="P27_ST00304" HPOS="198" VPOS="1379" WIDTH="160" HEIGHT="29" CONTENT="Constance," WC="0.88" CC="0140103001"/>
						<SP ID="P27_SP00265" HPOS="358" VPOS="1408" WIDTH="15"/>
						<String ID="P27_ST00305" HPOS="373" VPOS="1379" WIDTH="46" HEIGHT="24" CONTENT="she" WC="1.00" CC="000"/>
						<SP ID="P27_SP00266" HPOS="419" VPOS="1408" WIDTH="20"/>
						<String ID="P27_ST00306" HPOS="439" VPOS="1386" WIDTH="55" HEIGHT="17" CONTENT="was" WC="1.00" CC="000"/>
						<SP ID="P27_SP00267" HPOS="494" VPOS="1408" WIDTH="14"/>
						<String ID="P27_ST00307" HPOS="508" VPOS="1379" WIDTH="53" HEIGHT="23" CONTENT="less" WC="0.92" CC="3000"/>
						<SP ID="P27_SP00268" HPOS="561" VPOS="1408" WIDTH="13"/>
						<String ID="P27_ST00308" HPOS="574" VPOS="1378" WIDTH="116" HEIGHT="25" CONTENT="ethereal" WC="0.82" CC="03203005"/>
						<SP ID="P27_SP00269" HPOS="690" VPOS="1408" WIDTH="14"/>
						<String ID="P27_ST00309" HPOS="704" VPOS="1377" WIDTH="65" HEIGHT="25" CONTENT="than" WC="1.00" CC="0000"/>
						<SP ID="P27_SP00270" HPOS="769" VPOS="1408" WIDTH="14"/>
						<String ID="P27_ST00310" HPOS="783" VPOS="1377" WIDTH="83" HEIGHT="31" CONTENT="Milly," WC="0.69" CC="054520"/>
						<SP ID="P27_SP00271" HPOS="866" VPOS="1408" WIDTH="16"/>
						<String ID="P27_ST00311" HPOS="882" VPOS="1376" WIDTH="51" HEIGHT="25" CONTENT="and" WC="0.75" CC="340"/>
					</TextLine>
					<TextLine ID="P27_TL00034" HPOS="48" VPOS="1418" WIDTH="885" HEIGHT="31">
						<String ID="P27_ST00312" HPOS="48" VPOS="1421" WIDTH="53" HEIGHT="25" CONTENT="less" WC="0.89" CC="4000"/>
						<SP ID="P27_SP00272" HPOS="101" VPOS="1446" WIDTH="14"/>
						<String ID="P27_ST00313" HPOS="115" VPOS="1420" WIDTH="132" HEIGHT="25" CONTENT="luxuriant" WC="0.67" CC="560452040"/>
						<SP ID="P27_SP00273" HPOS="247" VPOS="1446" WIDTH="12"/>
						<String ID="P27_ST00314" HPOS="259" VPOS="1420" WIDTH="66" HEIGHT="25" CONTENT="than" WC="0.81" CC="0502"/>
						<SP ID="P27_SP00274" HPOS="325" VPOS="1446" WIDTH="15"/>
						<String ID="P27_ST00315" HPOS="340" VPOS="1420" WIDTH="75" HEIGHT="25" CONTENT="Kate." WC="1.00" CC="00000"/>
						<SP ID="P27_SP00275" HPOS="415" VPOS="1446" WIDTH="39"/>
						<String ID="P27_ST00316" HPOS="454" VPOS="1419" WIDTH="53" HEIGHT="26" CONTENT="She" WC="1.00" CC="000"/>
						<SP ID="P27_SP00276" HPOS="507" VPOS="1446" WIDTH="13"/>
						<String ID="P27_ST00317" HPOS="520" VPOS="1419" WIDTH="155" HEIGHT="26" CONTENT="threatened" WC="0.86" CC="0050000501"/>
						<SP ID="P27_SP00277" HPOS="675" VPOS="1446" WIDTH="14"/>
						<String ID="P27_ST00318" HPOS="689" VPOS="1423" WIDTH="27" HEIGHT="21" CONTENT="to" WC="1.00" CC="00"/>
						<SP ID="P27_SP00278" HPOS="716" VPOS="1446" WIDTH="10"/>
						<String ID="P27_ST00319" HPOS="726" VPOS="1419" WIDTH="32" HEIGHT="24" CONTENT="be" WC="1.00" CC="00"/>
						<SP ID="P27_SP00279" HPOS="758" VPOS="1446" WIDTH="11"/>
						<String ID="P27_ST00320" HPOS="769" VPOS="1419" WIDTH="87" HEIGHT="24" CONTENT="rather" WC="0.98" CC="000000"/>
						<SP ID="P27_SP00280" HPOS="856" VPOS="1446" WIDTH="8"/>
						<String ID="P27_ST00321" HPOS="864" VPOS="1418" WIDTH="69" HEIGHT="31" CONTENT="large" WC="0.85" CC="02040"/>
					</TextLine>
					<TextLine ID="P27_TL00035" HPOS="49" VPOS="1459" WIDTH="884" HEIGHT="34">
						<String ID="P27_ST00322" HPOS="49" VPOS="1462" WIDTH="52" HEIGHT="24" CONTENT="and" WC="0.70" CC="017"/>
						<SP ID="P27_SP00281" HPOS="101" VPOS="1486" WIDTH="20"/>
						<String ID="P27_ST00323" HPOS="121" VPOS="1462" WIDTH="78" HEIGHT="31" CONTENT="bony," WC="0.85" CC="00610"/>
						<SP ID="P27_SP00282" HPOS="199" VPOS="1493" WIDTH="15"/>
						<String ID="P27_ST00324" HPOS="214" VPOS="1462" WIDTH="62" HEIGHT="23" CONTENT="both" WC="0.91" CC="0200"/>
						<SP ID="P27_SP00283" HPOS="276" VPOS="1493" WIDTH="22"/>
						<String ID="P27_ST00325" HPOS="298" VPOS="1462" WIDTH="27" HEIGHT="24" CONTENT="in" WC="0.64" CC="24"/>
						<SP ID="P27_SP00284" HPOS="325" VPOS="1493" WIDTH="18"/>
						<String ID="P27_ST00326" HPOS="343" VPOS="1461" WIDTH="58" HEIGHT="25" CONTENT="face" WC="0.79" CC="5030"/>
						<SP ID="P27_SP00285" HPOS="401" VPOS="1493" WIDTH="19"/>
						<String ID="P27_ST00327" HPOS="420" VPOS="1462" WIDTH="52" HEIGHT="23" CONTENT="and" WC="0.94" CC="010"/>
						<SP ID="P27_SP00286" HPOS="472" VPOS="1493" WIDTH="13"/>
						<String ID="P27_ST00328" HPOS="485" VPOS="1461" WIDTH="92" HEIGHT="32" CONTENT="figure," WC="0.82" CC="2215000"/>
						<SP ID="P27_SP00287" HPOS="577" VPOS="1493" WIDTH="15"/>
						<String ID="P27_ST00329" HPOS="592" VPOS="1461" WIDTH="52" HEIGHT="24" CONTENT="and" WC="0.94" CC="010"/>
						<SP ID="P27_SP00288" HPOS="644" VPOS="1493" WIDTH="14"/>
						<String ID="P27_ST00330" HPOS="658" VPOS="1461" WIDTH="47" HEIGHT="24" CONTENT="she" WC="1.00" CC="000"/>
						<SP ID="P27_SP00289" HPOS="705" VPOS="1493" WIDTH="13"/>
						<String ID="P27_ST00331" HPOS="718" VPOS="1460" WIDTH="52" HEIGHT="24" CONTENT="had" WC="0.98" CC="000"/>
						<SP ID="P27_SP00290" HPOS="770" VPOS="1493" WIDTH="14"/>
						<String ID="P27_ST00332" HPOS="784" VPOS="1468" WIDTH="34" HEIGHT="16" CONTENT="no" WC="0.81" CC="30"/>
						<SP ID="P27_SP00291" HPOS="818" VPOS="1493" WIDTH="15"/>
						<String ID="P27_ST00333" HPOS="833" VPOS="1459" WIDTH="100" HEIGHT="31" CONTENT="scrupla" WC="0.79" CC="0004018"/>
					</TextLine>
					<TextLine ID="P27_TL00036" HPOS="50" VPOS="1501" WIDTH="883" HEIGHT="33">
						<String ID="P27_ST00334" HPOS="50" VPOS="1503" WIDTH="80" HEIGHT="27" CONTENT="about" WC="0.56" CC="87023"/>
						<SP ID="P27_SP00292" HPOS="130" VPOS="1530" WIDTH="18"/>
						<String ID="P27_ST00335" HPOS="148" VPOS="1502" WIDTH="113" HEIGHT="32" CONTENT="tanning" WC="0.65" CC="0586040"/>
						<SP ID="P27_SP00293" HPOS="261" VPOS="1534" WIDTH="18"/>
						<String ID="P27_ST00336" HPOS="279" VPOS="1503" WIDTH="46" HEIGHT="25" CONTENT="her" WC="0.84" CC="400"/>
						<SP ID="P27_SP00294" HPOS="325" VPOS="1534" WIDTH="13"/>
						<String ID="P27_ST00337" HPOS="338" VPOS="1503" WIDTH="86" HEIGHT="31" CONTENT="bright" WC="0.51" CC="565262"/>
						<SP ID="P27_SP00295" HPOS="424" VPOS="1534" WIDTH="15"/>
						<String ID="P27_ST00338" HPOS="439" VPOS="1502" WIDTH="58" HEIGHT="26" CONTENT="skin" WC="0.65" CC="0066"/>
						<SP ID="P27_SP00296" HPOS="497" VPOS="1534" WIDTH="14"/>
						<String ID="P27_ST00339" HPOS="511" VPOS="1502" WIDTH="26" HEIGHT="25" CONTENT="in" WC="0.52" CC="45"/>
						<SP ID="P27_SP00297" HPOS="537" VPOS="1534" WIDTH="14"/>
						<String ID="P27_ST00340" HPOS="551" VPOS="1502" WIDTH="44" HEIGHT="28" CONTENT="the" WC="0.62" CC="083"/>
						<SP ID="P27_SP00298" HPOS="595" VPOS="1534" WIDTH="14"/>
						<String ID="P27_ST00341" HPOS="609" VPOS="1511" WIDTH="58" HEIGHT="16" CONTENT="sun." WC="0.95" CC="0020"/>
						<SP ID="P27_SP00299" HPOS="667" VPOS="1534" WIDTH="39"/>
						<String ID="P27_ST00342" HPOS="706" VPOS="1501" WIDTH="25" HEIGHT="25" CONTENT="It" WC="0.60" CC="43"/>
						<SP ID="P27_SP00300" HPOS="731" VPOS="1534" WIDTH="13"/>
						<String ID="P27_ST00343" HPOS="744" VPOS="1508" WIDTH="54" HEIGHT="18" CONTENT="was" WC="0.70" CC="026"/>
						<SP ID="P27_SP00301" HPOS="798" VPOS="1534" WIDTH="14"/>
						<String ID="P27_ST00344" HPOS="812" VPOS="1508" WIDTH="15" HEIGHT="16" CONTENT="a" WC="0.38" CC="6"/>
						<SP ID="P27_SP00302" HPOS="827" VPOS="1534" WIDTH="14"/>
						<String ID="P27_ST00345" HPOS="841" VPOS="1507" WIDTH="92" HEIGHT="25" CONTENT="graver" WC="0.67" CC="007046"/>
					</TextLine>
				</TextBlock>
				<TextBlock ID="P27_TB00007" HPOS="817" VPOS="1548" WIDTH="16" HEIGHT="20" STYLEREFS="TXT_0 PAR_RIGHT">
					<TextLine ID="P27_TL00037" HPOS="819" VPOS="1550" WIDTH="14" HEIGHT="18">
						<String ID="P27_ST00346" HPOS="819" VPOS="1550" WIDTH="14" HEIGHT="18" CONTENT="C" WC="0.27" CC="7"/>
					</TextLine>
				</TextBlock>
			</PrintSpace>
		</Page>
	</Layout>
</alto>
