<?xml version="1.0" encoding="UTF-8"?>
<alto xmlns:xsi="http://www.w3.org/2001/XMLSchema-instance" xsi:noNamespaceSchemaLocation="http://www.bl.uk/schemas/alto/alto-1-4.xsd" xmlns:xlink="http://www.w3.org/1999/xlink">
	<Description>
		<MeasurementUnit>mm10</MeasurementUnit>
		<sourceImageInformation>
			<fileName>//head1/IN/2007-44/A0010858537.1/002508.jp2</fileName>
		</sourceImageInformation>
		<OCRProcessing ID="OCRPROCESSING_1">
			<preProcessingStep>
				<processingSoftware>
					<softwareCreator>CCS Content Conversion Specialists GmbH, Germany</softwareCreator>
					<softwareName>CCS docWORKS</softwareName>
					<softwareVersion>6.1-0.64</softwareVersion>
				</processingSoftware>
			</preProcessingStep>
			<ocrProcessingStep>
				<processingSoftware>
					<softwareCreator>ABBYY (BIT Software), Russia</softwareCreator>
					<softwareName>Finereader</softwareName>
				</processingSoftware>
			</ocrProcessingStep>
		</OCRProcessing>
	</Description>
	<Styles>
		<TextStyle ID="TXT_0" FONTSIZE="9" FONTFAMILY="Courier New"/>
		<ParagraphStyle ID="PAR_LEFT" ALIGN="Left"/>
	</Styles>
	<Layout>
		<Page ID="P388" PHYSICAL_IMG_NR="388" HEIGHT="1644" WIDTH="1061" POSITION="Left">
			<TopMargin ID="P388_TM00001" HPOS="0" VPOS="0" WIDTH="1060" HEIGHT="0"/>
			<LeftMargin ID="P388_LM00001" HPOS="0" VPOS="0" WIDTH="0" HEIGHT="1644"/>
			<RightMargin ID="P388_RM00001" HPOS="1060" VPOS="0" WIDTH="0" HEIGHT="1644"/>
			<BottomMargin ID="P388_BM00001" HPOS="0" VPOS="1644" WIDTH="1060" HEIGHT="0"/>
			<PrintSpace ID="P388_PS00001" HPOS="0" VPOS="0" WIDTH="1060" HEIGHT="1644">
				<ComposedBlock ID="P388_CB00001" HPOS="4" VPOS="0" WIDTH="1056" HEIGHT="1636" STYLEREFS="TXT_0 PAR_LEFT" TYPE="Illustration">
					<GraphicalElement ID="P388_CB00001_SUB" HPOS="4" VPOS="0" WIDTH="1056" HEIGHT="1636"/>
				</ComposedBlock>
			</PrintSpace>
		</Page>
	</Layout>
</alto>
