<?xml version="1.0" encoding="UTF-8"?>
<alto xmlns:xsi="http://www.w3.org/2001/XMLSchema-instance" xsi:noNamespaceSchemaLocation="http://www.bl.uk/schemas/alto/alto-1-4.xsd" xmlns:xlink="http://www.w3.org/1999/xlink">
	<Description>
		<MeasurementUnit>mm10</MeasurementUnit>
		<sourceImageInformation>
			<fileName>//head1/IN/2007-44/A0010858537.1/002408.jp2</fileName>
		</sourceImageInformation>
		<OCRProcessing ID="OCRPROCESSING_1">
			<preProcessingStep>
				<processingSoftware>
					<softwareCreator>CCS Content Conversion Specialists GmbH, Germany</softwareCreator>
					<softwareName>CCS docWORKS</softwareName>
					<softwareVersion>6.1-0.64</softwareVersion>
				</processingSoftware>
			</preProcessingStep>
			<ocrProcessingStep>
				<processingSoftware>
					<softwareCreator>ABBYY (BIT Software), Russia</softwareCreator>
					<softwareName>Finereader</softwareName>
				</processingSoftware>
			</ocrProcessingStep>
		</OCRProcessing>
	</Description>
	<Styles>
		<TextStyle ID="TXT_0" FONTSIZE="10" FONTFAMILY="Courier New"/>
		<TextStyle ID="TXT_1" FONTSIZE="9" FONTFAMILY="Courier New"/>
		<ParagraphStyle ID="PAR_LEFT" ALIGN="Left"/>
		<ParagraphStyle ID="PAR_RIGHT" ALIGN="Right"/>
		<ParagraphStyle ID="PAR_CENTER" ALIGN="Center"/>
	</Styles>
	<Layout>
		<Page ID="P290" PHYSICAL_IMG_NR="290" HEIGHT="1644" WIDTH="1061" PRINTED_IMG_NR="276" POSITION="Left" ACCURACY="80.94">
			<TopMargin ID="P290_TM00001" HPOS="0" VPOS="0" WIDTH="1060" HEIGHT="116">
				<TextBlock ID="P290_TB00001" HPOS="120" VPOS="81" WIDTH="52" HEIGHT="34" STYLEREFS="TXT_0 PAR_LEFT">
					<TextLine ID="P290_TL00001" HPOS="120" VPOS="81" WIDTH="52" HEIGHT="34">
						<String ID="P290_ST00001" HPOS="120" VPOS="81" WIDTH="52" HEIGHT="34" CONTENT="276" WC="1.00" CC="000"/>
					</TextLine>
				</TextBlock>
				<TextBlock ID="P290_TB00002" HPOS="428" VPOS="88" WIDTH="275" HEIGHT="24" STYLEREFS="TXT_0 PAR_RIGHT">
					<TextLine ID="P290_TL00002" HPOS="428" VPOS="88" WIDTH="275" HEIGHT="24">
						<String ID="P290_ST00002" HPOS="428" VPOS="90" WIDTH="144" HEIGHT="22" CONTENT="ESTHER" WC="0.23" CC="887767"/>
						<SP ID="P290_SP00001" HPOS="572" VPOS="112" WIDTH="26"/>
						<String ID="P290_ST00003" HPOS="598" VPOS="88" WIDTH="105" HEIGHT="23" CONTENT="WEST." WC="0.34" CC="88680"/>
					</TextLine>
				</TextBlock>
			</TopMargin>
			<LeftMargin ID="P290_LM00001" HPOS="0" VPOS="116" WIDTH="104" HEIGHT="1436"/>
			<RightMargin ID="P290_RM00001" HPOS="1006" VPOS="116" WIDTH="54" HEIGHT="1436"/>
			<BottomMargin ID="P290_BM00001" HPOS="0" VPOS="1552" WIDTH="1060" HEIGHT="92"/>
			<PrintSpace ID="P290_PS00001" HPOS="104" VPOS="116" WIDTH="902" HEIGHT="1436">
				<TextBlock ID="P290_TB00003" HPOS="120" VPOS="151" WIDTH="886" HEIGHT="116" STYLEREFS="TXT_1 PAR_LEFT">
					<TextLine ID="P290_TL00003" HPOS="152" VPOS="152" WIDTH="854" HEIGHT="34">
						<String ID="P290_ST00004" HPOS="152" VPOS="154" WIDTH="59" HEIGHT="25" CONTENT="The" WC="0.94" CC="100"/>
						<SP ID="P290_SP00002" HPOS="211" VPOS="179" WIDTH="13"/>
						<String ID="P290_ST00005" HPOS="224" VPOS="155" WIDTH="57" HEIGHT="25" CONTENT="face" WC="0.91" CC="2010"/>
						<SP ID="P290_SP00003" HPOS="281" VPOS="180" WIDTH="14"/>
						<String ID="P290_ST00006" HPOS="295" VPOS="155" WIDTH="28" HEIGHT="25" CONTENT="of" WC="0.91" CC="01"/>
						<SP ID="P290_SP00004" HPOS="323" VPOS="180" WIDTH="11"/>
						<String ID="P290_ST00007" HPOS="334" VPOS="155" WIDTH="42" HEIGHT="25" CONTENT="his" WC="0.85" CC="004"/>
						<SP ID="P290_SP00005" HPOS="376" VPOS="180" WIDTH="13"/>
						<String ID="P290_ST00008" HPOS="389" VPOS="155" WIDTH="109" HEIGHT="25" CONTENT="listener" WC="0.80" CC="64000400"/>
						<SP ID="P290_SP00006" HPOS="498" VPOS="180" WIDTH="19"/>
						<String ID="P290_ST00009" HPOS="517" VPOS="155" WIDTH="152" HEIGHT="31" CONTENT="expressed," WC="0.90" CC="0021001040"/>
						<SP ID="P290_SP00007" HPOS="669" VPOS="186" WIDTH="16"/>
						<String ID="P290_ST00010" HPOS="685" VPOS="153" WIDTH="79" HEIGHT="32" CONTENT="along" WC="0.82" CC="00071"/>
						<SP ID="P290_SP00008" HPOS="764" VPOS="186" WIDTH="13"/>
						<String ID="P290_ST00011" HPOS="777" VPOS="152" WIDTH="63" HEIGHT="25" CONTENT="with" WC="0.64" CC="0237"/>
						<SP ID="P290_SP00009" HPOS="840" VPOS="186" WIDTH="14"/>
						<String ID="P290_ST00012" HPOS="854" VPOS="160" WIDTH="15" HEIGHT="17" CONTENT="a" WC="0.93" CC="0"/>
						<SP ID="P290_SP00010" HPOS="869" VPOS="186" WIDTH="13"/>
						<String ID="P290_ST00013" HPOS="882" VPOS="153" WIDTH="124" HEIGHT="33" CONTENT="yearning" WC="0.75" CC="60100515"/>
					</TextLine>
					<TextLine ID="P290_TL00004" HPOS="120" VPOS="193" WIDTH="886" HEIGHT="35">
						<String ID="P290_ST00014" HPOS="120" VPOS="195" WIDTH="84" HEIGHT="26" CONTENT="desire" WC="0.78" CC="800400"/>
						<SP ID="P290_SP00011" HPOS="204" VPOS="221" WIDTH="13"/>
						<String ID="P290_ST00015" HPOS="217" VPOS="200" WIDTH="27" HEIGHT="21" CONTENT="to" WC="0.84" CC="30"/>
						<SP ID="P290_SP00012" HPOS="244" VPOS="221" WIDTH="11"/>
						<String ID="P290_ST00016" HPOS="255" VPOS="200" WIDTH="75" HEIGHT="21" CONTENT="enter" WC="0.97" CC="01000"/>
						<SP ID="P290_SP00013" HPOS="330" VPOS="221" WIDTH="10"/>
						<String ID="P290_ST00017" HPOS="340" VPOS="196" WIDTH="55" HEIGHT="25" CONTENT="into" WC="0.72" CC="5500"/>
						<SP ID="P290_SP00014" HPOS="395" VPOS="221" WIDTH="10"/>
						<String ID="P290_ST00018" HPOS="405" VPOS="196" WIDTH="143" HEIGHT="32" CONTENT="sympathy" WC="0.84" CC="07000032"/>
						<SP ID="P290_SP00015" HPOS="548" VPOS="228" WIDTH="11"/>
						<String ID="P290_ST00019" HPOS="559" VPOS="196" WIDTH="63" HEIGHT="25" CONTENT="with" WC="0.87" CC="0202"/>
						<SP ID="P290_SP00016" HPOS="622" VPOS="228" WIDTH="13"/>
						<String ID="P290_ST00020" HPOS="635" VPOS="195" WIDTH="45" HEIGHT="25" CONTENT="the" WC="1.00" CC="000"/>
						<SP ID="P290_SP00017" HPOS="680" VPOS="228" WIDTH="13"/>
						<String ID="P290_ST00021" HPOS="693" VPOS="195" WIDTH="87" HEIGHT="25" CONTENT="words" WC="0.91" CC="00040"/>
						<SP ID="P290_SP00018" HPOS="780" VPOS="228" WIDTH="12"/>
						<String ID="P290_ST00022" HPOS="792" VPOS="193" WIDTH="28" HEIGHT="26" CONTENT="of" WC="0.86" CC="02"/>
						<SP ID="P290_SP00019" HPOS="820" VPOS="228" WIDTH="15"/>
						<String ID="P290_ST00023" HPOS="835" VPOS="194" WIDTH="44" HEIGHT="25" CONTENT="the" WC="0.86" CC="040"/>
						<SP ID="P290_SP00020" HPOS="879" VPOS="228" WIDTH="11"/>
						<String ID="P290_ST00024" HPOS="890" VPOS="195" WIDTH="116" HEIGHT="31" CONTENT="speaker," WC="0.75" CC="04603005"/>
					</TextLine>
					<TextLine ID="P290_TL00005" HPOS="120" VPOS="237" WIDTH="538" HEIGHT="30">
						<String ID="P290_ST00025" HPOS="120" VPOS="237" WIDTH="44" HEIGHT="23" CONTENT="the" WC="0.66" CC="810"/>
						<SP ID="P290_SP00021" HPOS="164" VPOS="260" WIDTH="15"/>
						<String ID="P290_ST00026" HPOS="179" VPOS="241" WIDTH="70" HEIGHT="20" CONTENT="utter" WC="0.83" CC="00800"/>
						<SP ID="P290_SP00022" HPOS="249" VPOS="261" WIDTH="12"/>
						<String ID="P290_ST00027" HPOS="261" VPOS="237" WIDTH="80" HEIGHT="24" CONTENT="blank" WC="0.53" CC="22557"/>
						<SP ID="P290_SP00023" HPOS="341" VPOS="261" WIDTH="13"/>
						<String ID="P290_ST00028" HPOS="354" VPOS="237" WIDTH="28" HEIGHT="24" CONTENT="of" WC="0.94" CC="01"/>
						<SP ID="P290_SP00024" HPOS="382" VPOS="261" WIDTH="17"/>
						<String ID="P290_ST00029" HPOS="399" VPOS="237" WIDTH="120" HEIGHT="30" CONTENT="inability" WC="0.81" CC="300200512"/>
						<SP ID="P290_SP00025" HPOS="519" VPOS="267" WIDTH="12"/>
						<String ID="P290_ST00030" HPOS="531" VPOS="241" WIDTH="28" HEIGHT="20" CONTENT="to" WC="1.00" CC="00"/>
						<SP ID="P290_SP00026" HPOS="559" VPOS="267" WIDTH="13"/>
						<String ID="P290_ST00031" HPOS="572" VPOS="237" WIDTH="33" HEIGHT="24" CONTENT="do" WC="0.71" CC="50"/>
						<SP ID="P290_SP00027" HPOS="605" VPOS="267" WIDTH="14"/>
						<String ID="P290_ST00032" HPOS="619" VPOS="245" WIDTH="39" HEIGHT="16" CONTENT="so." WC="0.98" CC="000"/>
					</TextLine>
				</TextBlock>
				<TextBlock ID="P290_TB00004" HPOS="118" VPOS="276" WIDTH="888" HEIGHT="189" STYLEREFS="TXT_1 PAR_LEFT">
					<TextLine ID="P290_TL00006" HPOS="156" VPOS="277" WIDTH="850" HEIGHT="33">
						<String ID="P290_ST00033" HPOS="156" VPOS="282" WIDTH="16" HEIGHT="10" CONTENT='"' WC="0.52" CC="4"/>
						<SP ID="P290_SP00028" HPOS="172" VPOS="292" WIDTH="10"/>
						<String ID="P290_ST00034" HPOS="182" VPOS="278" WIDTH="59" HEIGHT="24" CONTENT="You" WC="0.78" CC="006"/>
						<SP ID="P290_SP00029" HPOS="241" VPOS="302" WIDTH="14"/>
						<String ID="P290_ST00035" HPOS="255" VPOS="287" WIDTH="33" HEIGHT="22" CONTENT="go" WC="1.00" CC="00"/>
						<SP ID="P290_SP00030" HPOS="288" VPOS="309" WIDTH="15"/>
						<String ID="P290_ST00036" HPOS="303" VPOS="278" WIDTH="39" HEIGHT="24" CONTENT="far" WC="0.99" CC="000"/>
						<SP ID="P290_SP00031" HPOS="342" VPOS="309" WIDTH="12"/>
						<String ID="P290_ST00037" HPOS="354" VPOS="282" WIDTH="27" HEIGHT="20" CONTENT="to" WC="1.00" CC="00"/>
						<SP ID="P290_SP00032" HPOS="381" VPOS="309" WIDTH="14"/>
						<String ID="P290_ST00038" HPOS="395" VPOS="279" WIDTH="129" HEIGHT="24" CONTENT="convince" WC="0.83" CC="00033600"/>
						<SP ID="P290_SP00033" HPOS="524" VPOS="309" WIDTH="14"/>
						<String ID="P290_ST00039" HPOS="538" VPOS="287" WIDTH="50" HEIGHT="16" CONTENT="one" WC="0.81" CC="050"/>
						<SP ID="P290_SP00034" HPOS="588" VPOS="309" WIDTH="15"/>
						<String ID="P290_ST00040" HPOS="603" VPOS="277" WIDTH="27" HEIGHT="25" CONTENT="of" WC="0.99" CC="00"/>
						<SP ID="P290_SP00035" HPOS="630" VPOS="309" WIDTH="17"/>
						<String ID="P290_ST00041" HPOS="647" VPOS="278" WIDTH="44" HEIGHT="25" CONTENT="the" WC="1.00" CC="000"/>
						<SP ID="P290_SP00036" HPOS="691" VPOS="309" WIDTH="19"/>
						<String ID="P290_ST00042" HPOS="710" VPOS="278" WIDTH="92" HEIGHT="32" CONTENT="reality" WC="0.69" CC="4001445"/>
						<SP ID="P290_SP00037" HPOS="802" VPOS="310" WIDTH="13"/>
						<String ID="P290_ST00043" HPOS="815" VPOS="277" WIDTH="29" HEIGHT="26" CONTENT="of" WC="1.00" CC="00"/>
						<SP ID="P290_SP00038" HPOS="844" VPOS="310" WIDTH="15"/>
						<String ID="P290_ST00044" HPOS="859" VPOS="277" WIDTH="53" HEIGHT="26" CONTENT="this" WC="1.00" CC="0000"/>
						<SP ID="P290_SP00039" HPOS="912" VPOS="310" WIDTH="13"/>
						<String ID="P290_ST00045" HPOS="925" VPOS="277" WIDTH="42" HEIGHT="26" CONTENT="life" WC="0.75" CC="0450"/>
						<SP ID="P290_SP00040" HPOS="967" VPOS="310" WIDTH="15"/>
						<String ID="P290_ST00046" HPOS="982" VPOS="277" WIDTH="24" HEIGHT="26" CONTENT="of" WC="0.74" CC="05"/>
					</TextLine>
					<TextLine ID="P290_TL00007" HPOS="122" VPOS="316" WIDTH="883" HEIGHT="34">
						<String ID="P290_ST00047" HPOS="122" VPOS="316" WIDTH="89" HEIGHT="31" CONTENT='faith,"' WC="0.36" CC="7784447"/>
						<SP ID="P290_SP00041" HPOS="211" VPOS="347" WIDTH="16"/>
						<String ID="P290_ST00048" HPOS="227" VPOS="318" WIDTH="33" HEIGHT="24" CONTENT="he" WC="0.73" CC="50"/>
						<SP ID="P290_SP00042" HPOS="260" VPOS="347" WIDTH="15"/>
						<String ID="P290_ST00049" HPOS="275" VPOS="317" WIDTH="66" HEIGHT="31" CONTENT="said," WC="0.94" CC="00200"/>
						<SP ID="P290_SP00043" HPOS="341" VPOS="348" WIDTH="16"/>
						<String ID="P290_ST00050" HPOS="357" VPOS="320" WIDTH="16" HEIGHT="11" CONTENT='"' WC="0.70" CC="2"/>
						<SP ID="P290_SP00044" HPOS="373" VPOS="348" WIDTH="10"/>
						<String ID="P290_ST00051" HPOS="383" VPOS="317" WIDTH="73" HEIGHT="25" CONTENT="since" WC="0.84" CC="02301"/>
						<SP ID="P290_SP00045" HPOS="456" VPOS="348" WIDTH="14"/>
						<String ID="P290_ST00052" HPOS="470" VPOS="326" WIDTH="52" HEIGHT="24" CONTENT="you" WC="0.69" CC="404"/>
						<SP ID="P290_SP00046" HPOS="522" VPOS="350" WIDTH="13"/>
						<String ID="P290_ST00053" HPOS="535" VPOS="318" WIDTH="62" HEIGHT="24" CONTENT="hold" WC="0.83" CC="0060"/>
						<SP ID="P290_SP00047" HPOS="597" VPOS="350" WIDTH="13"/>
						<String ID="P290_ST00054" HPOS="610" VPOS="317" WIDTH="51" HEIGHT="25" CONTENT="fast" WC="0.95" CC="1000"/>
						<SP ID="P290_SP00048" HPOS="661" VPOS="350" WIDTH="9"/>
						<String ID="P290_ST00055" HPOS="670" VPOS="322" WIDTH="27" HEIGHT="20" CONTENT="to" WC="0.80" CC="30"/>
						<SP ID="P290_SP00049" HPOS="697" VPOS="350" WIDTH="13"/>
						<String ID="P290_ST00056" HPOS="710" VPOS="318" WIDTH="20" HEIGHT="24" CONTENT="it" WC="0.71" CC="50"/>
						<SP ID="P290_SP00050" HPOS="730" VPOS="350" WIDTH="11"/>
						<String ID="P290_ST00057" HPOS="741" VPOS="318" WIDTH="25" HEIGHT="24" CONTENT="in" WC="0.57" CC="34"/>
						<SP ID="P290_SP00051" HPOS="766" VPOS="350" WIDTH="13"/>
						<String ID="P290_ST00058" HPOS="779" VPOS="318" WIDTH="44" HEIGHT="24" CONTENT="the" WC="0.98" CC="000"/>
						<SP ID="P290_SP00052" HPOS="823" VPOS="350" WIDTH="14"/>
						<String ID="P290_ST00059" HPOS="837" VPOS="318" WIDTH="55" HEIGHT="24" CONTENT="face" WC="0.84" CC="2030"/>
						<SP ID="P290_SP00053" HPOS="892" VPOS="350" WIDTH="11"/>
						<String ID="P290_ST00060" HPOS="903" VPOS="317" WIDTH="29" HEIGHT="25" CONTENT="of" WC="0.77" CC="04"/>
						<SP ID="P290_SP00054" HPOS="932" VPOS="350" WIDTH="9"/>
						<String ID="P290_ST00061" HPOS="941" VPOS="318" WIDTH="64" HEIGHT="24" CONTENT="such" WC="0.95" CC="0200"/>
					</TextLine>
					<TextLine ID="P290_TL00008" HPOS="120" VPOS="357" WIDTH="884" HEIGHT="35">
						<String ID="P290_ST00062" HPOS="120" VPOS="357" WIDTH="67" HEIGHT="25" CONTENT="facts" WC="0.71" CC="77000"/>
						<SP ID="P290_SP00055" HPOS="187" VPOS="382" WIDTH="15"/>
						<String ID="P290_ST00063" HPOS="202" VPOS="366" WIDTH="30" HEIGHT="16" CONTENT="as" WC="0.63" CC="43"/>
						<SP ID="P290_SP00056" HPOS="232" VPOS="382" WIDTH="12"/>
						<String ID="P290_ST00064" HPOS="244" VPOS="367" WIDTH="67" HEIGHT="24" CONTENT="your" WC="0.79" CC="4040"/>
						<SP ID="P290_SP00057" HPOS="311" VPOS="391" WIDTH="19"/>
						<String ID="P290_ST00065" HPOS="330" VPOS="363" WIDTH="107" HEIGHT="27" CONTENT="present" WC="0.87" CC="0100043"/>
						<SP ID="P290_SP00058" HPOS="437" VPOS="391" WIDTH="19"/>
						<String ID="P290_ST00066" HPOS="456" VPOS="359" WIDTH="153" HEIGHT="32" CONTENT="experience" WC="0.85" CC="0030040600"/>
						<SP ID="P290_SP00059" HPOS="609" VPOS="391" WIDTH="21"/>
						<String ID="P290_ST00067" HPOS="630" VPOS="359" WIDTH="133" HEIGHT="25" CONTENT="furnishes" WC="0.91" CC="000340000"/>
						<String ID="P290_ST00068" HPOS="773" VPOS="368" WIDTH="6" HEIGHT="22" CONTENT=";" WC="0.31" CC="6"/>
						<SP ID="P290_SP00060" HPOS="779" VPOS="391" WIDTH="22"/>
						<String ID="P290_ST00069" HPOS="801" VPOS="360" WIDTH="45" HEIGHT="24" CONTENT="but" WC="0.68" CC="620"/>
						<SP ID="P290_SP00061" HPOS="846" VPOS="391" WIDTH="19"/>
						<String ID="P290_ST00070" HPOS="865" VPOS="359" WIDTH="75" HEIGHT="25" CONTENT="could" WC="0.86" CC="00070"/>
						<SP ID="P290_SP00062" HPOS="940" VPOS="391" WIDTH="13"/>
						<String ID="P290_ST00071" HPOS="953" VPOS="369" WIDTH="51" HEIGHT="23" CONTENT="you" WC="0.78" CC="320"/>
					</TextLine>
					<TextLine ID="P290_TL00009" HPOS="119" VPOS="400" WIDTH="885" HEIGHT="33">
						<String ID="P290_ST00072" HPOS="119" VPOS="403" WIDTH="46" HEIGHT="21" CONTENT="not" WC="0.74" CC="610"/>
						<SP ID="P290_SP00063" HPOS="165" VPOS="424" WIDTH="13"/>
						<String ID="P290_ST00073" HPOS="178" VPOS="400" WIDTH="118" HEIGHT="32" CONTENT="imagine" WC="0.66" CC="6054330"/>
						<SP ID="P290_SP00064" HPOS="296" VPOS="432" WIDTH="21"/>
						<String ID="P290_ST00074" HPOS="317" VPOS="409" WIDTH="15" HEIGHT="16" CONTENT="a" WC="0.78" CC="2"/>
						<SP ID="P290_SP00065" HPOS="332" VPOS="432" WIDTH="14"/>
						<String ID="P290_ST00075" HPOS="346" VPOS="401" WIDTH="79" HEIGHT="31" CONTENT="depth" WC="0.85" CC="00204"/>
						<SP ID="P290_SP00066" HPOS="425" VPOS="432" WIDTH="15"/>
						<String ID="P290_ST00076" HPOS="440" VPOS="400" WIDTH="29" HEIGHT="25" CONTENT="of" WC="0.96" CC="00"/>
						<SP ID="P290_SP00067" HPOS="469" VPOS="432" WIDTH="14"/>
						<String ID="P290_ST00077" HPOS="483" VPOS="401" WIDTH="197" HEIGHT="25" CONTENT="wretchedness" WC="0.83" CC="360001008000"/>
						<SP ID="P290_SP00068" HPOS="680" VPOS="432" WIDTH="14"/>
						<String ID="P290_ST00078" HPOS="694" VPOS="401" WIDTH="25" HEIGHT="24" CONTENT="in" WC="0.81" CC="03"/>
						<SP ID="P290_SP00069" HPOS="719" VPOS="432" WIDTH="20"/>
						<String ID="P290_ST00079" HPOS="739" VPOS="401" WIDTH="86" HEIGHT="24" CONTENT="which" WC="0.67" CC="04704"/>
						<SP ID="P290_SP00070" HPOS="825" VPOS="432" WIDTH="21"/>
						<String ID="P290_ST00080" HPOS="846" VPOS="409" WIDTH="52" HEIGHT="24" CONTENT="you" WC="0.73" CC="800"/>
						<SP ID="P290_SP00071" HPOS="898" VPOS="433" WIDTH="21"/>
						<String ID="P290_ST00081" HPOS="919" VPOS="402" WIDTH="85" HEIGHT="23" CONTENT="would" WC="0.87" CC="05000"/>
					</TextLine>
					<TextLine ID="P290_TL00010" HPOS="118" VPOS="442" WIDTH="253" HEIGHT="23">
						<String ID="P290_ST00082" HPOS="118" VPOS="442" WIDTH="55" HEIGHT="23" CONTENT="lose" WC="1.00" CC="0000"/>
						<SP ID="P290_SP00072" HPOS="173" VPOS="465" WIDTH="15"/>
						<String ID="P290_ST00083" HPOS="188" VPOS="442" WIDTH="61" HEIGHT="23" CONTENT="hold" WC="0.84" CC="0060"/>
						<SP ID="P290_SP00073" HPOS="249" VPOS="465" WIDTH="14"/>
						<String ID="P290_ST00084" HPOS="263" VPOS="442" WIDTH="29" HEIGHT="23" CONTENT="of" WC="0.97" CC="00"/>
						<SP ID="P290_SP00074" HPOS="292" VPOS="465" WIDTH="15"/>
						<String ID="P290_ST00085" HPOS="307" VPOS="442" WIDTH="20" HEIGHT="23" CONTENT="it" WC="0.66" CC="50"/>
						<SP ID="P290_SP00075" HPOS="327" VPOS="465" WIDTH="10"/>
						<String ID="P290_ST00086" HPOS="337" VPOS="442" WIDTH="9" HEIGHT="23" CONTENT="?" WC="1.00" CC="0"/>
						<SP ID="P290_SP00076" HPOS="346" VPOS="465" WIDTH="13"/>
						<String ID="P290_ST00087" HPOS="359" VPOS="444" WIDTH="12" HEIGHT="9" CONTENT='"' WC="0.40" CC="5"/>
					</TextLine>
				</TextBlock>
				<TextBlock ID="P290_TB00005" HPOS="115" VPOS="482" WIDTH="886" HEIGHT="156" STYLEREFS="TXT_1 PAR_LEFT">
					<TextLine ID="P290_TL00011" HPOS="154" VPOS="483" WIDTH="847" HEIGHT="33">
						<String ID="P290_ST00088" HPOS="154" VPOS="483" WIDTH="79" HEIGHT="30" CONTENT='"No,' WC="0.88" CC="4000"/>
						<SP ID="P290_SP00077" HPOS="233" VPOS="513" WIDTH="15"/>
						<String ID="P290_ST00089" HPOS="248" VPOS="484" WIDTH="51" HEIGHT="24" CONTENT="and" WC="0.65" CC="370"/>
						<SP ID="P290_SP00078" HPOS="299" VPOS="513" WIDTH="16"/>
						<String ID="P290_ST00090" HPOS="315" VPOS="487" WIDTH="44" HEIGHT="29" CONTENT="yet" WC="0.76" CC="700"/>
						<SP ID="P290_SP00079" HPOS="359" VPOS="516" WIDTH="19"/>
						<String ID="P290_ST00091" HPOS="378" VPOS="484" WIDTH="73" HEIGHT="31" CONTENT='yes,"' WC="0.82" CC="10006"/>
						<SP ID="P290_SP00080" HPOS="451" VPOS="516" WIDTH="17"/>
						<String ID="P290_ST00092" HPOS="468" VPOS="484" WIDTH="86" HEIGHT="31" CONTENT="Philip" WC="0.59" CC="646060"/>
						<SP ID="P290_SP00081" HPOS="554" VPOS="516" WIDTH="22"/>
						<String ID="P290_ST00093" HPOS="576" VPOS="485" WIDTH="145" HEIGHT="23" CONTENT="answered." WC="0.88" CC="301003020"/>
						<SP ID="P290_SP00082" HPOS="721" VPOS="516" WIDTH="39"/>
						<String ID="P290_ST00094" HPOS="760" VPOS="484" WIDTH="37" HEIGHT="24" CONTENT='"I' WC="0.75" CC="22"/>
						<SP ID="P290_SP00083" HPOS="797" VPOS="516" WIDTH="23"/>
						<String ID="P290_ST00095" HPOS="820" VPOS="484" WIDTH="52" HEIGHT="24" CONTENT="had" WC="0.78" CC="600"/>
						<SP ID="P290_SP00084" HPOS="872" VPOS="516" WIDTH="23"/>
						<String ID="P290_ST00096" HPOS="895" VPOS="483" WIDTH="50" HEIGHT="25" CONTENT="lost" WC="0.98" CC="0000"/>
						<SP ID="P290_SP00085" HPOS="945" VPOS="516" WIDTH="23"/>
						<String ID="P290_ST00097" HPOS="968" VPOS="483" WIDTH="33" HEIGHT="31" CONTENT="it;" WC="0.52" CC="247"/>
					</TextLine>
					<TextLine ID="P290_TL00012" HPOS="117" VPOS="525" WIDTH="884" HEIGHT="32">
						<String ID="P290_ST00098" HPOS="117" VPOS="525" WIDTH="45" HEIGHT="24" CONTENT="but" WC="0.92" CC="002"/>
						<SP ID="P290_SP00086" HPOS="162" VPOS="549" WIDTH="14"/>
						<String ID="P290_ST00099" HPOS="176" VPOS="529" WIDTH="46" HEIGHT="20" CONTENT="not" WC="0.77" CC="600"/>
						<SP ID="P290_SP00087" HPOS="222" VPOS="549" WIDTH="14"/>
						<String ID="P290_ST00100" HPOS="236" VPOS="533" WIDTH="33" HEIGHT="16" CONTENT="on" WC="0.77" CC="04"/>
						<SP ID="P290_SP00088" HPOS="269" VPOS="549" WIDTH="15"/>
						<String ID="P290_ST00101" HPOS="284" VPOS="529" WIDTH="113" HEIGHT="20" CONTENT="account" WC="0.92" CC="0002200"/>
						<SP ID="P290_SP00089" HPOS="397" VPOS="549" WIDTH="14"/>
						<String ID="P290_ST00102" HPOS="411" VPOS="525" WIDTH="30" HEIGHT="24" CONTENT="of" WC="1.00" CC="00"/>
						<SP ID="P290_SP00090" HPOS="441" VPOS="549" WIDTH="14"/>
						<String ID="P290_ST00103" HPOS="455" VPOS="525" WIDTH="62" HEIGHT="32" CONTENT="pain" WC="0.63" CC="4054"/>
						<SP ID="P290_SP00091" HPOS="517" VPOS="557" WIDTH="14"/>
						<String ID="P290_ST00104" HPOS="531" VPOS="534" WIDTH="29" HEIGHT="16" CONTENT="or" WC="1.00" CC="00"/>
						<SP ID="P290_SP00092" HPOS="560" VPOS="557" WIDTH="12"/>
						<String ID="P290_ST00105" HPOS="572" VPOS="525" WIDTH="207" HEIGHT="25" CONTENT="wretchedness." WC="0.80" CC="0660050500000"/>
						<SP ID="P290_SP00093" HPOS="779" VPOS="557" WIDTH="36"/>
						<String ID="P290_ST00106" HPOS="815" VPOS="525" WIDTH="67" HEIGHT="24" CONTENT="This" WC="0.84" CC="2030"/>
						<SP ID="P290_SP00094" HPOS="882" VPOS="557" WIDTH="14"/>
						<String ID="P290_ST00107" HPOS="896" VPOS="529" WIDTH="105" HEIGHT="28" CONTENT="present" WC="0.72" CC="2600055"/>
					</TextLine>
					<TextLine ID="P290_TL00013" HPOS="117" VPOS="566" WIDTH="883" HEIGHT="32">
						<String ID="P290_ST00108" HPOS="117" VPOS="566" WIDTH="127" HEIGHT="32" CONTENT="suffering" WC="0.72" CC="000005567"/>
						<SP ID="P290_SP00095" HPOS="244" VPOS="598" WIDTH="12"/>
						<String ID="P290_ST00109" HPOS="256" VPOS="566" WIDTH="29" HEIGHT="25" CONTENT="of" WC="0.94" CC="10"/>
						<SP ID="P290_SP00096" HPOS="285" VPOS="598" WIDTH="15"/>
						<String ID="P290_ST00110" HPOS="300" VPOS="567" WIDTH="71" HEIGHT="24" CONTENT="mine" WC="0.54" CC="7522"/>
						<SP ID="P290_SP00097" HPOS="371" VPOS="598" WIDTH="15"/>
						<String ID="P290_ST00111" HPOS="386" VPOS="568" WIDTH="116" HEIGHT="23" CONTENT="restored" WC="0.84" CC="00130105"/>
						<SP ID="P290_SP00098" HPOS="502" VPOS="598" WIDTH="20"/>
						<String ID="P290_ST00112" HPOS="522" VPOS="575" WIDTH="42" HEIGHT="16" CONTENT="me" WC="0.71" CC="50"/>
						<SP ID="P290_SP00099" HPOS="564" VPOS="598" WIDTH="13"/>
						<String ID="P290_ST00113" HPOS="577" VPOS="571" WIDTH="27" HEIGHT="20" CONTENT="to" WC="0.90" CC="02"/>
						<SP ID="P290_SP00100" HPOS="604" VPOS="598" WIDTH="21"/>
						<String ID="P290_ST00114" HPOS="625" VPOS="567" WIDTH="27" HEIGHT="24" CONTENT="it." WC="0.80" CC="500"/>
						<SP ID="P290_SP00101" HPOS="652" VPOS="598" WIDTH="38"/>
						<String ID="P290_ST00115" HPOS="690" VPOS="567" WIDTH="58" HEIGHT="24" CONTENT="God" WC="1.00" CC="000"/>
						<SP ID="P290_SP00102" HPOS="748" VPOS="598" WIDTH="15"/>
						<String ID="P290_ST00116" HPOS="763" VPOS="567" WIDTH="63" HEIGHT="24" CONTENT="does" WC="0.75" CC="4120"/>
						<SP ID="P290_SP00103" HPOS="826" VPOS="598" WIDTH="14"/>
						<String ID="P290_ST00117" HPOS="840" VPOS="570" WIDTH="45" HEIGHT="21" CONTENT="not" WC="0.63" CC="550"/>
						<SP ID="P290_SP00104" HPOS="885" VPOS="598" WIDTH="14"/>
						<String ID="P290_ST00118" HPOS="899" VPOS="566" WIDTH="101" HEIGHT="25" CONTENT="forsake" WC="0.79" CC="6201003"/>
					</TextLine>
					<TextLine ID="P290_TL00014" HPOS="116" VPOS="608" WIDTH="514" HEIGHT="30">
						<String ID="P290_ST00119" HPOS="116" VPOS="608" WIDTH="76" HEIGHT="25" CONTENT="those" WC="0.97" CC="00010"/>
						<SP ID="P290_SP00105" HPOS="192" VPOS="633" WIDTH="13"/>
						<String ID="P290_ST00120" HPOS="205" VPOS="608" WIDTH="59" HEIGHT="25" CONTENT="who" WC="1.00" CC="000"/>
						<SP ID="P290_SP00106" HPOS="264" VPOS="633" WIDTH="14"/>
						<String ID="P290_ST00121" HPOS="278" VPOS="613" WIDTH="47" HEIGHT="25" CONTENT="put" WC="0.77" CC="060"/>
						<SP ID="P290_SP00107" HPOS="325" VPOS="638" WIDTH="12"/>
						<String ID="P290_ST00122" HPOS="337" VPOS="608" WIDTH="68" HEIGHT="25" CONTENT="their" WC="0.79" CC="23040"/>
						<SP ID="P290_SP00108" HPOS="405" VPOS="638" WIDTH="13"/>
						<String ID="P290_ST00123" HPOS="418" VPOS="613" WIDTH="67" HEIGHT="20" CONTENT="trust" WC="1.00" CC="00000"/>
						<SP ID="P290_SP00109" HPOS="485" VPOS="638" WIDTH="14"/>
						<String ID="P290_ST00124" HPOS="499" VPOS="608" WIDTH="26" HEIGHT="24" CONTENT="in" WC="0.69" CC="23"/>
						<SP ID="P290_SP00110" HPOS="525" VPOS="638" WIDTH="15"/>
						<String ID="P290_ST00125" HPOS="540" VPOS="608" WIDTH="90" HEIGHT="25" CONTENT='Him."' WC="0.68" CC="55005"/>
					</TextLine>
				</TextBlock>
				<TextBlock ID="P290_TB00006" HPOS="151" VPOS="648" WIDTH="811" HEIGHT="32" STYLEREFS="TXT_1 PAR_CENTER">
					<TextLine ID="P290_TL00015" HPOS="151" VPOS="649" WIDTH="811" HEIGHT="31">
						<String ID="P290_ST00126" HPOS="151" VPOS="650" WIDTH="68" HEIGHT="24" CONTENT='"All' WC="0.57" CC="5073"/>
						<SP ID="P290_SP00111" HPOS="219" VPOS="674" WIDTH="14"/>
						<String ID="P290_ST00127" HPOS="233" VPOS="650" WIDTH="91" HEIGHT="30" CONTENT="things" WC="0.82" CC="003700"/>
						<SP ID="P290_SP00112" HPOS="324" VPOS="680" WIDTH="14"/>
						<String ID="P290_ST00128" HPOS="338" VPOS="650" WIDTH="105" HEIGHT="30" CONTENT="happen" WC="0.77" CC="224102"/>
						<SP ID="P290_SP00113" HPOS="443" VPOS="680" WIDTH="15"/>
						<String ID="P290_ST00129" HPOS="458" VPOS="651" WIDTH="66" HEIGHT="23" CONTENT="alike" WC="0.79" CC="42300"/>
						<SP ID="P290_SP00114" HPOS="524" VPOS="680" WIDTH="13"/>
						<String ID="P290_ST00130" HPOS="537" VPOS="654" WIDTH="27" HEIGHT="20" CONTENT="to" WC="0.60" CC="70"/>
						<SP ID="P290_SP00115" HPOS="564" VPOS="680" WIDTH="14"/>
						<String ID="P290_ST00131" HPOS="578" VPOS="651" WIDTH="58" HEIGHT="29" CONTENT='all,"' WC="0.53" CC="37507"/>
						<SP ID="P290_SP00116" HPOS="636" VPOS="680" WIDTH="16"/>
						<String ID="P290_ST00132" HPOS="652" VPOS="651" WIDTH="129" HEIGHT="23" CONTENT="muttered" WC="0.82" CC="40600003"/>
						<SP ID="P290_SP00117" HPOS="781" VPOS="680" WIDTH="15"/>
						<String ID="P290_ST00133" HPOS="796" VPOS="649" WIDTH="166" HEIGHT="31" CONTENT="Carrington." WC="0.86" CC="53006000000"/>
					</TextLine>
				</TextBlock>
				<TextBlock ID="P290_TB00007" HPOS="150" VPOS="690" WIDTH="846" HEIGHT="32" STYLEREFS="TXT_1 PAR_CENTER">
					<TextLine ID="P290_TL00016" HPOS="150" VPOS="690" WIDTH="846" HEIGHT="32">
						<String ID="P290_ST00134" HPOS="150" VPOS="690" WIDTH="97" HEIGHT="26" CONTENT='"That' WC="0.73" CC="16330"/>
						<SP ID="P290_SP00118" HPOS="247" VPOS="716" WIDTH="17"/>
						<String ID="P290_ST00135" HPOS="264" VPOS="691" WIDTH="26" HEIGHT="25" CONTENT="in" WC="0.64" CC="06"/>
						<SP ID="P290_SP00119" HPOS="290" VPOS="716" WIDTH="20"/>
						<String ID="P290_ST00136" HPOS="310" VPOS="691" WIDTH="72" HEIGHT="25" CONTENT="itself" WC="0.85" CC="300040"/>
						<SP ID="P290_SP00120" HPOS="382" VPOS="716" WIDTH="16"/>
						<String ID="P290_ST00137" HPOS="398" VPOS="691" WIDTH="23" HEIGHT="25" CONTENT="is" WC="0.63" CC="61"/>
						<SP ID="P290_SP00121" HPOS="421" VPOS="716" WIDTH="13"/>
						<String ID="P290_ST00138" HPOS="434" VPOS="701" WIDTH="15" HEIGHT="15" CONTENT="a" WC="0.53" CC="4"/>
						<SP ID="P290_SP00122" HPOS="449" VPOS="716" WIDTH="20"/>
						<String ID="P290_ST00139" HPOS="469" VPOS="692" WIDTH="101" HEIGHT="30" CONTENT="ground" WC="0.86" CC="200050"/>
						<SP ID="P290_SP00123" HPOS="570" VPOS="722" WIDTH="13"/>
						<String ID="P290_ST00140" HPOS="583" VPOS="691" WIDTH="29" HEIGHT="25" CONTENT="of" WC="1.00" CC="00"/>
						<SP ID="P290_SP00124" HPOS="612" VPOS="722" WIDTH="15"/>
						<String ID="P290_ST00141" HPOS="627" VPOS="691" WIDTH="180" HEIGHT="30" CONTENT='confidence,"' WC="0.75" CC="087110030006"/>
						<SP ID="P290_SP00125" HPOS="807" VPOS="722" WIDTH="19"/>
						<String ID="P290_ST00142" HPOS="826" VPOS="691" WIDTH="57" HEIGHT="25" CONTENT="said" WC="0.90" CC="0040"/>
						<SP ID="P290_SP00126" HPOS="883" VPOS="722" WIDTH="18"/>
						<String ID="P290_ST00143" HPOS="901" VPOS="691" WIDTH="95" HEIGHT="31" CONTENT="Philip." WC="0.79" CC="0020631"/>
					</TextLine>
				</TextBlock>
				<TextBlock ID="P290_TB00008" HPOS="151" VPOS="731" WIDTH="506" HEIGHT="31" STYLEREFS="TXT_1 PAR_LEFT">
					<TextLine ID="P290_TL00017" HPOS="151" VPOS="733" WIDTH="506" HEIGHT="29">
						<String ID="P290_ST00144" HPOS="151" VPOS="735" WIDTH="16" HEIGHT="12" CONTENT='"' WC="0.33" CC="6"/>
						<SP ID="P290_SP00127" HPOS="167" VPOS="747" WIDTH="11"/>
						<String ID="P290_ST00145" HPOS="178" VPOS="733" WIDTH="11" HEIGHT="23" CONTENT="I" WC="0.69" CC="3"/>
						<SP ID="P290_SP00128" HPOS="189" VPOS="756" WIDTH="15"/>
						<String ID="P290_ST00146" HPOS="204" VPOS="734" WIDTH="33" HEIGHT="23" CONTENT="do" WC="0.98" CC="00"/>
						<SP ID="P290_SP00129" HPOS="237" VPOS="757" WIDTH="14"/>
						<String ID="P290_ST00147" HPOS="251" VPOS="737" WIDTH="46" HEIGHT="20" CONTENT="not" WC="0.79" CC="600"/>
						<SP ID="P290_SP00130" HPOS="297" VPOS="757" WIDTH="14"/>
						<String ID="P290_ST00148" HPOS="311" VPOS="741" WIDTH="44" HEIGHT="16" CONTENT="see" WC="1.00" CC="000"/>
						<SP ID="P290_SP00131" HPOS="355" VPOS="757" WIDTH="14"/>
						<String ID="P290_ST00149" HPOS="369" VPOS="733" WIDTH="43" HEIGHT="29" CONTENT='it,"' WC="0.68" CC="0335"/>
						<SP ID="P290_SP00132" HPOS="412" VPOS="762" WIDTH="15"/>
						<String ID="P290_ST00150" HPOS="427" VPOS="733" WIDTH="57" HEIGHT="24" CONTENT="said" WC="0.91" CC="0120"/>
						<SP ID="P290_SP00133" HPOS="484" VPOS="762" WIDTH="14"/>
						<String ID="P290_ST00151" HPOS="498" VPOS="733" WIDTH="40" HEIGHT="23" CONTENT="his" WC="0.94" CC="001"/>
						<SP ID="P290_SP00134" HPOS="538" VPOS="762" WIDTH="20"/>
						<String ID="P290_ST00152" HPOS="558" VPOS="733" WIDTH="99" HEIGHT="24" CONTENT="visitor." WC="0.80" CC="05550000"/>
					</TextLine>
				</TextBlock>
				<TextBlock ID="P290_TB00009" HPOS="116" VPOS="773" WIDTH="882" HEIGHT="74" STYLEREFS="TXT_1 PAR_LEFT">
					<TextLine ID="P290_TL00018" HPOS="150" VPOS="774" WIDTH="848" HEIGHT="33">
						<String ID="P290_ST00153" HPOS="150" VPOS="778" WIDTH="17" HEIGHT="11" CONTENT='"' WC="0.46" CC="5"/>
						<SP ID="P290_SP00135" HPOS="167" VPOS="789" WIDTH="11"/>
						<String ID="P290_ST00154" HPOS="178" VPOS="774" WIDTH="26" HEIGHT="25" CONTENT="If" WC="0.67" CC="60"/>
						<SP ID="P290_SP00136" HPOS="204" VPOS="799" WIDTH="14"/>
						<String ID="P290_ST00155" HPOS="218" VPOS="783" WIDTH="52" HEIGHT="23" CONTENT="you" WC="0.74" CC="601"/>
						<SP ID="P290_SP00137" HPOS="270" VPOS="806" WIDTH="14"/>
						<String ID="P290_ST00156" HPOS="284" VPOS="779" WIDTH="98" HEIGHT="20" CONTENT="cannot" WC="0.62" CC="055505"/>
						<SP ID="P290_SP00138" HPOS="382" VPOS="806" WIDTH="20"/>
						<String ID="P290_ST00157" HPOS="402" VPOS="779" WIDTH="68" HEIGHT="20" CONTENT="trust" WC="0.84" CC="15100"/>
						<SP ID="P290_SP00139" HPOS="470" VPOS="806" WIDTH="22"/>
						<String ID="P290_ST00158" HPOS="492" VPOS="775" WIDTH="58" HEIGHT="25" CONTENT="God" WC="0.97" CC="000"/>
						<SP ID="P290_SP00140" HPOS="550" VPOS="806" WIDTH="20"/>
						<String ID="P290_ST00159" HPOS="570" VPOS="774" WIDTH="38" HEIGHT="25" CONTENT="for" WC="0.94" CC="001"/>
						<SP ID="P290_SP00141" HPOS="608" VPOS="806" WIDTH="22"/>
						<String ID="P290_ST00160" HPOS="630" VPOS="774" WIDTH="96" HEIGHT="30" CONTENT="others," WC="0.97" CC="0000001"/>
						<SP ID="P290_SP00142" HPOS="726" VPOS="806" WIDTH="15"/>
						<String ID="P290_ST00161" HPOS="741" VPOS="782" WIDTH="50" HEIGHT="25" CONTENT="you" WC="0.79" CC="230"/>
						<SP ID="P290_SP00143" HPOS="791" VPOS="807" WIDTH="23"/>
						<String ID="P290_ST00162" HPOS="814" VPOS="778" WIDTH="97" HEIGHT="21" CONTENT="cannot" WC="0.64" CC="044650"/>
						<SP ID="P290_SP00144" HPOS="911" VPOS="807" WIDTH="21"/>
						<String ID="P290_ST00163" HPOS="932" VPOS="779" WIDTH="66" HEIGHT="22" CONTENT="trust" WC="0.80" CC="20007"/>
					</TextLine>
					<TextLine ID="P290_TL00019" HPOS="117" VPOS="816" WIDTH="268" HEIGHT="31">
						<String ID="P290_ST00164" HPOS="117" VPOS="816" WIDTH="65" HEIGHT="24" CONTENT="Him" WC="0.61" CC="550"/>
						<SP ID="P290_SP00145" HPOS="182" VPOS="840" WIDTH="13"/>
						<String ID="P290_ST00165" HPOS="195" VPOS="816" WIDTH="39" HEIGHT="24" CONTENT="for" WC="0.85" CC="004"/>
						<SP ID="P290_SP00146" HPOS="234" VPOS="840" WIDTH="12"/>
						<String ID="P290_ST00166" HPOS="246" VPOS="816" WIDTH="139" HEIGHT="31" CONTENT='yourself."' WC="0.88" CC="1000100303"/>
					</TextLine>
				</TextBlock>
				<TextBlock ID="P290_TB00010" HPOS="149" VPOS="856" WIDTH="710" HEIGHT="33" STYLEREFS="TXT_1 PAR_LEFT">
					<TextLine ID="P290_TL00020" HPOS="150" VPOS="857" WIDTH="709" HEIGHT="32">
						<String ID="P290_ST00167" HPOS="150" VPOS="861" WIDTH="16" HEIGHT="11" CONTENT='"' WC="0.93" CC="0"/>
						<SP ID="P290_SP00147" HPOS="166" VPOS="872" WIDTH="12"/>
						<String ID="P290_ST00168" HPOS="178" VPOS="857" WIDTH="11" HEIGHT="25" CONTENT="I" WC="0.79" CC="2"/>
						<SP ID="P290_SP00148" HPOS="189" VPOS="882" WIDTH="15"/>
						<String ID="P290_ST00169" HPOS="204" VPOS="857" WIDTH="50" HEIGHT="25" CONTENT="feel" WC="0.95" CC="0001"/>
						<SP ID="P290_SP00149" HPOS="254" VPOS="882" WIDTH="13"/>
						<String ID="P290_ST00170" HPOS="267" VPOS="858" WIDTH="58" HEIGHT="24" CONTENT="that" WC="0.85" CC="0500"/>
						<SP ID="P290_SP00150" HPOS="325" VPOS="882" WIDTH="14"/>
						<String ID="P290_ST00171" HPOS="339" VPOS="861" WIDTH="71" HEIGHT="22" CONTENT="most" WC="0.99" CC="0000"/>
						<SP ID="P290_SP00151" HPOS="410" VPOS="883" WIDTH="14"/>
						<String ID="P290_ST00172" HPOS="424" VPOS="858" WIDTH="143" HEIGHT="31" CONTENT='strongly,"' WC="0.84" CC="0000503401"/>
						<SP ID="P290_SP00152" HPOS="567" VPOS="889" WIDTH="14"/>
						<String ID="P290_ST00173" HPOS="581" VPOS="857" WIDTH="98" HEIGHT="32" CONTENT="replied" WC="0.75" CC="0006504"/>
						<SP ID="P290_SP00153" HPOS="679" VPOS="889" WIDTH="14"/>
						<String ID="P290_ST00174" HPOS="693" VPOS="857" WIDTH="166" HEIGHT="32" CONTENT="Carrington." WC="0.84" CC="20006003040"/>
					</TextLine>
				</TextBlock>
				<TextBlock ID="P290_TB00011" HPOS="114" VPOS="897" WIDTH="883" HEIGHT="74" STYLEREFS="TXT_1 PAR_LEFT">
					<TextLine ID="P290_TL00021" HPOS="150" VPOS="898" WIDTH="847" HEIGHT="33">
						<String ID="P290_ST00175" HPOS="150" VPOS="900" WIDTH="101" HEIGHT="24" CONTENT='"Look' WC="0.95" CC="20000"/>
						<SP ID="P290_SP00154" HPOS="251" VPOS="924" WIDTH="17"/>
						<String ID="P290_ST00176" HPOS="268" VPOS="900" WIDTH="84" HEIGHT="25" CONTENT="round" WC="0.83" CC="20060"/>
						<SP ID="P290_SP00155" HPOS="352" VPOS="925" WIDTH="16"/>
						<String ID="P290_ST00177" HPOS="368" VPOS="900" WIDTH="89" HEIGHT="30" CONTENT='here,"' WC="0.95" CC="000020"/>
						<SP ID="P290_SP00156" HPOS="457" VPOS="930" WIDTH="15"/>
						<String ID="P290_ST00178" HPOS="472" VPOS="900" WIDTH="57" HEIGHT="24" CONTENT="said" WC="0.85" CC="0103"/>
						<SP ID="P290_SP00157" HPOS="529" VPOS="930" WIDTH="19"/>
						<String ID="P290_ST00179" HPOS="548" VPOS="900" WIDTH="101" HEIGHT="31" CONTENT="Philip;" WC="0.82" CC="0040106"/>
						<SP ID="P290_SP00158" HPOS="649" VPOS="931" WIDTH="22"/>
						<String ID="P290_ST00180" HPOS="671" VPOS="902" WIDTH="76" HEIGHT="29" CONTENT='"you' WC="0.81" CC="4300"/>
						<SP ID="P290_SP00159" HPOS="747" VPOS="931" WIDTH="18"/>
						<String ID="P290_ST00181" HPOS="765" VPOS="906" WIDTH="44" HEIGHT="17" CONTENT="see" WC="0.93" CC="200"/>
						<SP ID="P290_SP00160" HPOS="809" VPOS="931" WIDTH="16"/>
						<String ID="P290_ST00182" HPOS="825" VPOS="898" WIDTH="111" HEIGHT="33" CONTENT="nothing" WC="0.80" CC="5000521"/>
						<SP ID="P290_SP00161" HPOS="936" VPOS="931" WIDTH="17"/>
						<String ID="P290_ST00183" HPOS="953" VPOS="900" WIDTH="44" HEIGHT="24" CONTENT="but" WC="0.83" CC="400"/>
					</TextLine>
					<TextLine ID="P290_TL00022" HPOS="114" VPOS="941" WIDTH="153" HEIGHT="30">
						<String ID="P290_ST00184" HPOS="114" VPOS="941" WIDTH="153" HEIGHT="30" CONTENT='suffering."' WC="0.77" CC="85000020602"/>
					</TextLine>
				</TextBlock>
				<TextBlock ID="P290_TB00012" HPOS="110" VPOS="981" WIDTH="886" HEIGHT="157" STYLEREFS="TXT_1 PAR_LEFT">
					<TextLine ID="P290_TL00023" HPOS="150" VPOS="982" WIDTH="846" HEIGHT="34">
						<String ID="P290_ST00185" HPOS="150" VPOS="987" WIDTH="15" HEIGHT="11" CONTENT='"' WC="0.70" CC="2"/>
						<SP ID="P290_SP00162" HPOS="165" VPOS="998" WIDTH="13"/>
						<String ID="P290_ST00186" HPOS="178" VPOS="983" WIDTH="72" HEIGHT="24" CONTENT="Does" WC="0.89" CC="0400"/>
						<SP ID="P290_SP00163" HPOS="250" VPOS="1007" WIDTH="15"/>
						<String ID="P290_ST00187" HPOS="265" VPOS="983" WIDTH="19" HEIGHT="24" CONTENT="it" WC="0.67" CC="60"/>
						<SP ID="P290_SP00164" HPOS="284" VPOS="1007" WIDTH="15"/>
						<String ID="P290_ST00188" HPOS="299" VPOS="983" WIDTH="111" HEIGHT="25" CONTENT="distress" WC="0.86" CC="56000000"/>
						<SP ID="P290_SP00165" HPOS="410" VPOS="1008" WIDTH="17"/>
						<String ID="P290_ST00189" HPOS="427" VPOS="992" WIDTH="52" HEIGHT="24" CONTENT="you" WC="0.85" CC="301"/>
						<SP ID="P290_SP00166" HPOS="479" VPOS="1016" WIDTH="10"/>
						<String ID="P290_ST00190" HPOS="489" VPOS="983" WIDTH="10" HEIGHT="25" CONTENT="?" WC="1.00" CC="0"/>
						<SP ID="P290_SP00167" HPOS="499" VPOS="1016" WIDTH="12"/>
						<String ID="P290_ST00191" HPOS="511" VPOS="984" WIDTH="14" HEIGHT="10" CONTENT='"' WC="0.59" CC="4"/>
						<SP ID="P290_SP00168" HPOS="525" VPOS="1016" WIDTH="17"/>
						<String ID="P290_ST00192" HPOS="542" VPOS="983" WIDTH="80" HEIGHT="24" CONTENT="asked" WC="0.91" CC="00004"/>
						<SP ID="P290_SP00169" HPOS="622" VPOS="1016" WIDTH="19"/>
						<String ID="P290_ST00193" HPOS="641" VPOS="982" WIDTH="40" HEIGHT="24" CONTENT="his" WC="0.77" CC="041"/>
						<SP ID="P290_SP00170" HPOS="681" VPOS="1016" WIDTH="18"/>
						<String ID="P290_ST00194" HPOS="699" VPOS="982" WIDTH="100" HEIGHT="29" CONTENT="visitor," WC="0.83" CC="05050020"/>
						<SP ID="P290_SP00171" HPOS="799" VPOS="1016" WIDTH="17"/>
						<String ID="P290_ST00195" HPOS="816" VPOS="982" WIDTH="105" HEIGHT="33" CONTENT="hastily." WC="0.89" CC="00001060"/>
						<SP ID="P290_SP00172" HPOS="921" VPOS="1016" WIDTH="38"/>
						<String ID="P290_ST00196" HPOS="959" VPOS="985" WIDTH="15" HEIGHT="11" CONTENT='"' WC="0.53" CC="4"/>
						<SP ID="P290_SP00173" HPOS="974" VPOS="1016" WIDTH="13"/>
						<String ID="P290_ST00197" HPOS="987" VPOS="983" WIDTH="9" HEIGHT="23" CONTENT="I" WC="1.00" CC="0"/>
					</TextLine>
					<TextLine ID="P290_TL00024" HPOS="111" VPOS="1023" WIDTH="885" HEIGHT="32">
						<String ID="P290_ST00198" HPOS="111" VPOS="1025" WIDTH="78" HEIGHT="24" CONTENT="could" WC="0.92" CC="02010"/>
						<SP ID="P290_SP00174" HPOS="189" VPOS="1049" WIDTH="14"/>
						<String ID="P290_ST00199" HPOS="203" VPOS="1029" WIDTH="46" HEIGHT="20" CONTENT="not" WC="0.80" CC="500"/>
						<SP ID="P290_SP00175" HPOS="249" VPOS="1049" WIDTH="17"/>
						<String ID="P290_ST00200" HPOS="266" VPOS="1025" WIDTH="103" HEIGHT="24" CONTENT="remain" WC="0.82" CC="000054"/>
						<SP ID="P290_SP00176" HPOS="369" VPOS="1049" WIDTH="13"/>
						<String ID="P290_ST00201" HPOS="382" VPOS="1025" WIDTH="62" HEIGHT="24" CONTENT="here" WC="1.00" CC="0000"/>
						<String ID="P290_ST00202" HPOS="454" VPOS="1034" WIDTH="6" HEIGHT="21" CONTENT=";" WC="0.21" CC="7"/>
						<SP ID="P290_SP00177" HPOS="460" VPOS="1055" WIDTH="21"/>
						<String ID="P290_ST00203" HPOS="481" VPOS="1025" WIDTH="44" HEIGHT="24" CONTENT="the" WC="1.00" CC="000"/>
						<SP ID="P290_SP00178" HPOS="525" VPOS="1055" WIDTH="19"/>
						<String ID="P290_ST00204" HPOS="544" VPOS="1024" WIDTH="99" HEIGHT="25" CONTENT="mental" WC="0.67" CC="601046"/>
						<SP ID="P290_SP00179" HPOS="643" VPOS="1055" WIDTH="15"/>
						<String ID="P290_ST00205" HPOS="658" VPOS="1024" WIDTH="126" HEIGHT="31" CONTENT="suffering" WC="0.93" CC="000000050"/>
						<SP ID="P290_SP00180" HPOS="784" VPOS="1055" WIDTH="12"/>
						<String ID="P290_ST00206" HPOS="796" VPOS="1023" WIDTH="28" HEIGHT="25" CONTENT="of" WC="0.85" CC="02"/>
						<SP ID="P290_SP00181" HPOS="824" VPOS="1055" WIDTH="18"/>
						<String ID="P290_ST00207" HPOS="842" VPOS="1024" WIDTH="154" HEIGHT="31" CONTENT="witnessing" WC="0.64" CC="0404803617"/>
					</TextLine>
					<TextLine ID="P290_TL00025" HPOS="111" VPOS="1066" WIDTH="884" HEIGHT="32">
						<String ID="P290_ST00208" HPOS="111" VPOS="1067" WIDTH="33" HEIGHT="23" CONTENT="all" WC="0.54" CC="850"/>
						<SP ID="P290_SP00182" HPOS="144" VPOS="1090" WIDTH="14"/>
						<String ID="P290_ST00209" HPOS="158" VPOS="1066" WIDTH="58" HEIGHT="24" CONTENT="that" WC="0.95" CC="0200"/>
						<SP ID="P290_SP00183" HPOS="216" VPOS="1090" WIDTH="14"/>
						<String ID="P290_ST00210" HPOS="230" VPOS="1075" WIDTH="64" HEIGHT="23" CONTENT="goes" WC="0.90" CC="3000"/>
						<SP ID="P290_SP00184" HPOS="294" VPOS="1098" WIDTH="19"/>
						<String ID="P290_ST00211" HPOS="313" VPOS="1075" WIDTH="34" HEIGHT="16" CONTENT="on" WC="0.94" CC="01"/>
						<SP ID="P290_SP00185" HPOS="347" VPOS="1098" WIDTH="13"/>
						<String ID="P290_ST00212" HPOS="360" VPOS="1066" WIDTH="63" HEIGHT="25" CONTENT="here" WC="1.00" CC="0000"/>
						<SP ID="P290_SP00186" HPOS="423" VPOS="1098" WIDTH="18"/>
						<String ID="P290_ST00213" HPOS="441" VPOS="1066" WIDTH="87" HEIGHT="26" CONTENT="would" WC="0.78" CC="00405"/>
						<SP ID="P290_SP00187" HPOS="528" VPOS="1098" WIDTH="20"/>
						<String ID="P290_ST00214" HPOS="548" VPOS="1074" WIDTH="150" HEIGHT="24" CONTENT="overpower" WC="0.82" CC="040050006"/>
						<SP ID="P290_SP00188" HPOS="698" VPOS="1098" WIDTH="18"/>
						<String ID="P290_ST00215" HPOS="716" VPOS="1073" WIDTH="42" HEIGHT="16" CONTENT="me" WC="1.00" CC="00"/>
						<String ID="P290_ST00216" HPOS="769" VPOS="1073" WIDTH="6" HEIGHT="22" CONTENT=";" WC="1.00" CC="0"/>
						<SP ID="P290_SP00189" HPOS="775" VPOS="1098" WIDTH="21"/>
						<String ID="P290_ST00217" HPOS="796" VPOS="1066" WIDTH="51" HEIGHT="23" CONTENT="and" WC="0.59" CC="244"/>
						<SP ID="P290_SP00190" HPOS="847" VPOS="1098" WIDTH="19"/>
						<String ID="P290_ST00218" HPOS="866" VPOS="1073" WIDTH="51" HEIGHT="24" CONTENT="you" WC="0.68" CC="540"/>
						<SP ID="P290_SP00191" HPOS="917" VPOS="1098" WIDTH="15"/>
						<String ID="P290_ST00219" HPOS="932" VPOS="1066" WIDTH="63" HEIGHT="23" CONTENT="shall" WC="0.64" CC="35160"/>
					</TextLine>
					<TextLine ID="P290_TL00026" HPOS="111" VPOS="1106" WIDTH="681" HEIGHT="32">
						<String ID="P290_ST00220" HPOS="111" VPOS="1111" WIDTH="45" HEIGHT="21" CONTENT="not" WC="0.72" CC="800"/>
						<SP ID="P290_SP00192" HPOS="156" VPOS="1132" WIDTH="14"/>
						<String ID="P290_ST00221" HPOS="170" VPOS="1107" WIDTH="101" HEIGHT="25" CONTENT="remain" WC="0.62" CC="107265"/>
						<SP ID="P290_SP00193" HPOS="271" VPOS="1132" WIDTH="14"/>
						<String ID="P290_ST00222" HPOS="285" VPOS="1107" WIDTH="22" HEIGHT="25" CONTENT="if" WC="0.92" CC="10"/>
						<SP ID="P290_SP00194" HPOS="307" VPOS="1132" WIDTH="9"/>
						<String ID="P290_ST00223" HPOS="316" VPOS="1116" WIDTH="52" HEIGHT="22" CONTENT="you" WC="0.61" CC="613"/>
						<SP ID="P290_SP00195" HPOS="368" VPOS="1138" WIDTH="15"/>
						<String ID="P290_ST00224" HPOS="383" VPOS="1108" WIDTH="85" HEIGHT="24" CONTENT="desire" WC="0.77" CC="200730"/>
						<SP ID="P290_SP00196" HPOS="468" VPOS="1138" WIDTH="13"/>
						<String ID="P290_ST00225" HPOS="481" VPOS="1111" WIDTH="28" HEIGHT="21" CONTENT="to" WC="1.00" CC="00"/>
						<SP ID="P290_SP00197" HPOS="509" VPOS="1138" WIDTH="13"/>
						<String ID="P290_ST00226" HPOS="522" VPOS="1111" WIDTH="44" HEIGHT="27" CONTENT="get" WC="1.00" CC="000"/>
						<SP ID="P290_SP00198" HPOS="566" VPOS="1138" WIDTH="15"/>
						<String ID="P290_ST00227" HPOS="581" VPOS="1115" WIDTH="74" HEIGHT="23" CONTENT="away" WC="0.90" CC="0004"/>
						<SP ID="P290_SP00199" HPOS="655" VPOS="1138" WIDTH="13"/>
						<String ID="P290_ST00228" HPOS="668" VPOS="1106" WIDTH="66" HEIGHT="25" CONTENT="from" WC="0.91" CC="0003"/>
						<SP ID="P290_SP00200" HPOS="734" VPOS="1138" WIDTH="13"/>
						<String ID="P290_ST00229" HPOS="747" VPOS="1106" WIDTH="45" HEIGHT="25" CONTENT='it."' WC="0.83" CC="2003"/>
					</TextLine>
				</TextBlock>
				<TextBlock ID="P290_TB00013" HPOS="104" VPOS="1146" WIDTH="889" HEIGHT="355" STYLEREFS="TXT_1 PAR_LEFT">
					<TextLine ID="P290_TL00027" HPOS="144" VPOS="1147" WIDTH="849" HEIGHT="32">
						<String ID="P290_ST00230" HPOS="144" VPOS="1152" WIDTH="16" HEIGHT="11" CONTENT='"' WC="0.45" CC="5"/>
						<SP ID="P290_SP00201" HPOS="160" VPOS="1163" WIDTH="11"/>
						<String ID="P290_ST00231" HPOS="171" VPOS="1149" WIDTH="23" HEIGHT="24" CONTENT="It" WC="0.84" CC="30"/>
						<SP ID="P290_SP00202" HPOS="194" VPOS="1173" WIDTH="15"/>
						<String ID="P290_ST00232" HPOS="209" VPOS="1149" WIDTH="64" HEIGHT="24" CONTENT="does" WC="0.83" CC="4100"/>
						<SP ID="P290_SP00203" HPOS="273" VPOS="1173" WIDTH="15"/>
						<String ID="P290_ST00233" HPOS="288" VPOS="1153" WIDTH="46" HEIGHT="20" CONTENT="not" WC="0.86" CC="400"/>
						<SP ID="P290_SP00204" HPOS="334" VPOS="1173" WIDTH="21"/>
						<String ID="P290_ST00234" HPOS="355" VPOS="1149" WIDTH="111" HEIGHT="24" CONTENT="distress" WC="0.96" CC="02000000"/>
						<SP ID="P290_SP00205" HPOS="466" VPOS="1173" WIDTH="15"/>
						<String ID="P290_ST00235" HPOS="481" VPOS="1150" WIDTH="68" HEIGHT="29" CONTENT='me,"' WC="0.95" CC="0020"/>
						<SP ID="P290_SP00206" HPOS="549" VPOS="1179" WIDTH="22"/>
						<String ID="P290_ST00236" HPOS="571" VPOS="1149" WIDTH="137" HEIGHT="24" CONTENT="answered" WC="0.99" CC="00000000"/>
						<SP ID="P290_SP00207" HPOS="708" VPOS="1179" WIDTH="21"/>
						<String ID="P290_ST00237" HPOS="729" VPOS="1148" WIDTH="100" HEIGHT="31" CONTENT="Philip;" WC="0.72" CC="3044007"/>
						<SP ID="P290_SP00208" HPOS="829" VPOS="1179" WIDTH="22"/>
						<String ID="P290_ST00238" HPOS="851" VPOS="1150" WIDTH="51" HEIGHT="22" CONTENT='"at' WC="0.89" CC="020"/>
						<SP ID="P290_SP00209" HPOS="902" VPOS="1179" WIDTH="17"/>
						<String ID="P290_ST00239" HPOS="919" VPOS="1147" WIDTH="74" HEIGHT="31" CONTENT="least," WC="0.95" CC="000003"/>
					</TextLine>
					<TextLine ID="P290_TL00028" HPOS="108" VPOS="1188" WIDTH="885" HEIGHT="34">
						<String ID="P290_ST00240" HPOS="108" VPOS="1193" WIDTH="47" HEIGHT="22" CONTENT="not" WC="0.62" CC="280"/>
						<SP ID="P290_SP00210" HPOS="155" VPOS="1215" WIDTH="18"/>
						<String ID="P290_ST00241" HPOS="173" VPOS="1198" WIDTH="31" HEIGHT="17" CONTENT="as" WC="1.00" CC="00"/>
						<SP ID="P290_SP00211" HPOS="204" VPOS="1215" WIDTH="18"/>
						<String ID="P290_ST00242" HPOS="222" VPOS="1190" WIDTH="21" HEIGHT="25" CONTENT="it" WC="0.98" CC="00"/>
						<SP ID="P290_SP00212" HPOS="243" VPOS="1215" WIDTH="18"/>
						<String ID="P290_ST00243" HPOS="261" VPOS="1190" WIDTH="88" HEIGHT="25" CONTENT="would" WC="1.00" CC="00000"/>
						<SP ID="P290_SP00213" HPOS="349" VPOS="1215" WIDTH="20"/>
						<String ID="P290_ST00244" HPOS="369" VPOS="1191" WIDTH="111" HEIGHT="24" CONTENT="distress" WC="0.88" CC="44000001"/>
						<SP ID="P290_SP00214" HPOS="480" VPOS="1215" WIDTH="19"/>
						<String ID="P290_ST00245" HPOS="499" VPOS="1198" WIDTH="61" HEIGHT="24" CONTENT="you," WC="0.83" CC="6000"/>
						<SP ID="P290_SP00215" HPOS="560" VPOS="1222" WIDTH="23"/>
						<String ID="P290_ST00246" HPOS="583" VPOS="1190" WIDTH="10" HEIGHT="24" CONTENT="I" WC="1.00" CC="0"/>
						<SP ID="P290_SP00216" HPOS="593" VPOS="1222" WIDTH="26"/>
						<String ID="P290_ST00247" HPOS="619" VPOS="1190" WIDTH="61" HEIGHT="24" CONTENT="dare" WC="0.78" CC="7010"/>
						<SP ID="P290_SP00217" HPOS="680" VPOS="1222" WIDTH="20"/>
						<String ID="P290_ST00248" HPOS="700" VPOS="1190" WIDTH="73" HEIGHT="31" CONTENT='say."' WC="0.73" CC="04206"/>
						<SP ID="P290_SP00218" HPOS="773" VPOS="1222" WIDTH="39"/>
						<String ID="P290_ST00249" HPOS="812" VPOS="1188" WIDTH="84" HEIGHT="32" CONTENT="Philip" WC="0.87" CC="002500"/>
						<SP ID="P290_SP00219" HPOS="896" VPOS="1222" WIDTH="20"/>
						<String ID="P290_ST00250" HPOS="916" VPOS="1189" WIDTH="77" HEIGHT="31" CONTENT="spoke" WC="0.78" CC="24030"/>
					</TextLine>
					<TextLine ID="P290_TL00029" HPOS="107" VPOS="1230" WIDTH="886" HEIGHT="33">
						<String ID="P290_ST00251" HPOS="107" VPOS="1231" WIDTH="65" HEIGHT="25" CONTENT="with" WC="0.60" CC="8520"/>
						<SP ID="P290_SP00220" HPOS="172" VPOS="1256" WIDTH="14"/>
						<String ID="P290_ST00252" HPOS="186" VPOS="1240" WIDTH="97" HEIGHT="23" CONTENT="pauses" WC="0.78" CC="236000"/>
						<SP ID="P290_SP00221" HPOS="283" VPOS="1263" WIDTH="15"/>
						<String ID="P290_ST00253" HPOS="298" VPOS="1232" WIDTH="120" HEIGHT="24" CONTENT="between" WC="0.92" CC="0020002"/>
						<SP ID="P290_SP00222" HPOS="418" VPOS="1263" WIDTH="14"/>
						<String ID="P290_ST00254" HPOS="432" VPOS="1232" WIDTH="42" HEIGHT="25" CONTENT="his" WC="0.85" CC="040"/>
						<SP ID="P290_SP00223" HPOS="474" VPOS="1263" WIDTH="14"/>
						<String ID="P290_ST00255" HPOS="488" VPOS="1237" WIDTH="151" HEIGHT="25" CONTENT="sentences," WC="0.92" CC="1010040000"/>
						<SP ID="P290_SP00224" HPOS="639" VPOS="1263" WIDTH="15"/>
						<String ID="P290_ST00256" HPOS="654" VPOS="1231" WIDTH="51" HEIGHT="24" CONTENT="and" WC="0.56" CC="560"/>
						<SP ID="P290_SP00225" HPOS="705" VPOS="1263" WIDTH="14"/>
						<String ID="P290_ST00257" HPOS="719" VPOS="1231" WIDTH="44" HEIGHT="24" CONTENT="the" WC="1.00" CC="000"/>
						<SP ID="P290_SP00226" HPOS="763" VPOS="1263" WIDTH="14"/>
						<String ID="P290_ST00258" HPOS="777" VPOS="1231" WIDTH="149" HEIGHT="31" CONTENT="expressive" WC="0.94" CC="0000000300"/>
						<SP ID="P290_SP00227" HPOS="926" VPOS="1263" WIDTH="14"/>
						<String ID="P290_ST00259" HPOS="940" VPOS="1230" WIDTH="53" HEIGHT="25" CONTENT="face" WC="0.93" CC="1010"/>
					</TextLine>
					<TextLine ID="P290_TL00030" HPOS="107" VPOS="1272" WIDTH="886" HEIGHT="33">
						<String ID="P290_ST00260" HPOS="107" VPOS="1273" WIDTH="30" HEIGHT="24" CONTENT="of" WC="0.96" CC="00"/>
						<SP ID="P290_SP00228" HPOS="137" VPOS="1297" WIDTH="16"/>
						<String ID="P290_ST00261" HPOS="153" VPOS="1273" WIDTH="143" HEIGHT="32" CONTENT="Benjamin" WC="0.75" CC="00040355"/>
						<SP ID="P290_SP00229" HPOS="296" VPOS="1305" WIDTH="27"/>
						<String ID="P290_ST00262" HPOS="323" VPOS="1274" WIDTH="159" HEIGHT="31" CONTENT="Carrington" WC="0.76" CC="0020555202"/>
						<SP ID="P290_SP00230" HPOS="482" VPOS="1305" WIDTH="21"/>
						<String ID="P290_ST00263" HPOS="503" VPOS="1274" WIDTH="108" HEIGHT="24" CONTENT="showed" WC="0.96" CC="000002"/>
						<SP ID="P290_SP00231" HPOS="611" VPOS="1305" WIDTH="20"/>
						<String ID="P290_ST00264" HPOS="631" VPOS="1281" WIDTH="75" HEIGHT="17" CONTENT="some" WC="1.00" CC="0000"/>
						<SP ID="P290_SP00232" HPOS="706" VPOS="1305" WIDTH="19"/>
						<String ID="P290_ST00265" HPOS="725" VPOS="1272" WIDTH="226" HEIGHT="31" CONTENT="disappointment" WC="0.79" CC="30000004625050"/>
						<SP ID="P290_SP00233" HPOS="951" VPOS="1305" WIDTH="18"/>
						<String ID="P290_ST00266" HPOS="969" VPOS="1276" WIDTH="24" HEIGHT="20" CONTENT="at" WC="0.98" CC="00"/>
					</TextLine>
					<TextLine ID="P290_TL00031" HPOS="107" VPOS="1313" WIDTH="886" HEIGHT="34">
						<String ID="P290_ST00267" HPOS="107" VPOS="1314" WIDTH="45" HEIGHT="24" CONTENT="the" WC="0.85" CC="040"/>
						<SP ID="P290_SP00234" HPOS="152" VPOS="1338" WIDTH="20"/>
						<String ID="P290_ST00268" HPOS="172" VPOS="1314" WIDTH="60" HEIGHT="25" CONTENT="last." WC="0.97" CC="01000"/>
						<SP ID="P290_SP00235" HPOS="232" VPOS="1339" WIDTH="39"/>
						<String ID="P290_ST00269" HPOS="271" VPOS="1315" WIDTH="43" HEIGHT="24" CONTENT="He" WC="0.93" CC="10"/>
						<SP ID="P290_SP00236" HPOS="314" VPOS="1339" WIDTH="19"/>
						<String ID="P290_ST00270" HPOS="333" VPOS="1324" WIDTH="56" HEIGHT="16" CONTENT="was" WC="0.95" CC="001"/>
						<SP ID="P290_SP00237" HPOS="389" VPOS="1340" WIDTH="21"/>
						<String ID="P290_ST00271" HPOS="410" VPOS="1315" WIDTH="95" HEIGHT="25" CONTENT="indeed" WC="0.80" CC="541000"/>
						<SP ID="P290_SP00238" HPOS="505" VPOS="1340" WIDTH="20"/>
						<String ID="P290_ST00272" HPOS="525" VPOS="1315" WIDTH="98" HEIGHT="32" CONTENT="feeling" WC="0.86" CC="0001530"/>
						<String ID="P290_ST00273" HPOS="634" VPOS="1323" WIDTH="6" HEIGHT="16" CONTENT=":" WC="1.00" CC="0"/>
						<SP ID="P290_SP00239" HPOS="640" VPOS="1347" WIDTH="23"/>
						<String ID="P290_ST00274" HPOS="663" VPOS="1318" WIDTH="15" HEIGHT="11" CONTENT='"' WC="0.55" CC="4"/>
						<SP ID="P290_SP00240" HPOS="678" VPOS="1347" WIDTH="11"/>
						<String ID="P290_ST00275" HPOS="689" VPOS="1314" WIDTH="72" HEIGHT="24" CONTENT="Here" WC="0.86" CC="1030"/>
						<SP ID="P290_SP00241" HPOS="761" VPOS="1347" WIDTH="19"/>
						<String ID="P290_ST00276" HPOS="780" VPOS="1314" WIDTH="22" HEIGHT="24" CONTENT="is" WC="0.78" CC="40"/>
						<SP ID="P290_SP00242" HPOS="802" VPOS="1347" WIDTH="20"/>
						<String ID="P290_ST00277" HPOS="822" VPOS="1314" WIDTH="44" HEIGHT="24" CONTENT="the" WC="1.00" CC="000"/>
						<SP ID="P290_SP00243" HPOS="866" VPOS="1347" WIDTH="19"/>
						<String ID="P290_ST00278" HPOS="885" VPOS="1313" WIDTH="108" HEIGHT="24" CONTENT="horrible" WC="0.82" CC="00008400"/>
					</TextLine>
					<TextLine ID="P290_TL00032" HPOS="107" VPOS="1354" WIDTH="886" HEIGHT="35">
						<String ID="P290_ST00279" HPOS="107" VPOS="1355" WIDTH="60" HEIGHT="25" CONTENT="flaw" WC="0.72" CC="2260"/>
						<SP ID="P290_SP00244" HPOS="167" VPOS="1380" WIDTH="13"/>
						<String ID="P290_ST00280" HPOS="180" VPOS="1355" WIDTH="87" HEIGHT="25" CONTENT="which" WC="0.77" CC="50500"/>
						<SP ID="P290_SP00245" HPOS="267" VPOS="1380" WIDTH="21"/>
						<String ID="P290_ST00281" HPOS="288" VPOS="1356" WIDTH="11" HEIGHT="24" CONTENT="I" WC="1.00" CC="0"/>
						<SP ID="P290_SP00246" HPOS="299" VPOS="1380" WIDTH="15"/>
						<String ID="P290_ST00282" HPOS="314" VPOS="1356" WIDTH="68" HEIGHT="24" CONTENT="have" WC="1.00" CC="0000"/>
						<SP ID="P290_SP00247" HPOS="382" VPOS="1380" WIDTH="20"/>
						<String ID="P290_ST00283" HPOS="402" VPOS="1357" WIDTH="99" HEIGHT="32" CONTENT="alwaj's" WC="0.69" CC="0500870"/>
						<SP ID="P290_SP00248" HPOS="501" VPOS="1389" WIDTH="19"/>
						<String ID="P290_ST00284" HPOS="520" VPOS="1356" WIDTH="83" HEIGHT="24" CONTENT="found" WC="0.95" CC="02000"/>
						<SP ID="P290_SP00249" HPOS="603" VPOS="1389" WIDTH="19"/>
						<String ID="P290_ST00285" HPOS="622" VPOS="1356" WIDTH="27" HEIGHT="24" CONTENT="in" WC="0.55" CC="44"/>
						<SP ID="P290_SP00250" HPOS="649" VPOS="1389" WIDTH="19"/>
						<String ID="P290_ST00286" HPOS="668" VPOS="1356" WIDTH="45" HEIGHT="24" CONTENT="the" WC="1.00" CC="000"/>
						<SP ID="P290_SP00251" HPOS="713" VPOS="1389" WIDTH="20"/>
						<String ID="P290_ST00287" HPOS="733" VPOS="1355" WIDTH="49" HEIGHT="25" CONTENT="few" WC="1.00" CC="000"/>
						<SP ID="P290_SP00252" HPOS="782" VPOS="1389" WIDTH="14"/>
						<String ID="P290_ST00288" HPOS="796" VPOS="1354" WIDTH="88" HEIGHT="26" CONTENT="efforts" WC="0.90" CC="0005100"/>
						<SP ID="P290_SP00253" HPOS="884" VPOS="1389" WIDTH="21"/>
						<String ID="P290_ST00289" HPOS="905" VPOS="1354" WIDTH="11" HEIGHT="25" CONTENT="I" WC="1.00" CC="0"/>
						<SP ID="P290_SP00254" HPOS="916" VPOS="1389" WIDTH="14"/>
						<String ID="P290_ST00290" HPOS="930" VPOS="1354" WIDTH="63" HEIGHT="25" CONTENT="have" WC="0.89" CC="0220"/>
					</TextLine>
					<TextLine ID="P290_TL00033" HPOS="106" VPOS="1396" WIDTH="887" HEIGHT="33">
						<String ID="P290_ST00291" HPOS="106" VPOS="1397" WIDTH="76" HEIGHT="24" CONTENT="made" WC="0.70" CC="5600"/>
						<SP ID="P290_SP00255" HPOS="182" VPOS="1421" WIDTH="13"/>
						<String ID="P290_ST00292" HPOS="195" VPOS="1401" WIDTH="28" HEIGHT="20" CONTENT="to" WC="0.99" CC="00"/>
						<SP ID="P290_SP00256" HPOS="223" VPOS="1421" WIDTH="21"/>
						<String ID="P290_ST00293" HPOS="244" VPOS="1397" WIDTH="163" HEIGHT="25" CONTENT="understand" WC="0.84" CC="2542000000"/>
						<SP ID="P290_SP00257" HPOS="407" VPOS="1422" WIDTH="14"/>
						<String ID="P290_ST00294" HPOS="421" VPOS="1397" WIDTH="126" HEIGHT="32" CONTENT="religious" WC="0.65" CC="201544273"/>
						<SP ID="P290_SP00258" HPOS="547" VPOS="1429" WIDTH="18"/>
						<String ID="P290_ST00295" HPOS="565" VPOS="1397" WIDTH="102" HEIGHT="32" CONTENT="people." WC="0.81" CC="1004060"/>
						<SP ID="P290_SP00259" HPOS="667" VPOS="1429" WIDTH="40"/>
						<String ID="P290_ST00296" HPOS="707" VPOS="1397" WIDTH="71" HEIGHT="24" CONTENT="Here" WC="0.94" CC="2000"/>
						<SP ID="P290_SP00260" HPOS="778" VPOS="1429" WIDTH="14"/>
						<String ID="P290_ST00297" HPOS="792" VPOS="1405" WIDTH="76" HEIGHT="23" CONTENT="crops" WC="0.83" CC="44000"/>
						<SP ID="P290_SP00261" HPOS="868" VPOS="1429" WIDTH="14"/>
						<String ID="P290_ST00298" HPOS="882" VPOS="1400" WIDTH="44" HEIGHT="21" CONTENT="out" WC="1.00" CC="000"/>
						<SP ID="P290_SP00262" HPOS="926" VPOS="1429" WIDTH="12"/>
						<String ID="P290_ST00299" HPOS="938" VPOS="1396" WIDTH="55" HEIGHT="24" CONTENT="that" WC="0.87" CC="0032"/>
					</TextLine>
					<TextLine ID="P290_TL00034" HPOS="105" VPOS="1438" WIDTH="888" HEIGHT="33">
						<String ID="P290_ST00300" HPOS="105" VPOS="1438" WIDTH="119" HEIGHT="25" CONTENT="dreadful" WC="0.91" CC="00020400"/>
						<SP ID="P290_SP00263" HPOS="224" VPOS="1463" WIDTH="15"/>
						<String ID="P290_ST00301" HPOS="239" VPOS="1438" WIDTH="261" HEIGHT="33" CONTENT="self-complacency," WC="0.78" CC="00600001055054034"/>
						<SP ID="P290_SP00264" HPOS="500" VPOS="1471" WIDTH="22"/>
						<String ID="P290_ST00302" HPOS="522" VPOS="1438" WIDTH="198" HEIGHT="33" CONTENT="contradicting" WC="0.69" CC="0041300603686"/>
						<SP ID="P290_SP00265" HPOS="720" VPOS="1471" WIDTH="19"/>
						<String ID="P290_ST00303" HPOS="739" VPOS="1438" WIDTH="34" HEIGHT="25" CONTENT="all" WC="0.82" CC="500"/>
						<SP ID="P290_SP00266" HPOS="773" VPOS="1471" WIDTH="12"/>
						<String ID="P290_ST00304" HPOS="785" VPOS="1438" WIDTH="59" HEIGHT="25" CONTENT="that" WC="0.85" CC="0041"/>
						<SP ID="P290_SP00267" HPOS="844" VPOS="1471" WIDTH="18"/>
						<String ID="P290_ST00305" HPOS="862" VPOS="1438" WIDTH="48" HEIGHT="25" CONTENT="has" WC="0.84" CC="040"/>
						<SP ID="P290_SP00268" HPOS="910" VPOS="1471" WIDTH="19"/>
						<String ID="P290_ST00306" HPOS="929" VPOS="1446" WIDTH="64" HEIGHT="23" CONTENT="gone" WC="0.77" CC="0017"/>
					</TextLine>
					<TextLine ID="P290_TL00035" HPOS="106" VPOS="1479" WIDTH="114" HEIGHT="22">
						<String ID="P290_ST00307" HPOS="106" VPOS="1479" WIDTH="114" HEIGHT="22" CONTENT='before."' WC="0.63" CC="76560004"/>
					</TextLine>
				</TextBlock>
				<TextBlock ID="P290_TB00014" HPOS="139" VPOS="1518" WIDTH="855" HEIGHT="34" STYLEREFS="TXT_1 PAR_CENTER">
					<TextLine ID="P290_TL00036" HPOS="139" VPOS="1519" WIDTH="855" HEIGHT="33">
						<String ID="P290_ST00308" HPOS="139" VPOS="1519" WIDTH="53" HEIGHT="24" CONTENT="But" WC="0.62" CC="704"/>
						<SP ID="P290_SP00269" HPOS="192" VPOS="1543" WIDTH="27"/>
						<String ID="P290_ST00309" HPOS="219" VPOS="1520" WIDTH="87" HEIGHT="32" CONTENT="Philip" WC="0.63" CC="302276"/>
						<SP ID="P290_SP00270" HPOS="306" VPOS="1552" WIDTH="26"/>
						<String ID="P290_ST00310" HPOS="332" VPOS="1525" WIDTH="70" HEIGHT="21" CONTENT="went" WC="0.68" CC="6050"/>
						<SP ID="P290_SP00271" HPOS="402" VPOS="1552" WIDTH="19"/>
						<String ID="P290_ST00311" HPOS="421" VPOS="1530" WIDTH="33" HEIGHT="16" CONTENT="on" WC="0.88" CC="02"/>
						<String ID="P290_ST00312" HPOS="466" VPOS="1530" WIDTH="6" HEIGHT="16" CONTENT=":" WC="0.50" CC="4"/>
						<SP ID="P290_SP00272" HPOS="472" VPOS="1552" WIDTH="21"/>
						<String ID="P290_ST00313" HPOS="493" VPOS="1521" WIDTH="41" HEIGHT="25" CONTENT='"I' WC="0.68" CC="06"/>
						<SP ID="P290_SP00273" HPOS="534" VPOS="1552" WIDTH="21"/>
						<String ID="P290_ST00314" HPOS="555" VPOS="1521" WIDTH="77" HEIGHT="25" CONTENT="know" WC="0.75" CC="2502"/>
						<SP ID="P290_SP00274" HPOS="632" VPOS="1552" WIDTH="25"/>
						<String ID="P290_ST00315" HPOS="657" VPOS="1522" WIDTH="58" HEIGHT="24" CONTENT="that" WC="0.80" CC="0340"/>
						<SP ID="P290_SP00275" HPOS="715" VPOS="1552" WIDTH="25"/>
						<String ID="P290_ST00316" HPOS="740" VPOS="1530" WIDTH="79" HEIGHT="22" CONTENT="every" WC="0.87" CC="01004"/>
						<SP ID="P290_SP00276" HPOS="819" VPOS="1552" WIDTH="25"/>
						<String ID="P290_ST00317" HPOS="844" VPOS="1521" WIDTH="107" HEIGHT="25" CONTENT="sufferer" WC="0.89" CC="07000000"/>
						<SP ID="P290_SP00277" HPOS="951" VPOS="1552" WIDTH="22"/>
						<String ID="P290_ST00318" HPOS="973" VPOS="1521" WIDTH="21" HEIGHT="25" CONTENT="is" WC="0.27" CC="67"/>
					</TextLine>
				</TextBlock>
			</PrintSpace>
		</Page>
	</Layout>
</alto>
