<?xml version="1.0" encoding="UTF-8"?>
<alto xmlns:xsi="http://www.w3.org/2001/XMLSchema-instance" xsi:noNamespaceSchemaLocation="http://www.bl.uk/schemas/alto/alto-1-4.xsd" xmlns:xlink="http://www.w3.org/1999/xlink">
	<Description>
		<MeasurementUnit>mm10</MeasurementUnit>
		<sourceImageInformation>
			<fileName>//head1/IN/2007-44/A0010858537.1/002442.jp2</fileName>
		</sourceImageInformation>
		<OCRProcessing ID="OCRPROCESSING_1">
			<preProcessingStep>
				<processingSoftware>
					<softwareCreator>CCS Content Conversion Specialists GmbH, Germany</softwareCreator>
					<softwareName>CCS docWORKS</softwareName>
					<softwareVersion>6.1-0.64</softwareVersion>
				</processingSoftware>
			</preProcessingStep>
			<ocrProcessingStep>
				<processingSoftware>
					<softwareCreator>ABBYY (BIT Software), Russia</softwareCreator>
					<softwareName>Finereader</softwareName>
				</processingSoftware>
			</ocrProcessingStep>
		</OCRProcessing>
	</Description>
	<Styles>
		<TextStyle ID="TXT_0" FONTSIZE="10" FONTFAMILY="Courier New"/>
		<TextStyle ID="TXT_1" FONTSIZE="9" FONTFAMILY="Courier New"/>
		<ParagraphStyle ID="PAR_CENTER" ALIGN="Center"/>
		<ParagraphStyle ID="PAR_LEFT" ALIGN="Left"/>
	</Styles>
	<Layout>
		<Page ID="P324" PHYSICAL_IMG_NR="324" HEIGHT="1644" WIDTH="1061" POSITION="Left" ACCURACY="77.03">
			<TopMargin ID="P324_TM00001" HPOS="0" VPOS="0" WIDTH="1060" HEIGHT="449"/>
			<LeftMargin ID="P324_LM00001" HPOS="0" VPOS="449" WIDTH="92" HEIGHT="1111"/>
			<RightMargin ID="P324_RM00001" HPOS="991" VPOS="449" WIDTH="69" HEIGHT="1111"/>
			<BottomMargin ID="P324_BM00001" HPOS="0" VPOS="1560" WIDTH="1060" HEIGHT="84"/>
			<PrintSpace ID="P324_PS00001" HPOS="92" VPOS="449" WIDTH="899" HEIGHT="1111">
				<TextBlock ID="P324_TB00001" HPOS="346" VPOS="449" WIDTH="395" HEIGHT="28" STYLEREFS="TXT_0 PAR_CENTER">
					<TextLine ID="P324_TL00001" HPOS="348" VPOS="450" WIDTH="393" HEIGHT="27">
						<String ID="P324_ST00001" HPOS="348" VPOS="451" WIDTH="229" HEIGHT="26" CONTENT="CHAPTER" WC="0.48" CC="7676053"/>
						<SP ID="P324_SP00001" HPOS="577" VPOS="477" WIDTH="43"/>
						<String ID="P324_ST00002" HPOS="620" VPOS="451" WIDTH="26" HEIGHT="26" CONTENT="X" WC="1.00" CC="0"/>
						<SP ID="P324_SP00002" HPOS="646" VPOS="477" WIDTH="10"/>
						<String ID="P324_ST00003" HPOS="656" VPOS="451" WIDTH="21" HEIGHT="26" CONTENT="L" WC="0.32" CC="6"/>
						<SP ID="P324_SP00003" HPOS="677" VPOS="477" WIDTH="10"/>
						<String ID="P324_ST00004" HPOS="687" VPOS="450" WIDTH="26" HEIGHT="27" CONTENT="V" WC="0.40" CC="5"/>
						<SP ID="P324_SP00004" HPOS="713" VPOS="477" WIDTH="9"/>
						<String ID="P324_ST00005" HPOS="722" VPOS="451" WIDTH="19" HEIGHT="26" CONTENT="I." WC="0.65" CC="70"/>
					</TextLine>
				</TextBlock>
				<TextBlock ID="P324_TB00002" HPOS="443" VPOS="524" WIDTH="197" HEIGHT="17" STYLEREFS="TXT_0 PAR_CENTER">
					<TextLine ID="P324_TL00002" HPOS="444" VPOS="525" WIDTH="196" HEIGHT="16">
						<String ID="P324_ST00006" HPOS="444" VPOS="525" WIDTH="96" HEIGHT="16" CONTENT="MARCH" WC="0.57" CC="47602"/>
						<SP ID="P324_SP00005" HPOS="540" VPOS="541" WIDTH="20"/>
						<String ID="P324_ST00007" HPOS="560" VPOS="525" WIDTH="80" HEIGHT="16" CONTENT="BUDS." WC="0.67" CC="73410"/>
					</TextLine>
				</TextBlock>
				<TextBlock ID="P324_TB00003" HPOS="93" VPOS="581" WIDTH="898" HEIGHT="114" STYLEREFS="TXT_1 PAR_LEFT">
					<TextLine ID="P324_TL00003" HPOS="99" VPOS="581" WIDTH="892" HEIGHT="41">
						<String ID="P324_ST00008" HPOS="99" VPOS="581" WIDTH="144" HEIGHT="41" CONTENT="v'-^i^rajS" WC="0.24" CC="8768487788"/>
						<SP ID="P324_SP00006" HPOS="243" VPOS="622" WIDTH="11"/>
						<String ID="P324_ST00009" HPOS="254" VPOS="584" WIDTH="54" HEIGHT="26" CONTENT="HE" WC="0.44" CC="73"/>
						<SP ID="P324_SP00007" HPOS="308" VPOS="622" WIDTH="14"/>
						<String ID="P324_ST00010" HPOS="322" VPOS="583" WIDTH="95" HEIGHT="26" CONTENT="March" WC="0.94" CC="00001"/>
						<SP ID="P324_SP00008" HPOS="417" VPOS="622" WIDTH="13"/>
						<String ID="P324_ST00011" HPOS="430" VPOS="583" WIDTH="67" HEIGHT="25" CONTENT="buds" WC="0.63" CC="7060"/>
						<SP ID="P324_SP00009" HPOS="497" VPOS="622" WIDTH="14"/>
						<String ID="P324_ST00012" HPOS="511" VPOS="591" WIDTH="68" HEIGHT="17" CONTENT="were" WC="1.00" CC="0000"/>
						<SP ID="P324_SP00010" HPOS="579" VPOS="622" WIDTH="18"/>
						<String ID="P324_ST00013" HPOS="597" VPOS="587" WIDTH="45" HEIGHT="20" CONTENT="out" WC="0.63" CC="136"/>
						<SP ID="P324_SP00011" HPOS="642" VPOS="622" WIDTH="16"/>
						<String ID="P324_ST00014" HPOS="658" VPOS="592" WIDTH="33" HEIGHT="16" CONTENT="on" WC="0.64" CC="42"/>
						<SP ID="P324_SP00012" HPOS="691" VPOS="622" WIDTH="15"/>
						<String ID="P324_ST00015" HPOS="706" VPOS="583" WIDTH="45" HEIGHT="25" CONTENT="the" WC="0.76" CC="420"/>
						<SP ID="P324_SP00013" HPOS="751" VPOS="622" WIDTH="20"/>
						<String ID="P324_ST00016" HPOS="771" VPOS="592" WIDTH="88" HEIGHT="24" CONTENT="sunny" WC="0.69" CC="06602"/>
						<SP ID="P324_SP00014" HPOS="859" VPOS="622" WIDTH="13"/>
						<String ID="P324_ST00017" HPOS="872" VPOS="583" WIDTH="73" HEIGHT="25" CONTENT="sides" WC="0.71" CC="37003"/>
						<SP ID="P324_SP00015" HPOS="945" VPOS="622" WIDTH="19"/>
						<String ID="P324_ST00018" HPOS="964" VPOS="582" WIDTH="27" HEIGHT="26" CONTENT="of" WC="0.58" CC="17"/>
					</TextLine>
					<TextLine ID="P324_TL00004" HPOS="94" VPOS="617" WIDTH="896" HEIGHT="46">
						<String ID="P324_ST00019" HPOS="94" VPOS="617" WIDTH="68" HEIGHT="46" CONTENT="dfe!" WC="0.17" CC="8778"/>
						<SP ID="P324_SP00016" HPOS="162" VPOS="663" WIDTH="17"/>
						<String ID="P324_ST00020" HPOS="179" VPOS="617" WIDTH="62" HEIGHT="46" CONTENT="lv^?" WC="0.16" CC="8887"/>
						<SP ID="P324_SP00017" HPOS="241" VPOS="663" WIDTH="26"/>
						<String ID="P324_ST00021" HPOS="267" VPOS="625" WIDTH="46" HEIGHT="25" CONTENT="*^e" WC="0.43" CC="781"/>
						<SP ID="P324_SP00018" HPOS="313" VPOS="663" WIDTH="19"/>
						<String ID="P324_ST00022" HPOS="332" VPOS="625" WIDTH="166" HEIGHT="32" CONTENT="hedgerows," WC="0.83" CC="8004000030"/>
						<SP ID="P324_SP00019" HPOS="498" VPOS="663" WIDTH="17"/>
						<String ID="P324_ST00023" HPOS="515" VPOS="625" WIDTH="53" HEIGHT="25" CONTENT="and" WC="0.90" CC="002"/>
						<SP ID="P324_SP00020" HPOS="568" VPOS="663" WIDTH="19"/>
						<String ID="P324_ST00024" HPOS="587" VPOS="625" WIDTH="45" HEIGHT="24" CONTENT="the" WC="0.86" CC="040"/>
						<SP ID="P324_SP00021" HPOS="632" VPOS="663" WIDTH="20"/>
						<String ID="P324_ST00025" HPOS="652" VPOS="625" WIDTH="121" HEIGHT="25" CONTENT="daffodils" WC="0.83" CC="100022800"/>
						<SP ID="P324_SP00022" HPOS="773" VPOS="663" WIDTH="18"/>
						<String ID="P324_ST00026" HPOS="791" VPOS="633" WIDTH="68" HEIGHT="17" CONTENT="were" WC="0.89" CC="0040"/>
						<SP ID="P324_SP00023" HPOS="859" VPOS="663" WIDTH="14"/>
						<String ID="P324_ST00027" HPOS="873" VPOS="624" WIDTH="117" HEIGHT="32" CONTENT="blowing" WC="0.59" CC="4200668"/>
					</TextLine>
					<TextLine ID="P324_TL00005" HPOS="94" VPOS="660" WIDTH="896" HEIGHT="35">
						<String ID="P324_ST00028" HPOS="94" VPOS="660" WIDTH="68" HEIGHT="34" CONTENT="rS~)l" WC="0.17" CC="88688"/>
						<SP ID="P324_SP00024" HPOS="162" VPOS="694" WIDTH="17"/>
						<String ID="P324_ST00029" HPOS="179" VPOS="661" WIDTH="63" HEIGHT="34" CONTENT="fksp" WC="0.14" CC="8888"/>
						<SP ID="P324_SP00025" HPOS="242" VPOS="695" WIDTH="25"/>
						<String ID="P324_ST00030" HPOS="267" VPOS="667" WIDTH="26" HEIGHT="24" CONTENT="in" WC="0.80" CC="04"/>
						<SP ID="P324_SP00026" HPOS="293" VPOS="695" WIDTH="27"/>
						<String ID="P324_ST00031" HPOS="320" VPOS="666" WIDTH="102" HEIGHT="25" CONTENT="crowds" WC="0.84" CC="000072"/>
						<SP ID="P324_SP00027" HPOS="422" VPOS="695" WIDTH="25"/>
						<String ID="P324_ST00032" HPOS="447" VPOS="671" WIDTH="27" HEIGHT="20" CONTENT="at" WC="0.88" CC="20"/>
						<SP ID="P324_SP00028" HPOS="474" VPOS="695" WIDTH="23"/>
						<String ID="P324_ST00033" HPOS="497" VPOS="666" WIDTH="45" HEIGHT="24" CONTENT="the" WC="0.84" CC="040"/>
						<SP ID="P324_SP00029" HPOS="542" VPOS="695" WIDTH="25"/>
						<String ID="P324_ST00034" HPOS="567" VPOS="666" WIDTH="54" HEIGHT="24" CONTENT="foot" WC="0.87" CC="0005"/>
						<SP ID="P324_SP00030" HPOS="621" VPOS="695" WIDTH="25"/>
						<String ID="P324_ST00035" HPOS="646" VPOS="666" WIDTH="29" HEIGHT="24" CONTENT="of" WC="1.00" CC="00"/>
						<SP ID="P324_SP00031" HPOS="675" VPOS="695" WIDTH="22"/>
						<String ID="P324_ST00036" HPOS="697" VPOS="666" WIDTH="45" HEIGHT="24" CONTENT="the" WC="1.00" CC="000"/>
						<SP ID="P324_SP00032" HPOS="742" VPOS="695" WIDTH="26"/>
						<String ID="P324_ST00037" HPOS="768" VPOS="666" WIDTH="119" HEIGHT="29" CONTENT="orchard," WC="0.80" CC="00060503"/>
						<SP ID="P324_SP00033" HPOS="887" VPOS="695" WIDTH="25"/>
						<String ID="P324_ST00038" HPOS="912" VPOS="666" WIDTH="78" HEIGHT="24" CONTENT="when" WC="0.79" CC="2006"/>
					</TextLine>
				</TextBlock>
				<TextBlock ID="P324_TB00004" HPOS="93" VPOS="704" WIDTH="895" HEIGHT="35" STYLEREFS="TXT_1 PAR_CENTER">
					<TextLine ID="P324_TL00006" HPOS="94" VPOS="704" WIDTH="894" HEIGHT="35">
						<String ID="P324_ST00039" HPOS="94" VPOS="704" WIDTH="145" HEIGHT="23" CONTENT="&lt;jJ**^fe*&amp;uI," WC="0.29" CC="6887787775880"/>
						<SP ID="P324_SP00034" HPOS="239" VPOS="727" WIDTH="29"/>
						<String ID="P324_ST00040" HPOS="268" VPOS="709" WIDTH="130" HEIGHT="30" CONTENT="Timothy" WC="0.71" CC="8400061"/>
						<SP ID="P324_SP00035" HPOS="398" VPOS="739" WIDTH="17"/>
						<String ID="P324_ST00041" HPOS="415" VPOS="709" WIDTH="125" HEIGHT="30" CONTENT="Wiggett" WC="0.82" CC="0470000"/>
						<SP ID="P324_SP00036" HPOS="540" VPOS="739" WIDTH="18"/>
						<String ID="P324_ST00042" HPOS="558" VPOS="708" WIDTH="115" HEIGHT="31" CONTENT="brought" WC="0.69" CC="0344350"/>
						<SP ID="P324_SP00037" HPOS="673" VPOS="739" WIDTH="23"/>
						<String ID="P324_ST00043" HPOS="696" VPOS="707" WIDTH="88" HEIGHT="31" CONTENT="Philip" WC="0.82" CC="202040"/>
						<SP ID="P324_SP00038" HPOS="784" VPOS="739" WIDTH="18"/>
						<String ID="P324_ST00044" HPOS="802" VPOS="707" WIDTH="79" HEIGHT="25" CONTENT="home" WC="0.93" CC="2000"/>
						<SP ID="P324_SP00039" HPOS="881" VPOS="739" WIDTH="19"/>
						<String ID="P324_ST00045" HPOS="900" VPOS="710" WIDTH="28" HEIGHT="22" CONTENT="to" WC="1.00" CC="00"/>
						<SP ID="P324_SP00040" HPOS="928" VPOS="739" WIDTH="19"/>
						<String ID="P324_ST00046" HPOS="947" VPOS="707" WIDTH="41" HEIGHT="24" CONTENT="his" WC="0.52" CC="067"/>
					</TextLine>
				</TextBlock>
				<TextBlock ID="P324_TB00005" HPOS="95" VPOS="745" WIDTH="895" HEIGHT="150" STYLEREFS="TXT_1 PAR_LEFT">
					<TextLine ID="P324_TL00007" HPOS="97" VPOS="746" WIDTH="893" HEIGHT="31">
						<String ID="P324_ST00047" HPOS="97" VPOS="755" WIDTH="59" HEIGHT="18" CONTENT="own" WC="0.58" CC="822"/>
						<SP ID="P324_SP00041" HPOS="156" VPOS="773" WIDTH="21"/>
						<String ID="P324_ST00048" HPOS="177" VPOS="748" WIDTH="94" HEIGHT="25" CONTENT="house." WC="0.82" CC="504000"/>
						<SP ID="P324_SP00042" HPOS="271" VPOS="773" WIDTH="37"/>
						<String ID="P324_ST00049" HPOS="308" VPOS="748" WIDTH="58" HEIGHT="24" CONTENT="The" WC="0.67" CC="540"/>
						<SP ID="P324_SP00043" HPOS="366" VPOS="773" WIDTH="25"/>
						<String ID="P324_ST00050" HPOS="391" VPOS="748" WIDTH="84" HEIGHT="23" CONTENT="house" WC="0.76" CC="50600"/>
						<SP ID="P324_SP00044" HPOS="475" VPOS="773" WIDTH="26"/>
						<String ID="P324_ST00051" HPOS="501" VPOS="747" WIDTH="101" HEIGHT="24" CONTENT="missed" WC="0.64" CC="670006"/>
						<SP ID="P324_SP00045" HPOS="602" VPOS="773" WIDTH="19"/>
						<String ID="P324_ST00052" HPOS="621" VPOS="747" WIDTH="34" HEIGHT="24" CONTENT="its" WC="0.96" CC="100"/>
						<SP ID="P324_SP00046" HPOS="655" VPOS="773" WIDTH="24"/>
						<String ID="P324_ST00053" HPOS="679" VPOS="746" WIDTH="131" HEIGHT="31" CONTENT="mistress," WC="0.86" CC="340000120"/>
						<SP ID="P324_SP00047" HPOS="810" VPOS="777" WIDTH="24"/>
						<String ID="P324_ST00054" HPOS="834" VPOS="746" WIDTH="81" HEIGHT="25" CONTENT="harsh" WC="0.71" CC="02830"/>
						<SP ID="P324_SP00048" HPOS="915" VPOS="777" WIDTH="25"/>
						<String ID="P324_ST00055" HPOS="940" VPOS="747" WIDTH="50" HEIGHT="24" CONTENT="and" WC="0.77" CC="113"/>
					</TextLine>
					<TextLine ID="P324_TL00008" HPOS="97" VPOS="788" WIDTH="893" HEIGHT="33">
						<String ID="P324_ST00056" HPOS="97" VPOS="798" WIDTH="80" HEIGHT="23" CONTENT="queer" WC="0.67" CC="46050"/>
						<SP ID="P324_SP00049" HPOS="177" VPOS="821" WIDTH="12"/>
						<String ID="P324_ST00057" HPOS="189" VPOS="798" WIDTH="30" HEIGHT="16" CONTENT="as" WC="0.77" CC="40"/>
						<SP ID="P324_SP00050" HPOS="219" VPOS="821" WIDTH="14"/>
						<String ID="P324_ST00058" HPOS="233" VPOS="789" WIDTH="47" HEIGHT="25" CONTENT="she" WC="0.64" CC="450"/>
						<SP ID="P324_SP00051" HPOS="280" VPOS="821" WIDTH="20"/>
						<String ID="P324_ST00059" HPOS="300" VPOS="789" WIDTH="52" HEIGHT="24" CONTENT="had" WC="0.83" CC="040"/>
						<SP ID="P324_SP00052" HPOS="352" VPOS="821" WIDTH="18"/>
						<String ID="P324_ST00060" HPOS="370" VPOS="789" WIDTH="76" HEIGHT="30" CONTENT="been," WC="1.00" CC="00000"/>
						<SP ID="P324_SP00053" HPOS="446" VPOS="821" WIDTH="19"/>
						<String ID="P324_ST00061" HPOS="465" VPOS="789" WIDTH="52" HEIGHT="24" CONTENT="and" WC="0.72" CC="043"/>
						<SP ID="P324_SP00054" HPOS="517" VPOS="821" WIDTH="19"/>
						<String ID="P324_ST00062" HPOS="536" VPOS="788" WIDTH="128" HEIGHT="32" CONTENT="Timothy" WC="0.87" CC="2102002"/>
						<SP ID="P324_SP00055" HPOS="664" VPOS="821" WIDTH="18"/>
						<String ID="P324_ST00063" HPOS="682" VPOS="788" WIDTH="57" HEIGHT="24" CONTENT="also" WC="0.83" CC="3300"/>
						<SP ID="P324_SP00056" HPOS="739" VPOS="821" WIDTH="19"/>
						<String ID="P324_ST00064" HPOS="758" VPOS="788" WIDTH="101" HEIGHT="24" CONTENT="missed" WC="0.87" CC="030202"/>
						<SP ID="P324_SP00057" HPOS="859" VPOS="821" WIDTH="18"/>
						<String ID="P324_ST00065" HPOS="877" VPOS="788" WIDTH="46" HEIGHT="23" CONTENT="her" WC="0.78" CC="600"/>
						<SP ID="P324_SP00058" HPOS="923" VPOS="821" WIDTH="17"/>
						<String ID="P324_ST00066" HPOS="940" VPOS="788" WIDTH="50" HEIGHT="24" CONTENT="and" WC="0.69" CC="026"/>
					</TextLine>
					<TextLine ID="P324_TL00009" HPOS="96" VPOS="829" WIDTH="894" HEIGHT="32">
						<String ID="P324_ST00067" HPOS="96" VPOS="831" WIDTH="130" HEIGHT="23" CONTENT="mourned" WC="0.62" CC="8074500"/>
						<SP ID="P324_SP00059" HPOS="226" VPOS="854" WIDTH="17"/>
						<String ID="P324_ST00068" HPOS="243" VPOS="830" WIDTH="40" HEIGHT="25" CONTENT="for" WC="0.85" CC="400"/>
						<SP ID="P324_SP00060" HPOS="283" VPOS="855" WIDTH="18"/>
						<String ID="P324_ST00069" HPOS="301" VPOS="831" WIDTH="47" HEIGHT="23" CONTENT="her" WC="0.93" CC="200"/>
						<SP ID="P324_SP00061" HPOS="348" VPOS="855" WIDTH="18"/>
						<String ID="P324_ST00070" HPOS="366" VPOS="838" WIDTH="30" HEIGHT="16" CONTENT="as" WC="1.00" CC="00"/>
						<SP ID="P324_SP00062" HPOS="396" VPOS="855" WIDTH="20"/>
						<String ID="P324_ST00071" HPOS="416" VPOS="831" WIDTH="86" HEIGHT="23" CONTENT="better" WC="1.00" CC="000000"/>
						<SP ID="P324_SP00063" HPOS="502" VPOS="855" WIDTH="17"/>
						<String ID="P324_ST00072" HPOS="519" VPOS="838" WIDTH="105" HEIGHT="16" CONTENT="women" WC="0.96" CC="00001"/>
						<SP ID="P324_SP00064" HPOS="624" VPOS="855" WIDTH="21"/>
						<String ID="P324_ST00073" HPOS="645" VPOS="838" WIDTH="43" HEIGHT="16" CONTENT="are" WC="0.78" CC="050"/>
						<SP ID="P324_SP00065" HPOS="688" VPOS="855" WIDTH="19"/>
						<String ID="P324_ST00074" HPOS="707" VPOS="832" WIDTH="47" HEIGHT="22" CONTENT="not" WC="0.73" CC="700"/>
						<SP ID="P324_SP00066" HPOS="754" VPOS="855" WIDTH="19"/>
						<String ID="P324_ST00075" HPOS="773" VPOS="829" WIDTH="100" HEIGHT="32" CONTENT="always" WC="0.87" CC="030022"/>
						<SP ID="P324_SP00067" HPOS="873" VPOS="861" WIDTH="19"/>
						<String ID="P324_ST00076" HPOS="892" VPOS="829" WIDTH="98" HEIGHT="25" CONTENT="missed" WC="0.82" CC="020008"/>
					</TextLine>
					<TextLine ID="P324_TL00010" HPOS="97" VPOS="871" WIDTH="256" HEIGHT="24">
						<String ID="P324_ST00077" HPOS="97" VPOS="872" WIDTH="52" HEIGHT="23" CONTENT="and" WC="0.73" CC="070"/>
						<SP ID="P324_SP00068" HPOS="149" VPOS="895" WIDTH="14"/>
						<String ID="P324_ST00078" HPOS="163" VPOS="872" WIDTH="129" HEIGHT="23" CONTENT="mourned" WC="0.62" CC="0454604"/>
						<SP ID="P324_SP00069" HPOS="292" VPOS="895" WIDTH="13"/>
						<String ID="P324_ST00079" HPOS="305" VPOS="871" WIDTH="48" HEIGHT="24" CONTENT="for." WC="0.99" CC="0000"/>
					</TextLine>
				</TextBlock>
				<TextBlock ID="P324_TB00006" HPOS="93" VPOS="911" WIDTH="896" HEIGHT="237" STYLEREFS="TXT_1 PAR_LEFT">
					<TextLine ID="P324_TL00011" HPOS="132" VPOS="911" WIDTH="857" HEIGHT="34">
						<String ID="P324_ST00080" HPOS="132" VPOS="913" WIDTH="53" HEIGHT="24" CONTENT="She" WC="1.00" CC="000"/>
						<SP ID="P324_SP00070" HPOS="185" VPOS="937" WIDTH="19"/>
						<String ID="P324_ST00081" HPOS="204" VPOS="913" WIDTH="51" HEIGHT="24" CONTENT="had" WC="0.99" CC="000"/>
						<SP ID="P324_SP00071" HPOS="255" VPOS="937" WIDTH="20"/>
						<String ID="P324_ST00082" HPOS="275" VPOS="913" WIDTH="62" HEIGHT="32" CONTENT="only" WC="0.61" CC="2344"/>
						<SP ID="P324_SP00072" HPOS="337" VPOS="945" WIDTH="17"/>
						<String ID="P324_ST00083" HPOS="354" VPOS="912" WIDTH="71" HEIGHT="25" CONTENT="lived" WC="0.71" CC="15006"/>
						<SP ID="P324_SP00073" HPOS="425" VPOS="945" WIDTH="19"/>
						<String ID="P324_ST00084" HPOS="444" VPOS="912" WIDTH="74" HEIGHT="32" CONTENT="eight" WC="0.74" CC="07130"/>
						<SP ID="P324_SP00074" HPOS="518" VPOS="945" WIDTH="19"/>
						<String ID="P324_ST00085" HPOS="537" VPOS="913" WIDTH="65" HEIGHT="31" CONTENT="days" WC="0.97" CC="0100"/>
						<SP ID="P324_SP00075" HPOS="602" VPOS="945" WIDTH="21"/>
						<String ID="P324_ST00086" HPOS="623" VPOS="911" WIDTH="67" HEIGHT="26" CONTENT="after" WC="0.84" CC="51000"/>
						<SP ID="P324_SP00076" HPOS="690" VPOS="945" WIDTH="17"/>
						<String ID="P324_ST00087" HPOS="707" VPOS="912" WIDTH="48" HEIGHT="25" CONTENT="her" WC="0.82" CC="401"/>
						<SP ID="P324_SP00077" HPOS="755" VPOS="945" WIDTH="20"/>
						<String ID="P324_ST00088" HPOS="775" VPOS="912" WIDTH="62" HEIGHT="25" CONTENT="rash" WC="1.00" CC="0000"/>
						<SP ID="P324_SP00078" HPOS="837" VPOS="945" WIDTH="23"/>
						<String ID="P324_ST00089" HPOS="860" VPOS="915" WIDTH="51" HEIGHT="27" CONTENT="act," WC="0.86" CC="2003"/>
						<SP ID="P324_SP00079" HPOS="911" VPOS="945" WIDTH="19"/>
						<String ID="P324_ST00090" HPOS="930" VPOS="912" WIDTH="59" HEIGHT="30" CONTENT="and," WC="0.87" CC="0400"/>
					</TextLine>
					<TextLine ID="P324_TL00012" HPOS="96" VPOS="952" WIDTH="893" HEIGHT="35">
						<String ID="P324_ST00091" HPOS="96" VPOS="958" WIDTH="107" HEIGHT="27" CONTENT="strange" WC="0.68" CC="5500830"/>
						<SP ID="P324_SP00080" HPOS="203" VPOS="985" WIDTH="25"/>
						<String ID="P324_ST00092" HPOS="228" VPOS="958" WIDTH="27" HEIGHT="20" CONTENT="to" WC="1.00" CC="00"/>
						<SP ID="P324_SP00081" HPOS="255" VPOS="985" WIDTH="26"/>
						<String ID="P324_ST00093" HPOS="281" VPOS="962" WIDTH="56" HEIGHT="25" CONTENT="say," WC="0.67" CC="4440"/>
						<SP ID="P324_SP00082" HPOS="337" VPOS="987" WIDTH="21"/>
						<String ID="P324_ST00094" HPOS="358" VPOS="954" WIDTH="64" HEIGHT="32" CONTENT="they" WC="0.95" CC="0001"/>
						<SP ID="P324_SP00083" HPOS="422" VPOS="987" WIDTH="19"/>
						<String ID="P324_ST00095" HPOS="441" VPOS="954" WIDTH="52" HEIGHT="23" CONTENT="had" WC="0.78" CC="105"/>
						<SP ID="P324_SP00084" HPOS="493" VPOS="987" WIDTH="20"/>
						<String ID="P324_ST00096" HPOS="513" VPOS="954" WIDTH="67" HEIGHT="23" CONTENT="been" WC="0.81" CC="2005"/>
						<SP ID="P324_SP00085" HPOS="580" VPOS="987" WIDTH="19"/>
						<String ID="P324_ST00097" HPOS="599" VPOS="954" WIDTH="65" HEIGHT="31" CONTENT="days" WC="0.79" CC="1330"/>
						<SP ID="P324_SP00086" HPOS="664" VPOS="987" WIDTH="21"/>
						<String ID="P324_ST00098" HPOS="685" VPOS="952" WIDTH="28" HEIGHT="25" CONTENT="of" WC="1.00" CC="00"/>
						<SP ID="P324_SP00087" HPOS="713" VPOS="987" WIDTH="22"/>
						<String ID="P324_ST00099" HPOS="735" VPOS="953" WIDTH="102" HEIGHT="31" CONTENT="patient" WC="0.91" CC="0000014"/>
						<SP ID="P324_SP00088" HPOS="837" VPOS="987" WIDTH="19"/>
						<String ID="P324_ST00100" HPOS="856" VPOS="953" WIDTH="133" HEIGHT="31" CONTENT="suffering." WC="0.80" CC="2000026620"/>
					</TextLine>
					<TextLine ID="P324_TL00013" HPOS="94" VPOS="993" WIDTH="895" HEIGHT="33">
						<String ID="P324_ST00101" HPOS="94" VPOS="995" WIDTH="60" HEIGHT="24" CONTENT="The" WC="0.68" CC="350"/>
						<SP ID="P324_SP00089" HPOS="154" VPOS="1019" WIDTH="24"/>
						<String ID="P324_ST00102" HPOS="178" VPOS="995" WIDTH="59" HEIGHT="24" CONTENT="cold" WC="0.91" CC="0021"/>
						<SP ID="P324_SP00090" HPOS="237" VPOS="1019" WIDTH="25"/>
						<String ID="P324_ST00103" HPOS="262" VPOS="995" WIDTH="52" HEIGHT="24" CONTENT="had" WC="0.90" CC="200"/>
						<SP ID="P324_SP00091" HPOS="314" VPOS="1019" WIDTH="26"/>
						<String ID="P324_ST00104" HPOS="340" VPOS="995" WIDTH="134" HEIGHT="31" CONTENT="produced" WC="0.94" CC="20010000"/>
						<SP ID="P324_SP00092" HPOS="474" VPOS="1026" WIDTH="26"/>
						<String ID="P324_ST00105" HPOS="500" VPOS="993" WIDTH="206" HEIGHT="31" CONTENT="inflammation," WC="0.66" CC="6333370005450"/>
						<SP ID="P324_SP00093" HPOS="706" VPOS="1026" WIDTH="23"/>
						<String ID="P324_ST00106" HPOS="729" VPOS="994" WIDTH="85" HEIGHT="24" CONTENT="under" WC="0.71" CC="36004"/>
						<SP ID="P324_SP00094" HPOS="814" VPOS="1026" WIDTH="20"/>
						<String ID="P324_ST00107" HPOS="834" VPOS="993" WIDTH="88" HEIGHT="26" CONTENT="which" WC="0.79" CC="35001"/>
						<SP ID="P324_SP00095" HPOS="922" VPOS="1026" WIDTH="23"/>
						<String ID="P324_ST00108" HPOS="945" VPOS="993" WIDTH="44" HEIGHT="25" CONTENT="she" WC="0.90" CC="002"/>
					</TextLine>
					<TextLine ID="P324_TL00014" HPOS="96" VPOS="1034" WIDTH="893" HEIGHT="33">
						<String ID="P324_ST00109" HPOS="96" VPOS="1035" WIDTH="66" HEIGHT="24" CONTENT="sank" WC="0.74" CC="4140"/>
						<SP ID="P324_SP00096" HPOS="162" VPOS="1059" WIDTH="15"/>
						<String ID="P324_ST00110" HPOS="177" VPOS="1035" WIDTH="110" HEIGHT="32" CONTENT="rapidly," WC="0.76" CC="02163040"/>
						<SP ID="P324_SP00097" HPOS="287" VPOS="1067" WIDTH="20"/>
						<String ID="P324_ST00111" HPOS="307" VPOS="1035" WIDTH="60" HEIGHT="29" CONTENT="and," WC="0.59" CC="3570"/>
						<SP ID="P324_SP00098" HPOS="367" VPOS="1067" WIDTH="16"/>
						<String ID="P324_ST00112" HPOS="383" VPOS="1035" WIDTH="64" HEIGHT="24" CONTENT="with" WC="0.72" CC="0531"/>
						<SP ID="P324_SP00099" HPOS="447" VPOS="1067" WIDTH="18"/>
						<String ID="P324_ST00113" HPOS="465" VPOS="1034" WIDTH="129" HEIGHT="32" CONTENT="Timothy" WC="0.75" CC="0201705"/>
						<SP ID="P324_SP00100" HPOS="594" VPOS="1067" WIDTH="12"/>
						<String ID="P324_ST00114" HPOS="606" VPOS="1037" WIDTH="28" HEIGHT="22" CONTENT="to" WC="0.93" CC="01"/>
						<SP ID="P324_SP00101" HPOS="634" VPOS="1067" WIDTH="21"/>
						<String ID="P324_ST00115" HPOS="655" VPOS="1042" WIDTH="80" HEIGHT="16" CONTENT="nurse" WC="0.68" CC="34700"/>
						<SP ID="P324_SP00102" HPOS="735" VPOS="1067" WIDTH="22"/>
						<String ID="P324_ST00116" HPOS="757" VPOS="1034" WIDTH="54" HEIGHT="30" CONTENT="her," WC="0.73" CC="2080"/>
						<SP ID="P324_SP00103" HPOS="811" VPOS="1067" WIDTH="16"/>
						<String ID="P324_ST00117" HPOS="827" VPOS="1034" WIDTH="47" HEIGHT="24" CONTENT="she" WC="1.00" CC="000"/>
						<SP ID="P324_SP00104" HPOS="874" VPOS="1067" WIDTH="21"/>
						<String ID="P324_ST00118" HPOS="895" VPOS="1034" WIDTH="94" HEIGHT="31" CONTENT="passed" WC="0.85" CC="003005"/>
					</TextLine>
					<TextLine ID="P324_TL00015" HPOS="94" VPOS="1075" WIDTH="895" HEIGHT="33">
						<String ID="P324_ST00119" HPOS="94" VPOS="1085" WIDTH="76" HEIGHT="23" CONTENT="away" WC="0.86" CC="0004"/>
						<SP ID="P324_SP00105" HPOS="170" VPOS="1108" WIDTH="12"/>
						<String ID="P324_ST00120" HPOS="182" VPOS="1076" WIDTH="27" HEIGHT="24" CONTENT="in" WC="0.46" CC="64"/>
						<SP ID="P324_SP00106" HPOS="209" VPOS="1108" WIDTH="19"/>
						<String ID="P324_ST00121" HPOS="228" VPOS="1084" WIDTH="91" HEIGHT="24" CONTENT="peace," WC="0.89" CC="200301"/>
						<SP ID="P324_SP00107" HPOS="319" VPOS="1108" WIDTH="15"/>
						<String ID="P324_ST00122" HPOS="334" VPOS="1076" WIDTH="51" HEIGHT="24" CONTENT="like" WC="0.86" CC="0500"/>
						<SP ID="P324_SP00108" HPOS="385" VPOS="1108" WIDTH="18"/>
						<String ID="P324_ST00123" HPOS="403" VPOS="1084" WIDTH="17" HEIGHT="16" CONTENT="a" WC="1.00" CC="0"/>
						<SP ID="P324_SP00109" HPOS="420" VPOS="1108" WIDTH="17"/>
						<String ID="P324_ST00124" HPOS="437" VPOS="1075" WIDTH="88" HEIGHT="25" CONTENT="fretful" WC="0.91" CC="0000040"/>
						<SP ID="P324_SP00110" HPOS="525" VPOS="1108" WIDTH="19"/>
						<String ID="P324_ST00125" HPOS="544" VPOS="1075" WIDTH="69" HEIGHT="24" CONTENT="child" WC="0.81" CC="05110"/>
						<SP ID="P324_SP00111" HPOS="613" VPOS="1108" WIDTH="20"/>
						<String ID="P324_ST00126" HPOS="633" VPOS="1075" WIDTH="58" HEIGHT="24" CONTENT="that" WC="0.75" CC="0702"/>
						<SP ID="P324_SP00112" HPOS="691" VPOS="1108" WIDTH="18"/>
						<String ID="P324_ST00127" HPOS="709" VPOS="1075" WIDTH="46" HEIGHT="24" CONTENT="the" WC="1.00" CC="000"/>
						<SP ID="P324_SP00113" HPOS="755" VPOS="1108" WIDTH="20"/>
						<String ID="P324_ST00128" HPOS="775" VPOS="1075" WIDTH="106" HEIGHT="24" CONTENT="mother" WC="0.80" CC="605000"/>
						<SP ID="P324_SP00114" HPOS="881" VPOS="1108" WIDTH="16"/>
						<String ID="P324_ST00129" HPOS="897" VPOS="1075" WIDTH="48" HEIGHT="25" CONTENT="has" WC="0.83" CC="102"/>
						<SP ID="P324_SP00115" HPOS="945" VPOS="1108" WIDTH="21"/>
						<String ID="P324_ST00130" HPOS="966" VPOS="1079" WIDTH="23" HEIGHT="20" CONTENT="at" WC="0.66" CC="06"/>
					</TextLine>
					<TextLine ID="P324_TL00016" HPOS="94" VPOS="1117" WIDTH="551" HEIGHT="31">
						<String ID="P324_ST00131" HPOS="94" VPOS="1118" WIDTH="92" HEIGHT="30" CONTENT="length" WC="0.42" CC="558743"/>
						<SP ID="P324_SP00116" HPOS="186" VPOS="1148" WIDTH="13"/>
						<String ID="P324_ST00132" HPOS="199" VPOS="1118" WIDTH="149" HEIGHT="24" CONTENT="succeeded" WC="0.89" CC="200000105"/>
						<SP ID="P324_SP00117" HPOS="348" VPOS="1148" WIDTH="12"/>
						<String ID="P324_ST00133" HPOS="360" VPOS="1117" WIDTH="27" HEIGHT="24" CONTENT="in" WC="0.54" CC="62"/>
						<SP ID="P324_SP00118" HPOS="387" VPOS="1148" WIDTH="15"/>
						<String ID="P324_ST00134" HPOS="402" VPOS="1117" WIDTH="127" HEIGHT="31" CONTENT="soothing" WC="0.64" CC="02017564"/>
						<SP ID="P324_SP00119" HPOS="529" VPOS="1148" WIDTH="12"/>
						<String ID="P324_ST00135" HPOS="541" VPOS="1120" WIDTH="28" HEIGHT="21" CONTENT="to" WC="1.00" CC="00"/>
						<SP ID="P324_SP00120" HPOS="569" VPOS="1148" WIDTH="13"/>
						<String ID="P324_ST00136" HPOS="582" VPOS="1120" WIDTH="63" HEIGHT="21" CONTENT="rest." WC="0.75" CC="30260"/>
					</TextLine>
				</TextBlock>
				<TextBlock ID="P324_TB00007" HPOS="93" VPOS="1157" WIDTH="896" HEIGHT="150" STYLEREFS="TXT_1 PAR_LEFT">
					<TextLine ID="P324_TL00017" HPOS="129" VPOS="1158" WIDTH="860" HEIGHT="33">
						<String ID="P324_ST00137" HPOS="129" VPOS="1158" WIDTH="49" HEIGHT="25" CONTENT='"A' WC="0.79" CC="40"/>
						<SP ID="P324_SP00121" HPOS="178" VPOS="1183" WIDTH="13"/>
						<String ID="P324_ST00138" HPOS="191" VPOS="1159" WIDTH="69" HEIGHT="32" CONTENT="good" WC="0.92" CC="2000"/>
						<SP ID="P324_SP00122" HPOS="260" VPOS="1191" WIDTH="11"/>
						<String ID="P324_ST00139" HPOS="271" VPOS="1158" WIDTH="47" HEIGHT="33" CONTENT="job" WC="0.93" CC="200"/>
						<SP ID="P324_SP00123" HPOS="318" VPOS="1191" WIDTH="13"/>
						<String ID="P324_ST00140" HPOS="331" VPOS="1159" WIDTH="73" HEIGHT="29" CONTENT='too,"' WC="0.82" CC="00034"/>
						<SP ID="P324_SP00124" HPOS="404" VPOS="1191" WIDTH="16"/>
						<String ID="P324_ST00141" HPOS="420" VPOS="1158" WIDTH="154" HEIGHT="24" CONTENT="murmured" WC="0.78" CC="30426000"/>
						<SP ID="P324_SP00125" HPOS="574" VPOS="1191" WIDTH="13"/>
						<String ID="P324_ST00142" HPOS="587" VPOS="1158" WIDTH="45" HEIGHT="24" CONTENT="the" WC="0.88" CC="030"/>
						<SP ID="P324_SP00126" HPOS="632" VPOS="1191" WIDTH="15"/>
						<String ID="P324_ST00143" HPOS="647" VPOS="1158" WIDTH="105" HEIGHT="32" CONTENT="village," WC="0.67" CC="05771300"/>
						<SP ID="P324_SP00127" HPOS="752" VPOS="1191" WIDTH="15"/>
						<String ID="P324_ST00144" HPOS="767" VPOS="1158" WIDTH="87" HEIGHT="25" CONTENT="which" WC="0.75" CC="02404"/>
						<SP ID="P324_SP00128" HPOS="854" VPOS="1191" WIDTH="13"/>
						<String ID="P324_ST00145" HPOS="867" VPOS="1158" WIDTH="53" HEIGHT="25" CONTENT="had" WC="0.84" CC="201"/>
						<SP ID="P324_SP00129" HPOS="920" VPOS="1191" WIDTH="16"/>
						<String ID="P324_ST00146" HPOS="936" VPOS="1158" WIDTH="53" HEIGHT="25" CONTENT="lain" WC="0.70" CC="1072"/>
					</TextLine>
					<TextLine ID="P324_TL00018" HPOS="94" VPOS="1199" WIDTH="895" HEIGHT="33">
						<String ID="P324_ST00147" HPOS="94" VPOS="1200" WIDTH="34" HEIGHT="25" CONTENT="its" WC="0.59" CC="740"/>
						<SP ID="P324_SP00130" HPOS="128" VPOS="1225" WIDTH="26"/>
						<String ID="P324_ST00148" HPOS="154" VPOS="1201" WIDTH="84" HEIGHT="31" CONTENT="finger" WC="0.79" CC="225200"/>
						<SP ID="P324_SP00131" HPOS="238" VPOS="1232" WIDTH="19"/>
						<String ID="P324_ST00149" HPOS="257" VPOS="1208" WIDTH="71" HEIGHT="24" CONTENT="upon" WC="0.71" CC="0505"/>
						<SP ID="P324_SP00132" HPOS="328" VPOS="1232" WIDTH="20"/>
						<String ID="P324_ST00150" HPOS="348" VPOS="1208" WIDTH="16" HEIGHT="16" CONTENT="a" WC="1.00" CC="0"/>
						<SP ID="P324_SP00133" HPOS="364" VPOS="1232" WIDTH="18"/>
						<String ID="P324_ST00151" HPOS="382" VPOS="1200" WIDTH="101" HEIGHT="24" CONTENT="certain" WC="0.84" CC="0000046"/>
						<SP ID="P324_SP00134" HPOS="483" VPOS="1232" WIDTH="20"/>
						<String ID="P324_ST00152" HPOS="503" VPOS="1208" WIDTH="157" HEIGHT="23" CONTENT="newspaper" WC="0.82" CC="700030210"/>
						<SP ID="P324_SP00135" HPOS="660" VPOS="1232" WIDTH="19"/>
						<String ID="P324_ST00153" HPOS="679" VPOS="1199" WIDTH="149" HEIGHT="32" CONTENT="paragraph" WC="0.77" CC="100380025"/>
						<String ID="P324_ST00154" HPOS="838" VPOS="1208" WIDTH="6" HEIGHT="22" CONTENT=";" WC="0.80" CC="1"/>
						<SP ID="P324_SP00136" HPOS="844" VPOS="1232" WIDTH="23"/>
						<String ID="P324_ST00155" HPOS="867" VPOS="1202" WIDTH="16" HEIGHT="11" CONTENT='"' WC="0.82" CC="1"/>
						<SP ID="P324_SP00137" HPOS="883" VPOS="1232" WIDTH="10"/>
						<String ID="P324_ST00156" HPOS="893" VPOS="1208" WIDTH="15" HEIGHT="16" CONTENT="a" WC="1.00" CC="0"/>
						<SP ID="P324_SP00138" HPOS="908" VPOS="1232" WIDTH="19"/>
						<String ID="P324_ST00157" HPOS="927" VPOS="1208" WIDTH="62" HEIGHT="24" CONTENT="very" WC="0.88" CC="0004"/>
					</TextLine>
					<TextLine ID="P324_TL00019" HPOS="94" VPOS="1241" WIDTH="895" HEIGHT="33">
						<String ID="P324_ST00158" HPOS="94" VPOS="1243" WIDTH="69" HEIGHT="31" CONTENT="good" WC="0.46" CC="5266"/>
						<SP ID="P324_SP00139" HPOS="163" VPOS="1274" WIDTH="14"/>
						<String ID="P324_ST00159" HPOS="177" VPOS="1242" WIDTH="124" HEIGHT="24" CONTENT="riddance" WC="0.94" CC="00002100"/>
						<SP ID="P324_SP00140" HPOS="301" VPOS="1274" WIDTH="15"/>
						<String ID="P324_ST00160" HPOS="316" VPOS="1241" WIDTH="46" HEIGHT="25" CONTENT="she" WC="0.79" CC="050"/>
						<SP ID="P324_SP00141" HPOS="362" VPOS="1274" WIDTH="14"/>
						<String ID="P324_ST00161" HPOS="376" VPOS="1245" WIDTH="72" HEIGHT="21" CONTENT="must" WC="0.60" CC="0708"/>
						<SP ID="P324_SP00142" HPOS="448" VPOS="1274" WIDTH="14"/>
						<String ID="P324_ST00162" HPOS="462" VPOS="1241" WIDTH="31" HEIGHT="24" CONTENT="be" WC="1.00" CC="00"/>
						<SP ID="P324_SP00143" HPOS="493" VPOS="1274" WIDTH="13"/>
						<String ID="P324_ST00163" HPOS="506" VPOS="1245" WIDTH="28" HEIGHT="20" CONTENT="to" WC="0.72" CC="50"/>
						<SP ID="P324_SP00144" HPOS="534" VPOS="1274" WIDTH="14"/>
						<String ID="P324_ST00164" HPOS="548" VPOS="1241" WIDTH="65" HEIGHT="24" CONTENT="him." WC="0.90" CC="1200"/>
						<SP ID="P324_SP00145" HPOS="613" VPOS="1274" WIDTH="39"/>
						<String ID="P324_ST00165" HPOS="652" VPOS="1241" WIDTH="72" HEIGHT="24" CONTENT="He'll" WC="0.79" CC="30006"/>
						<SP ID="P324_SP00146" HPOS="724" VPOS="1274" WIDTH="13"/>
						<String ID="P324_ST00166" HPOS="737" VPOS="1241" WIDTH="68" HEIGHT="25" CONTENT="have" WC="0.95" CC="0001"/>
						<SP ID="P324_SP00147" HPOS="805" VPOS="1274" WIDTH="15"/>
						<String ID="P324_ST00167" HPOS="820" VPOS="1249" WIDTH="75" HEIGHT="17" CONTENT="some" WC="0.86" CC="2030"/>
						<SP ID="P324_SP00148" HPOS="895" VPOS="1274" WIDTH="14"/>
						<String ID="P324_ST00168" HPOS="909" VPOS="1250" WIDTH="80" HEIGHT="23" CONTENT="peace" WC="0.81" CC="20600"/>
					</TextLine>
					<TextLine ID="P324_TL00020" HPOS="94" VPOS="1284" WIDTH="240" HEIGHT="23">
						<String ID="P324_ST00169" HPOS="94" VPOS="1285" WIDTH="27" HEIGHT="22" CONTENT="in" WC="0.41" CC="56"/>
						<SP ID="P324_SP00149" HPOS="121" VPOS="1307" WIDTH="13"/>
						<String ID="P324_ST00170" HPOS="134" VPOS="1284" WIDTH="42" HEIGHT="23" CONTENT="his" WC="0.82" CC="050"/>
						<SP ID="P324_SP00150" HPOS="176" VPOS="1307" WIDTH="13"/>
						<String ID="P324_ST00171" HPOS="189" VPOS="1284" WIDTH="43" HEIGHT="23" CONTENT="life" WC="0.90" CC="0400"/>
						<SP ID="P324_SP00151" HPOS="232" VPOS="1307" WIDTH="16"/>
						<String ID="P324_ST00172" HPOS="248" VPOS="1285" WIDTH="86" HEIGHT="22" CONTENT='now."' WC="0.81" CC="50003"/>
					</TextLine>
				</TextBlock>
				<TextBlock ID="P324_TB00008" HPOS="92" VPOS="1323" WIDTH="896" HEIGHT="237" STYLEREFS="TXT_1 PAR_LEFT">
					<TextLine ID="P324_TL00021" HPOS="128" VPOS="1324" WIDTH="860" HEIGHT="33">
						<String ID="P324_ST00173" HPOS="128" VPOS="1325" WIDTH="54" HEIGHT="25" CONTENT="But" WC="0.66" CC="504"/>
						<SP ID="P324_SP00152" HPOS="182" VPOS="1350" WIDTH="18"/>
						<String ID="P324_ST00174" HPOS="200" VPOS="1325" WIDTH="45" HEIGHT="25" CONTENT="the" WC="0.76" CC="051"/>
						<SP ID="P324_SP00153" HPOS="245" VPOS="1350" WIDTH="20"/>
						<String ID="P324_ST00175" HPOS="265" VPOS="1324" WIDTH="160" HEIGHT="33" CONTENT="philosophy" WC="0.59" CC="4672252061"/>
						<SP ID="P324_SP00154" HPOS="425" VPOS="1357" WIDTH="21"/>
						<String ID="P324_ST00176" HPOS="446" VPOS="1324" WIDTH="29" HEIGHT="24" CONTENT="of" WC="0.99" CC="00"/>
						<SP ID="P324_SP00155" HPOS="475" VPOS="1357" WIDTH="15"/>
						<String ID="P324_ST00177" HPOS="490" VPOS="1324" WIDTH="46" HEIGHT="24" CONTENT="the" WC="0.87" CC="012"/>
						<SP ID="P324_SP00156" HPOS="536" VPOS="1357" WIDTH="19"/>
						<String ID="P324_ST00178" HPOS="555" VPOS="1324" WIDTH="97" HEIGHT="32" CONTENT="village" WC="0.77" CC="0500360"/>
						<SP ID="P324_SP00157" HPOS="652" VPOS="1357" WIDTH="17"/>
						<String ID="P324_ST00179" HPOS="669" VPOS="1332" WIDTH="56" HEIGHT="17" CONTENT="was" WC="0.97" CC="000"/>
						<SP ID="P324_SP00158" HPOS="725" VPOS="1357" WIDTH="20"/>
						<String ID="P324_ST00180" HPOS="745" VPOS="1324" WIDTH="111" HEIGHT="33" CONTENT="entirely" WC="0.66" CC="06263052"/>
						<SP ID="P324_SP00159" HPOS="856" VPOS="1357" WIDTH="13"/>
						<String ID="P324_ST00181" HPOS="869" VPOS="1327" WIDTH="27" HEIGHT="22" CONTENT="at" WC="0.75" CC="31"/>
						<SP ID="P324_SP00160" HPOS="896" VPOS="1357" WIDTH="19"/>
						<String ID="P324_ST00182" HPOS="915" VPOS="1324" WIDTH="73" HEIGHT="27" CONTENT="fault." WC="0.72" CC="031640"/>
					</TextLine>
					<TextLine ID="P324_TL00022" HPOS="94" VPOS="1365" WIDTH="894" HEIGHT="33">
						<String ID="P324_ST00183" HPOS="94" VPOS="1366" WIDTH="25" HEIGHT="25" CONTENT="It" WC="1.00" CC="00"/>
						<SP ID="P324_SP00161" HPOS="119" VPOS="1391" WIDTH="13"/>
						<String ID="P324_ST00184" HPOS="132" VPOS="1367" WIDTH="22" HEIGHT="23" CONTENT="is" WC="0.70" CC="50"/>
						<SP ID="P324_SP00162" HPOS="154" VPOS="1391" WIDTH="12"/>
						<String ID="P324_ST00185" HPOS="166" VPOS="1370" WIDTH="67" HEIGHT="26" CONTENT="true," WC="0.86" CC="00402"/>
						<SP ID="P324_SP00163" HPOS="233" VPOS="1396" WIDTH="15"/>
						<String ID="P324_ST00186" HPOS="248" VPOS="1366" WIDTH="153" HEIGHT="32" CONTENT="Timothy's" WC="0.76" CC="322022403"/>
						<SP ID="P324_SP00164" HPOS="401" VPOS="1398" WIDTH="13"/>
						<String ID="P324_ST00187" HPOS="414" VPOS="1365" WIDTH="118" HEIGHT="25" CONTENT="troubles" WC="0.81" CC="00470002"/>
						<SP ID="P324_SP00165" HPOS="532" VPOS="1398" WIDTH="10"/>
						<String ID="P324_ST00188" HPOS="542" VPOS="1373" WIDTH="69" HEIGHT="17" CONTENT="were" WC="0.83" CC="3030"/>
						<SP ID="P324_SP00166" HPOS="611" VPOS="1398" WIDTH="14"/>
						<String ID="P324_ST00189" HPOS="625" VPOS="1369" WIDTH="27" HEIGHT="21" CONTENT="at" WC="0.60" CC="07"/>
						<SP ID="P324_SP00167" HPOS="652" VPOS="1398" WIDTH="11"/>
						<String ID="P324_ST00190" HPOS="663" VPOS="1374" WIDTH="33" HEIGHT="16" CONTENT="an" WC="1.00" CC="00"/>
						<SP ID="P324_SP00168" HPOS="696" VPOS="1398" WIDTH="11"/>
						<String ID="P324_ST00191" HPOS="707" VPOS="1366" WIDTH="51" HEIGHT="24" CONTENT="end" WC="0.71" CC="016"/>
						<String ID="P324_ST00192" HPOS="768" VPOS="1374" WIDTH="6" HEIGHT="22" CONTENT=";" WC="0.74" CC="2"/>
						<SP ID="P324_SP00169" HPOS="774" VPOS="1398" WIDTH="21"/>
						<String ID="P324_ST00193" HPOS="795" VPOS="1366" WIDTH="47" HEIGHT="24" CONTENT="but" WC="0.51" CC="166"/>
						<SP ID="P324_SP00170" HPOS="842" VPOS="1398" WIDTH="10"/>
						<String ID="P324_ST00194" HPOS="852" VPOS="1366" WIDTH="20" HEIGHT="24" CONTENT="it" WC="0.46" CC="55"/>
						<SP ID="P324_SP00171" HPOS="872" VPOS="1398" WIDTH="11"/>
						<String ID="P324_ST00195" HPOS="883" VPOS="1368" WIDTH="105" HEIGHT="23" CONTENT="seemed" WC="0.89" CC="200003"/>
					</TextLine>
					<TextLine ID="P324_TL00023" HPOS="93" VPOS="1407" WIDTH="895" HEIGHT="33">
						<String ID="P324_ST00196" HPOS="93" VPOS="1412" WIDTH="28" HEIGHT="21" CONTENT="to" WC="1.00" CC="00"/>
						<SP ID="P324_SP00172" HPOS="121" VPOS="1433" WIDTH="16"/>
						<String ID="P324_ST00197" HPOS="137" VPOS="1407" WIDTH="56" HEIGHT="25" CONTENT="him" WC="0.75" CC="150"/>
						<SP ID="P324_SP00173" HPOS="193" VPOS="1433" WIDTH="17"/>
						<String ID="P324_ST00198" HPOS="210" VPOS="1407" WIDTH="58" HEIGHT="25" CONTENT="that" WC="0.91" CC="0030"/>
						<SP ID="P324_SP00174" HPOS="268" VPOS="1433" WIDTH="18"/>
						<String ID="P324_ST00199" HPOS="286" VPOS="1416" WIDTH="38" HEIGHT="22" CONTENT="so," WC="1.00" CC="000"/>
						<SP ID="P324_SP00175" HPOS="324" VPOS="1438" WIDTH="18"/>
						<String ID="P324_ST00200" HPOS="342" VPOS="1412" WIDTH="54" HEIGHT="26" CONTENT="too," WC="0.90" CC="0012"/>
						<SP ID="P324_SP00176" HPOS="396" VPOS="1438" WIDTH="18"/>
						<String ID="P324_ST00201" HPOS="414" VPOS="1415" WIDTH="69" HEIGHT="18" CONTENT="were" WC="0.96" CC="1000"/>
						<SP ID="P324_SP00177" HPOS="483" VPOS="1438" WIDTH="20"/>
						<String ID="P324_ST00202" HPOS="503" VPOS="1407" WIDTH="42" HEIGHT="25" CONTENT="his" WC="0.87" CC="003"/>
						<SP ID="P324_SP00178" HPOS="545" VPOS="1438" WIDTH="22"/>
						<String ID="P324_ST00203" HPOS="567" VPOS="1407" WIDTH="146" HEIGHT="32" CONTENT="pleasures." WC="0.82" CC="5004050020"/>
						<SP ID="P324_SP00179" HPOS="713" VPOS="1439" WIDTH="39"/>
						<String ID="P324_ST00204" HPOS="752" VPOS="1407" WIDTH="43" HEIGHT="25" CONTENT="He" WC="1.00" CC="00"/>
						<SP ID="P324_SP00180" HPOS="795" VPOS="1439" WIDTH="17"/>
						<String ID="P324_ST00205" HPOS="812" VPOS="1407" WIDTH="54" HEIGHT="25" CONTENT="had" WC="0.62" CC="406"/>
						<SP ID="P324_SP00181" HPOS="866" VPOS="1439" WIDTH="19"/>
						<String ID="P324_ST00206" HPOS="885" VPOS="1408" WIDTH="103" HEIGHT="32" CONTENT="nobody" WC="0.76" CC="300037"/>
					</TextLine>
					<TextLine ID="P324_TL00024" HPOS="93" VPOS="1448" WIDTH="895" HEIGHT="33">
						<String ID="P324_ST00207" HPOS="93" VPOS="1452" WIDTH="28" HEIGHT="21" CONTENT="to" WC="1.00" CC="00"/>
						<SP ID="P324_SP00182" HPOS="121" VPOS="1473" WIDTH="18"/>
						<String ID="P324_ST00208" HPOS="139" VPOS="1449" WIDTH="69" HEIGHT="30" CONTENT="love," WC="0.85" CC="20004"/>
						<SP ID="P324_SP00183" HPOS="208" VPOS="1479" WIDTH="21"/>
						<String ID="P324_ST00209" HPOS="229" VPOS="1449" WIDTH="107" HEIGHT="32" CONTENT="nobody" WC="0.79" CC="200036"/>
						<SP ID="P324_SP00184" HPOS="336" VPOS="1481" WIDTH="17"/>
						<String ID="P324_ST00210" HPOS="353" VPOS="1449" WIDTH="60" HEIGHT="24" CONTENT="who" WC="0.84" CC="040"/>
						<SP ID="P324_SP00185" HPOS="413" VPOS="1481" WIDTH="20"/>
						<String ID="P324_ST00211" HPOS="433" VPOS="1449" WIDTH="78" HEIGHT="24" CONTENT="cared" WC="0.98" CC="00000"/>
						<SP ID="P324_SP00186" HPOS="511" VPOS="1481" WIDTH="20"/>
						<String ID="P324_ST00212" HPOS="531" VPOS="1449" WIDTH="108" HEIGHT="31" CONTENT="enough" WC="0.78" CC="040017"/>
						<SP ID="P324_SP00187" HPOS="639" VPOS="1481" WIDTH="19"/>
						<String ID="P324_ST00213" HPOS="658" VPOS="1448" WIDTH="40" HEIGHT="25" CONTENT="for" WC="0.76" CC="042"/>
						<SP ID="P324_SP00188" HPOS="698" VPOS="1481" WIDTH="18"/>
						<String ID="P324_ST00214" HPOS="716" VPOS="1448" WIDTH="56" HEIGHT="25" CONTENT="him" WC="0.80" CC="050"/>
						<SP ID="P324_SP00189" HPOS="772" VPOS="1481" WIDTH="20"/>
						<String ID="P324_ST00215" HPOS="792" VPOS="1452" WIDTH="28" HEIGHT="21" CONTENT="to" WC="0.63" CC="42"/>
						<SP ID="P324_SP00190" HPOS="820" VPOS="1481" WIDTH="16"/>
						<String ID="P324_ST00216" HPOS="836" VPOS="1456" WIDTH="86" HEIGHT="25" CONTENT="worry" WC="0.70" CC="33124"/>
						<SP ID="P324_SP00191" HPOS="922" VPOS="1481" WIDTH="17"/>
						<String ID="P324_ST00217" HPOS="939" VPOS="1450" WIDTH="49" HEIGHT="24" CONTENT="and" WC="0.56" CC="434"/>
					</TextLine>
					<TextLine ID="P324_TL00025" HPOS="93" VPOS="1489" WIDTH="895" HEIGHT="33">
						<String ID="P324_ST00218" HPOS="93" VPOS="1489" WIDTH="49" HEIGHT="25" CONTENT="fret" WC="0.70" CC="5104"/>
						<SP ID="P324_SP00192" HPOS="142" VPOS="1514" WIDTH="14"/>
						<String ID="P324_ST00219" HPOS="156" VPOS="1497" WIDTH="64" HEIGHT="17" CONTENT="over" WC="0.94" CC="0100"/>
						<SP ID="P324_SP00193" HPOS="220" VPOS="1514" WIDTH="12"/>
						<String ID="P324_ST00220" HPOS="232" VPOS="1489" WIDTH="55" HEIGHT="24" CONTENT="him" WC="0.83" CC="050"/>
						<SP ID="P324_SP00194" HPOS="287" VPOS="1514" WIDTH="16"/>
						<String ID="P324_ST00221" HPOS="303" VPOS="1498" WIDTH="29" HEIGHT="16" CONTENT="as" WC="0.95" CC="10"/>
						<SP ID="P324_SP00195" HPOS="332" VPOS="1514" WIDTH="21"/>
						<String ID="P324_ST00222" HPOS="353" VPOS="1489" WIDTH="72" HEIGHT="33" CONTENT="Sally" WC="0.76" CC="00055"/>
						<SP ID="P324_SP00196" HPOS="425" VPOS="1522" WIDTH="12"/>
						<String ID="P324_ST00223" HPOS="437" VPOS="1489" WIDTH="54" HEIGHT="25" CONTENT="had" WC="0.42" CC="645"/>
						<SP ID="P324_SP00197" HPOS="491" VPOS="1522" WIDTH="12"/>
						<String ID="P324_ST00224" HPOS="503" VPOS="1489" WIDTH="110" HEIGHT="26" CONTENT="worried" WC="0.96" CC="0000100"/>
						<SP ID="P324_SP00198" HPOS="613" VPOS="1522" WIDTH="22"/>
						<String ID="P324_ST00225" HPOS="635" VPOS="1490" WIDTH="51" HEIGHT="24" CONTENT="and" WC="0.62" CC="370"/>
						<SP ID="P324_SP00199" HPOS="686" VPOS="1522" WIDTH="21"/>
						<String ID="P324_ST00226" HPOS="707" VPOS="1489" WIDTH="94" HEIGHT="26" CONTENT="fretted" WC="0.95" CC="0000300"/>
						<String ID="P324_ST00227" HPOS="811" VPOS="1499" WIDTH="7" HEIGHT="22" CONTENT=";" WC="0.44" CC="5"/>
						<SP ID="P324_SP00200" HPOS="818" VPOS="1522" WIDTH="20"/>
						<String ID="P324_ST00228" HPOS="838" VPOS="1491" WIDTH="52" HEIGHT="24" CONTENT="and" WC="0.62" CC="235"/>
						<SP ID="P324_SP00201" HPOS="890" VPOS="1522" WIDTH="20"/>
						<String ID="P324_ST00229" HPOS="910" VPOS="1499" WIDTH="29" HEIGHT="16" CONTENT="so" WC="0.98" CC="00"/>
						<SP ID="P324_SP00202" HPOS="939" VPOS="1522" WIDTH="17"/>
						<String ID="P324_ST00230" HPOS="956" VPOS="1490" WIDTH="32" HEIGHT="26" CONTENT="he" WC="0.97" CC="00"/>
					</TextLine>
					<TextLine ID="P324_TL00026" HPOS="94" VPOS="1530" WIDTH="894" HEIGHT="30">
						<String ID="P324_ST00231" HPOS="94" VPOS="1534" WIDTH="70" HEIGHT="22" CONTENT="went" WC="0.31" CC="4876"/>
						<SP ID="P324_SP00203" HPOS="164" VPOS="1556" WIDTH="19"/>
						<String ID="P324_ST00232" HPOS="183" VPOS="1530" WIDTH="81" HEIGHT="26" CONTENT="about" WC="0.79" CC="06300"/>
						<SP ID="P324_SP00204" HPOS="264" VPOS="1556" WIDTH="19"/>
						<String ID="P324_ST00233" HPOS="283" VPOS="1530" WIDTH="43" HEIGHT="26" CONTENT="his" WC="0.97" CC="000"/>
						<SP ID="P324_SP00205" HPOS="326" VPOS="1556" WIDTH="12"/>
						<String ID="P324_ST00234" HPOS="338" VPOS="1531" WIDTH="78" HEIGHT="29" CONTENT="work," WC="0.93" CC="00002"/>
						<SP ID="P324_SP00206" HPOS="416" VPOS="1560" WIDTH="18"/>
						<String ID="P324_ST00235" HPOS="434" VPOS="1530" WIDTH="68" HEIGHT="26" CONTENT="after" WC="0.55" CC="58404"/>
						<SP ID="P324_SP00207" HPOS="502" VPOS="1560" WIDTH="17"/>
						<String ID="P324_ST00236" HPOS="519" VPOS="1531" WIDTH="34" HEIGHT="25" CONTENT="he" WC="0.44" CC="73"/>
						<SP ID="P324_SP00208" HPOS="553" VPOS="1560" WIDTH="21"/>
						<String ID="P324_ST00237" HPOS="574" VPOS="1532" WIDTH="51" HEIGHT="24" CONTENT="had" WC="0.80" CC="500"/>
						<SP ID="P324_SP00209" HPOS="625" VPOS="1560" WIDTH="20"/>
						<String ID="P324_ST00238" HPOS="645" VPOS="1531" WIDTH="51" HEIGHT="25" CONTENT="laid" WC="0.51" CC="6570"/>
						<SP ID="P324_SP00210" HPOS="696" VPOS="1560" WIDTH="20"/>
						<String ID="P324_ST00239" HPOS="716" VPOS="1532" WIDTH="47" HEIGHT="24" CONTENT="her" WC="0.63" CC="604"/>
						<SP ID="P324_SP00211" HPOS="763" VPOS="1560" WIDTH="17"/>
						<String ID="P324_ST00240" HPOS="780" VPOS="1536" WIDTH="28" HEIGHT="21" CONTENT="to" WC="0.84" CC="03"/>
						<SP ID="P324_SP00212" HPOS="808" VPOS="1560" WIDTH="19"/>
						<String ID="P324_ST00241" HPOS="827" VPOS="1536" WIDTH="54" HEIGHT="21" CONTENT="rest" WC="0.93" CC="2000"/>
						<SP ID="P324_SP00213" HPOS="881" VPOS="1560" WIDTH="18"/>
						<String ID="P324_ST00242" HPOS="899" VPOS="1533" WIDTH="27" HEIGHT="24" CONTENT="in" WC="0.54" CC="62"/>
						<SP ID="P324_SP00214" HPOS="926" VPOS="1560" WIDTH="19"/>
						<String ID="P324_ST00243" HPOS="945" VPOS="1533" WIDTH="43" HEIGHT="26" CONTENT="the" WC="0.86" CC="004"/>
					</TextLine>
				</TextBlock>
			</PrintSpace>
		</Page>
	</Layout>
</alto>
