<?xml version="1.0" encoding="UTF-8"?>
<alto xmlns:xsi="http://www.w3.org/2001/XMLSchema-instance" xsi:noNamespaceSchemaLocation="http://www.bl.uk/schemas/alto/alto-1-4.xsd" xmlns:xlink="http://www.w3.org/1999/xlink">
	<Description>
		<MeasurementUnit>mm10</MeasurementUnit>
		<sourceImageInformation>
			<fileName>//head1/IN/2007-44/A0010858537.1/002375.jp2</fileName>
		</sourceImageInformation>
		<OCRProcessing ID="OCRPROCESSING_1">
			<preProcessingStep>
				<processingSoftware>
					<softwareCreator>CCS Content Conversion Specialists GmbH, Germany</softwareCreator>
					<softwareName>CCS docWORKS</softwareName>
					<softwareVersion>6.1-0.64</softwareVersion>
				</processingSoftware>
			</preProcessingStep>
			<ocrProcessingStep>
				<processingSoftware>
					<softwareCreator>ABBYY (BIT Software), Russia</softwareCreator>
					<softwareName>Finereader</softwareName>
				</processingSoftware>
			</ocrProcessingStep>
		</OCRProcessing>
	</Description>
	<Styles>
		<TextStyle ID="TXT_0" FONTSIZE="10" FONTFAMILY="Courier New"/>
		<TextStyle ID="TXT_1" FONTSIZE="9" FONTFAMILY="Courier New"/>
		<ParagraphStyle ID="PAR_CENTER" ALIGN="Center"/>
		<ParagraphStyle ID="PAR_RIGHT" ALIGN="Right"/>
		<ParagraphStyle ID="PAR_LEFT" ALIGN="Left"/>
	</Styles>
	<Layout>
		<Page ID="P257" PHYSICAL_IMG_NR="257" HEIGHT="1644" WIDTH="1061" PRINTED_IMG_NR="243" POSITION="Right" ACCURACY="81.18">
			<TopMargin ID="P257_TM00001" HPOS="0" VPOS="0" WIDTH="1060" HEIGHT="119">
				<TextBlock ID="P257_TB00001" HPOS="369" VPOS="87" WIDTH="286" HEIGHT="24" STYLEREFS="TXT_0 PAR_CENTER">
					<TextLine ID="P257_TL00001" HPOS="370" VPOS="88" WIDTH="285" HEIGHT="23">
						<String ID="P257_ST00001" HPOS="370" VPOS="88" WIDTH="142" HEIGHT="23" CONTENT="STREET" WC="0.71" CC="670003"/>
						<SP ID="P257_SP00001" HPOS="512" VPOS="111" WIDTH="17"/>
						<String ID="P257_ST00002" HPOS="529" VPOS="89" WIDTH="126" HEIGHT="22" CONTENT="LAMPS." WC="0.64" CC="505450"/>
					</TextLine>
				</TextBlock>
				<TextBlock ID="P257_TB00002" HPOS="906" VPOS="89" WIDTH="50" HEIGHT="28" STYLEREFS="TXT_0 PAR_RIGHT">
					<TextLine ID="P257_TL00002" HPOS="906" VPOS="89" WIDTH="50" HEIGHT="28">
						<String ID="P257_ST00003" HPOS="906" VPOS="89" WIDTH="50" HEIGHT="28" CONTENT="243" WC="1.00" CC="000"/>
					</TextLine>
				</TextBlock>
			</TopMargin>
			<LeftMargin ID="P257_LM00001" HPOS="0" VPOS="119" WIDTH="67" HEIGHT="1424"/>
			<RightMargin ID="P257_RM00001" HPOS="961" VPOS="119" WIDTH="99" HEIGHT="1424"/>
			<BottomMargin ID="P257_BM00001" HPOS="0" VPOS="1543" WIDTH="1060" HEIGHT="101"/>
			<PrintSpace ID="P257_PS00001" HPOS="67" VPOS="119" WIDTH="894" HEIGHT="1424">
				<TextBlock ID="P257_TB00003" HPOS="67" VPOS="149" WIDTH="893" HEIGHT="857" STYLEREFS="TXT_1 PAR_LEFT">
					<TextLine ID="P257_TL00003" HPOS="68" VPOS="151" WIDTH="890" HEIGHT="34">
						<String ID="P257_ST00004" HPOS="68" VPOS="160" WIDTH="62" HEIGHT="17" CONTENT="over" WC="0.96" CC="0100"/>
						<SP ID="P257_SP00002" HPOS="130" VPOS="177" WIDTH="11"/>
						<String ID="P257_ST00005" HPOS="141" VPOS="151" WIDTH="64" HEIGHT="31" CONTENT="him," WC="0.80" CC="0610"/>
						<SP ID="P257_SP00003" HPOS="205" VPOS="182" WIDTH="15"/>
						<String ID="P257_ST00006" HPOS="220" VPOS="160" WIDTH="30" HEIGHT="16" CONTENT="as" WC="0.84" CC="03"/>
						<SP ID="P257_SP00004" HPOS="250" VPOS="182" WIDTH="14"/>
						<String ID="P257_ST00007" HPOS="264" VPOS="160" WIDTH="16" HEIGHT="17" CONTENT="a" WC="1.00" CC="0"/>
						<SP ID="P257_SP00005" HPOS="280" VPOS="182" WIDTH="18"/>
						<String ID="P257_ST00008" HPOS="298" VPOS="152" WIDTH="71" HEIGHT="32" CONTENT="long-" WC="0.72" CC="18030"/>
						<String ID="P257_ST00009" HPOS="375" VPOS="153" WIDTH="181" HEIGHT="32" CONTENT="smouldering" WC="0.67" CC="00744700605"/>
						<SP ID="P257_SP00006" HPOS="556" VPOS="185" WIDTH="19"/>
						<String ID="P257_ST00010" HPOS="575" VPOS="153" WIDTH="46" HEIGHT="24" CONTENT="fire" WC="0.90" CC="1100"/>
						<SP ID="P257_SP00007" HPOS="621" VPOS="185" WIDTH="20"/>
						<String ID="P257_ST00011" HPOS="641" VPOS="154" WIDTH="94" HEIGHT="24" CONTENT="breaks" WC="0.83" CC="001006"/>
						<SP ID="P257_SP00008" HPOS="735" VPOS="185" WIDTH="19"/>
						<String ID="P257_ST00012" HPOS="754" VPOS="154" WIDTH="56" HEIGHT="25" CONTENT="into" WC="0.69" CC="8301"/>
						<SP ID="P257_SP00009" HPOS="810" VPOS="185" WIDTH="13"/>
						<String ID="P257_ST00013" HPOS="823" VPOS="155" WIDTH="93" HEIGHT="24" CONTENT="flames" WC="0.98" CC="000001"/>
						<SP ID="P257_SP00010" HPOS="916" VPOS="185" WIDTH="15"/>
						<String ID="P257_ST00014" HPOS="931" VPOS="160" WIDTH="27" HEIGHT="20" CONTENT="at" WC="1.00" CC="00"/>
					</TextLine>
					<TextLine ID="P257_TL00004" HPOS="67" VPOS="193" WIDTH="889" HEIGHT="28">
						<String ID="P257_ST00015" HPOS="67" VPOS="193" WIDTH="60" HEIGHT="25" CONTENT="last." WC="0.79" CC="73000"/>
						<SP ID="P257_SP00011" HPOS="127" VPOS="218" WIDTH="39"/>
						<String ID="P257_ST00016" HPOS="166" VPOS="193" WIDTH="52" HEIGHT="24" CONTENT="His" WC="0.80" CC="041"/>
						<SP ID="P257_SP00012" HPOS="218" VPOS="218" WIDTH="19"/>
						<String ID="P257_ST00017" HPOS="237" VPOS="194" WIDTH="86" HEIGHT="24" CONTENT="whole" WC="0.81" CC="01160"/>
						<SP ID="P257_SP00013" HPOS="323" VPOS="218" WIDTH="22"/>
						<String ID="P257_ST00018" HPOS="345" VPOS="198" WIDTH="93" HEIGHT="20" CONTENT="nature" WC="0.71" CC="304421"/>
						<SP ID="P257_SP00014" HPOS="438" VPOS="218" WIDTH="23"/>
						<String ID="P257_ST00019" HPOS="461" VPOS="202" WIDTH="55" HEIGHT="17" CONTENT="was" WC="0.79" CC="204"/>
						<SP ID="P257_SP00015" HPOS="516" VPOS="219" WIDTH="22"/>
						<String ID="P257_ST00020" HPOS="538" VPOS="194" WIDTH="26" HEIGHT="24" CONTENT="in" WC="0.68" CC="50"/>
						<SP ID="P257_SP00016" HPOS="564" VPOS="219" WIDTH="24"/>
						<String ID="P257_ST00021" HPOS="588" VPOS="194" WIDTH="177" HEIGHT="26" CONTENT="insurrection" WC="0.75" CC="650006000604"/>
						<String ID="P257_ST00022" HPOS="766" VPOS="210" WIDTH="33" HEIGHT="4" CONTENT="—" WC="0.20" CC="8"/>
						<String ID="P257_ST00023" HPOS="800" VPOS="196" WIDTH="59" HEIGHT="25" CONTENT="that" WC="0.96" CC="1000"/>
						<SP ID="P257_SP00017" HPOS="859" VPOS="221" WIDTH="11"/>
						<String ID="P257_ST00024" HPOS="870" VPOS="197" WIDTH="86" HEIGHT="24" CONTENT="which" WC="0.81" CC="00405"/>
					</TextLine>
					<TextLine ID="P257_TL00005" HPOS="68" VPOS="234" WIDTH="888" HEIGHT="33">
						<String ID="P257_ST00025" HPOS="68" VPOS="243" WIDTH="54" HEIGHT="17" CONTENT="was" WC="0.91" CC="020"/>
						<SP ID="P257_SP00018" HPOS="122" VPOS="260" WIDTH="13"/>
						<String ID="P257_ST00026" HPOS="135" VPOS="234" WIDTH="107" HEIGHT="32" CONTENT="highest" WC="0.88" CC="0520000"/>
						<SP ID="P257_SP00019" HPOS="242" VPOS="266" WIDTH="15"/>
						<String ID="P257_ST00027" HPOS="257" VPOS="235" WIDTH="26" HEIGHT="24" CONTENT="in" WC="0.52" CC="45"/>
						<SP ID="P257_SP00020" HPOS="283" VPOS="266" WIDTH="14"/>
						<String ID="P257_ST00028" HPOS="297" VPOS="235" WIDTH="55" HEIGHT="24" CONTENT="him" WC="0.86" CC="040"/>
						<SP ID="P257_SP00021" HPOS="352" VPOS="266" WIDTH="15"/>
						<String ID="P257_ST00029" HPOS="367" VPOS="244" WIDTH="29" HEIGHT="16" CONTENT="as" WC="1.00" CC="00"/>
						<SP ID="P257_SP00022" HPOS="396" VPOS="266" WIDTH="14"/>
						<String ID="P257_ST00030" HPOS="410" VPOS="235" WIDTH="57" HEIGHT="25" CONTENT="well" WC="0.90" CC="0003"/>
						<SP ID="P257_SP00023" HPOS="467" VPOS="266" WIDTH="20"/>
						<String ID="P257_ST00031" HPOS="487" VPOS="244" WIDTH="29" HEIGHT="16" CONTENT="as" WC="0.91" CC="01"/>
						<SP ID="P257_SP00024" HPOS="516" VPOS="266" WIDTH="14"/>
						<String ID="P257_ST00032" HPOS="530" VPOS="236" WIDTH="58" HEIGHT="24" CONTENT="that" WC="1.00" CC="0000"/>
						<SP ID="P257_SP00025" HPOS="588" VPOS="266" WIDTH="12"/>
						<String ID="P257_ST00033" HPOS="600" VPOS="237" WIDTH="88" HEIGHT="24" CONTENT="which" WC="0.75" CC="03403"/>
						<SP ID="P257_SP00026" HPOS="688" VPOS="266" WIDTH="19"/>
						<String ID="P257_ST00034" HPOS="707" VPOS="245" WIDTH="55" HEIGHT="17" CONTENT="was" WC="1.00" CC="000"/>
						<SP ID="P257_SP00027" HPOS="762" VPOS="266" WIDTH="14"/>
						<String ID="P257_ST00035" HPOS="776" VPOS="238" WIDTH="92" HEIGHT="24" CONTENT="lowest" WC="0.87" CC="200005"/>
						<String ID="P257_ST00036" HPOS="877" VPOS="246" WIDTH="6" HEIGHT="21" CONTENT=";" WC="0.77" CC="2"/>
						<SP ID="P257_SP00028" HPOS="883" VPOS="267" WIDTH="21"/>
						<String ID="P257_ST00037" HPOS="904" VPOS="238" WIDTH="52" HEIGHT="23" CONTENT="and" WC="0.66" CC="036"/>
					</TextLine>
					<TextLine ID="P257_TL00006" HPOS="69" VPOS="276" WIDTH="889" HEIGHT="34">
						<String ID="P257_ST00038" HPOS="69" VPOS="277" WIDTH="72" HEIGHT="23" CONTENT="there" WC="0.91" CC="30000"/>
						<SP ID="P257_SP00029" HPOS="141" VPOS="300" WIDTH="16"/>
						<String ID="P257_ST00039" HPOS="157" VPOS="276" WIDTH="23" HEIGHT="24" CONTENT="is" WC="0.88" CC="02"/>
						<SP ID="P257_SP00030" HPOS="180" VPOS="300" WIDTH="17"/>
						<String ID="P257_ST00040" HPOS="197" VPOS="284" WIDTH="15" HEIGHT="16" CONTENT="a" WC="0.63" CC="3"/>
						<SP ID="P257_SP00031" HPOS="212" VPOS="300" WIDTH="18"/>
						<String ID="P257_ST00041" HPOS="230" VPOS="276" WIDTH="95" HEIGHT="32" CONTENT="higher" WC="0.71" CC="177000"/>
						<SP ID="P257_SP00032" HPOS="325" VPOS="308" WIDTH="21"/>
						<String ID="P257_ST00042" HPOS="346" VPOS="277" WIDTH="52" HEIGHT="24" CONTENT="and" WC="0.69" CC="053"/>
						<SP ID="P257_SP00033" HPOS="398" VPOS="308" WIDTH="14"/>
						<String ID="P257_ST00043" HPOS="412" VPOS="285" WIDTH="16" HEIGHT="16" CONTENT="a" WC="1.00" CC="0"/>
						<SP ID="P257_SP00034" HPOS="428" VPOS="308" WIDTH="14"/>
						<String ID="P257_ST00044" HPOS="442" VPOS="277" WIDTH="79" HEIGHT="25" CONTENT="lower" WC="0.85" CC="00006"/>
						<SP ID="P257_SP00035" HPOS="521" VPOS="308" WIDTH="12"/>
						<String ID="P257_ST00045" HPOS="533" VPOS="277" WIDTH="28" HEIGHT="25" CONTENT="in" WC="0.50" CC="54"/>
						<SP ID="P257_SP00036" HPOS="561" VPOS="308" WIDTH="22"/>
						<String ID="P257_ST00046" HPOS="583" VPOS="278" WIDTH="42" HEIGHT="25" CONTENT="all." WC="0.81" CC="0700"/>
						<SP ID="P257_SP00037" HPOS="625" VPOS="308" WIDTH="41"/>
						<String ID="P257_ST00047" HPOS="666" VPOS="278" WIDTH="42" HEIGHT="25" CONTENT="He" WC="0.54" CC="63"/>
						<SP ID="P257_SP00038" HPOS="708" VPOS="308" WIDTH="23"/>
						<String ID="P257_ST00048" HPOS="731" VPOS="278" WIDTH="45" HEIGHT="25" CONTENT="felt" WC="0.89" CC="0040"/>
						<SP ID="P257_SP00039" HPOS="776" VPOS="308" WIDTH="17"/>
						<String ID="P257_ST00049" HPOS="793" VPOS="278" WIDTH="44" HEIGHT="25" CONTENT="the" WC="1.00" CC="000"/>
						<SP ID="P257_SP00040" HPOS="837" VPOS="308" WIDTH="16"/>
						<String ID="P257_ST00050" HPOS="853" VPOS="278" WIDTH="105" HEIGHT="32" CONTENT="tearing" WC="0.60" CC="6000758"/>
					</TextLine>
					<TextLine ID="P257_TL00007" HPOS="70" VPOS="317" WIDTH="887" HEIGHT="34">
						<String ID="P257_ST00051" HPOS="70" VPOS="326" WIDTH="83" HEIGHT="23" CONTENT="pangs" WC="0.73" CC="00760"/>
						<SP ID="P257_SP00041" HPOS="153" VPOS="349" WIDTH="15"/>
						<String ID="P257_ST00052" HPOS="168" VPOS="317" WIDTH="28" HEIGHT="25" CONTENT="of" WC="0.85" CC="20"/>
						<SP ID="P257_SP00042" HPOS="196" VPOS="349" WIDTH="11"/>
						<String ID="P257_ST00053" HPOS="207" VPOS="317" WIDTH="105" HEIGHT="32" CONTENT="jealous" WC="0.86" CC="4000011"/>
						<SP ID="P257_SP00043" HPOS="312" VPOS="349" WIDTH="15"/>
						<String ID="P257_ST00054" HPOS="327" VPOS="318" WIDTH="118" HEIGHT="31" CONTENT="passion." WC="0.83" CC="01006050"/>
						<SP ID="P257_SP00044" HPOS="445" VPOS="349" WIDTH="39"/>
						<String ID="P257_ST00055" HPOS="484" VPOS="319" WIDTH="43" HEIGHT="25" CONTENT="He" WC="0.90" CC="10"/>
						<SP ID="P257_SP00045" HPOS="527" VPOS="349" WIDTH="14"/>
						<String ID="P257_ST00056" HPOS="541" VPOS="319" WIDTH="45" HEIGHT="24" CONTENT="felt" WC="0.97" CC="0000"/>
						<SP ID="P257_SP00046" HPOS="586" VPOS="349" WIDTH="18"/>
						<String ID="P257_ST00057" HPOS="604" VPOS="320" WIDTH="45" HEIGHT="23" CONTENT="the" WC="0.81" CC="050"/>
						<SP ID="P257_SP00047" HPOS="649" VPOS="349" WIDTH="19"/>
						<String ID="P257_ST00058" HPOS="668" VPOS="320" WIDTH="75" HEIGHT="23" CONTENT="black" WC="0.78" CC="50005"/>
						<SP ID="P257_SP00048" HPOS="743" VPOS="349" WIDTH="14"/>
						<String ID="P257_ST00059" HPOS="757" VPOS="320" WIDTH="105" HEIGHT="31" CONTENT="despair" WC="0.77" CC="0000564"/>
						<SP ID="P257_SP00049" HPOS="862" VPOS="351" WIDTH="13"/>
						<String ID="P257_ST00060" HPOS="875" VPOS="320" WIDTH="28" HEIGHT="24" CONTENT="of" WC="0.98" CC="00"/>
						<SP ID="P257_SP00050" HPOS="903" VPOS="351" WIDTH="16"/>
						<String ID="P257_ST00061" HPOS="919" VPOS="328" WIDTH="38" HEIGHT="16" CONTENT="re" SUBS_TYPE="HypPart1" SUBS_CONTENT="rebellion" WC="0.88" CC="003"/>
						<HYP CONTENT="-"/>
					</TextLine>
					<TextLine ID="P257_TL00008" HPOS="70" VPOS="359" WIDTH="886" HEIGHT="32">
						<String ID="P257_ST00062" HPOS="70" VPOS="359" WIDTH="93" HEIGHT="24" CONTENT="bellion" SUBS_TYPE="HypPart2" SUBS_CONTENT="rebellion" WC="0.73" CC="0022506"/>
						<SP ID="P257_SP00051" HPOS="163" VPOS="383" WIDTH="16"/>
						<String ID="P257_ST00063" HPOS="179" VPOS="359" WIDTH="105" HEIGHT="32" CONTENT="against" WC="0.78" CC="3400015"/>
						<SP ID="P257_SP00052" HPOS="284" VPOS="391" WIDTH="13"/>
						<String ID="P257_ST00064" HPOS="297" VPOS="360" WIDTH="72" HEIGHT="24" CONTENT="what" WC="0.82" CC="0700"/>
						<SP ID="P257_SP00053" HPOS="369" VPOS="391" WIDTH="14"/>
						<String ID="P257_ST00065" HPOS="383" VPOS="360" WIDTH="32" HEIGHT="24" CONTENT="he" WC="0.99" CC="00"/>
						<SP ID="P257_SP00054" HPOS="415" VPOS="391" WIDTH="14"/>
						<String ID="P257_ST00066" HPOS="429" VPOS="360" WIDTH="120" HEIGHT="25" CONTENT="believed" WC="0.87" CC="00610002"/>
						<SP ID="P257_SP00055" HPOS="549" VPOS="391" WIDTH="13"/>
						<String ID="P257_ST00067" HPOS="562" VPOS="365" WIDTH="27" HEIGHT="20" CONTENT="to" WC="1.00" CC="00"/>
						<SP ID="P257_SP00056" HPOS="589" VPOS="391" WIDTH="14"/>
						<String ID="P257_ST00068" HPOS="603" VPOS="361" WIDTH="31" HEIGHT="24" CONTENT="be" WC="1.00" CC="00"/>
						<SP ID="P257_SP00057" HPOS="634" VPOS="391" WIDTH="14"/>
						<String ID="P257_ST00069" HPOS="648" VPOS="361" WIDTH="45" HEIGHT="24" CONTENT="the" WC="0.84" CC="040"/>
						<SP ID="P257_SP00058" HPOS="693" VPOS="391" WIDTH="14"/>
						<String ID="P257_ST00070" HPOS="707" VPOS="361" WIDTH="51" HEIGHT="26" CONTENT="will" WC="0.96" CC="0001"/>
						<SP ID="P257_SP00059" HPOS="758" VPOS="391" WIDTH="20"/>
						<String ID="P257_ST00071" HPOS="778" VPOS="361" WIDTH="29" HEIGHT="25" CONTENT="of" WC="0.74" CC="22"/>
						<SP ID="P257_SP00060" HPOS="807" VPOS="391" WIDTH="17"/>
						<String ID="P257_ST00072" HPOS="824" VPOS="362" WIDTH="58" HEIGHT="24" CONTENT="God" WC="0.83" CC="111"/>
						<SP ID="P257_SP00061" HPOS="882" VPOS="391" WIDTH="15"/>
						<String ID="P257_ST00073" HPOS="897" VPOS="370" WIDTH="59" HEIGHT="16" CONTENT="con" SUBS_TYPE="HypPart1" SUBS_CONTENT="concerning" WC="0.83" CC="0042"/>
						<HYP CONTENT="-"/>
					</TextLine>
					<TextLine ID="P257_TL00009" HPOS="70" VPOS="400" WIDTH="888" HEIGHT="31">
						<String ID="P257_ST00074" HPOS="70" VPOS="400" WIDTH="108" HEIGHT="31" CONTENT="cerning" SUBS_TYPE="HypPart2" SUBS_CONTENT="concerning" WC="0.72" CC="0024606"/>
						<SP ID="P257_SP00062" HPOS="178" VPOS="431" WIDTH="8"/>
						<String ID="P257_ST00075" HPOS="186" VPOS="400" WIDTH="55" HEIGHT="25" CONTENT="him" WC="0.82" CC="040"/>
						<String ID="P257_ST00076" HPOS="243" VPOS="416" WIDTH="34" HEIGHT="2" CONTENT="—" WC="0.20" CC="8"/>
						<String ID="P257_ST00077" HPOS="278" VPOS="401" WIDTH="42" HEIGHT="25" CONTENT="his" WC="0.82" CC="040"/>
						<SP ID="P257_SP00063" HPOS="320" VPOS="431" WIDTH="9"/>
						<String ID="P257_ST00078" HPOS="329" VPOS="401" WIDTH="135" HEIGHT="25" CONTENT="condition" WC="0.76" CC="020080504"/>
						<SP ID="P257_SP00064" HPOS="464" VPOS="431" WIDTH="12"/>
						<String ID="P257_ST00079" HPOS="476" VPOS="402" WIDTH="25" HEIGHT="24" CONTENT="in" WC="0.72" CC="50"/>
						<SP ID="P257_SP00065" HPOS="501" VPOS="431" WIDTH="11"/>
						<String ID="P257_ST00080" HPOS="512" VPOS="402" WIDTH="53" HEIGHT="24" CONTENT="life." WC="0.76" CC="13510"/>
						<SP ID="P257_SP00066" HPOS="565" VPOS="431" WIDTH="38"/>
						<String ID="P257_ST00081" HPOS="603" VPOS="403" WIDTH="51" HEIGHT="23" CONTENT="His" WC="0.90" CC="010"/>
						<SP ID="P257_SP00067" HPOS="654" VPOS="431" WIDTH="11"/>
						<String ID="P257_ST00082" HPOS="665" VPOS="404" WIDTH="128" HEIGHT="23" CONTENT="wounded" WC="0.75" CC="0055104"/>
						<SP ID="P257_SP00068" HPOS="793" VPOS="431" WIDTH="10"/>
						<String ID="P257_ST00083" HPOS="803" VPOS="403" WIDTH="155" HEIGHT="23" CONTENT="conscience" WC="0.86" CC="0050020500"/>
					</TextLine>
					<TextLine ID="P257_TL00010" HPOS="70" VPOS="442" WIDTH="887" HEIGHT="31">
						<String ID="P257_ST00084" HPOS="70" VPOS="442" WIDTH="98" HEIGHT="25" CONTENT="warred" WC="0.72" CC="610800"/>
						<SP ID="P257_SP00069" HPOS="168" VPOS="467" WIDTH="23"/>
						<String ID="P257_ST00085" HPOS="191" VPOS="442" WIDTH="64" HEIGHT="24" CONTENT="with" WC="0.79" CC="0700"/>
						<SP ID="P257_SP00070" HPOS="255" VPOS="467" WIDTH="24"/>
						<String ID="P257_ST00086" HPOS="279" VPOS="442" WIDTH="40" HEIGHT="24" CONTENT="his" WC="0.65" CC="360"/>
						<SP ID="P257_SP00071" HPOS="319" VPOS="467" WIDTH="23"/>
						<String ID="P257_ST00087" HPOS="342" VPOS="451" WIDTH="102" HEIGHT="22" CONTENT="senses," WC="0.86" CC="2050001"/>
						<SP ID="P257_SP00072" HPOS="444" VPOS="473" WIDTH="21"/>
						<String ID="P257_ST00088" HPOS="465" VPOS="443" WIDTH="51" HEIGHT="24" CONTENT="and" WC="0.80" CC="050"/>
						<SP ID="P257_SP00073" HPOS="516" VPOS="473" WIDTH="22"/>
						<String ID="P257_ST00089" HPOS="538" VPOS="443" WIDTH="76" HEIGHT="25" CONTENT="these" WC="0.91" CC="04000"/>
						<SP ID="P257_SP00074" HPOS="614" VPOS="473" WIDTH="22"/>
						<String ID="P257_ST00090" HPOS="636" VPOS="443" WIDTH="52" HEIGHT="25" CONTENT="had" WC="1.00" CC="000"/>
						<SP ID="P257_SP00075" HPOS="688" VPOS="473" WIDTH="21"/>
						<String ID="P257_ST00091" HPOS="709" VPOS="443" WIDTH="89" HEIGHT="25" CONTENT="struck" WC="1.00" CC="000000"/>
						<SP ID="P257_SP00076" HPOS="798" VPOS="473" WIDTH="20"/>
						<String ID="P257_ST00092" HPOS="818" VPOS="444" WIDTH="75" HEIGHT="25" CONTENT="down" WC="0.90" CC="0003"/>
						<SP ID="P257_SP00077" HPOS="893" VPOS="473" WIDTH="20"/>
						<String ID="P257_ST00093" HPOS="913" VPOS="443" WIDTH="44" HEIGHT="24" CONTENT="the" WC="1.00" CC="000"/>
					</TextLine>
					<TextLine ID="P257_TL00011" HPOS="71" VPOS="483" WIDTH="887" HEIGHT="32">
						<String ID="P257_ST00094" HPOS="71" VPOS="483" WIDTH="141" HEIGHT="31" CONTENT="defending" WC="0.66" CC="203075514"/>
						<SP ID="P257_SP00078" HPOS="212" VPOS="514" WIDTH="16"/>
						<String ID="P257_ST00095" HPOS="228" VPOS="483" WIDTH="60" HEIGHT="25" CONTENT="will." WC="0.90" CC="13000"/>
						<SP ID="P257_SP00079" HPOS="288" VPOS="514" WIDTH="37"/>
						<String ID="P257_ST00096" HPOS="325" VPOS="483" WIDTH="23" HEIGHT="25" CONTENT="A" WC="1.00" CC="0"/>
						<SP ID="P257_SP00080" HPOS="348" VPOS="514" WIDTH="14"/>
						<String ID="P257_ST00097" HPOS="362" VPOS="484" WIDTH="66" HEIGHT="24" CONTENT="keen" WC="0.83" CC="0006"/>
						<SP ID="P257_SP00081" HPOS="428" VPOS="514" WIDTH="19"/>
						<String ID="P257_ST00098" HPOS="447" VPOS="484" WIDTH="205" HEIGHT="25" CONTENT="consciousness" WC="0.82" CC="0050360204000"/>
						<SP ID="P257_SP00082" HPOS="652" VPOS="514" WIDTH="20"/>
						<String ID="P257_ST00099" HPOS="672" VPOS="484" WIDTH="29" HEIGHT="25" CONTENT="of" WC="0.85" CC="20"/>
						<SP ID="P257_SP00083" HPOS="701" VPOS="514" WIDTH="15"/>
						<String ID="P257_ST00100" HPOS="716" VPOS="492" WIDTH="88" HEIGHT="23" CONTENT="power" WC="1.00" CC="00000"/>
						<SP ID="P257_SP00084" HPOS="804" VPOS="515" WIDTH="18"/>
						<String ID="P257_ST00101" HPOS="822" VPOS="485" WIDTH="89" HEIGHT="24" CONTENT="awoke" WC="0.96" CC="00100"/>
						<SP ID="P257_SP00085" HPOS="911" VPOS="515" WIDTH="20"/>
						<String ID="P257_ST00102" HPOS="931" VPOS="485" WIDTH="27" HEIGHT="24" CONTENT="in" WC="0.43" CC="65"/>
					</TextLine>
					<TextLine ID="P257_TL00012" HPOS="71" VPOS="524" WIDTH="888" HEIGHT="31">
						<String ID="P257_ST00103" HPOS="71" VPOS="525" WIDTH="63" HEIGHT="29" CONTENT="him," WC="0.85" CC="0600"/>
						<SP ID="P257_SP00086" HPOS="134" VPOS="554" WIDTH="15"/>
						<String ID="P257_ST00104" HPOS="149" VPOS="524" WIDTH="28" HEIGHT="24" CONTENT="of" WC="0.93" CC="01"/>
						<SP ID="P257_SP00087" HPOS="177" VPOS="554" WIDTH="15"/>
						<String ID="P257_ST00105" HPOS="192" VPOS="525" WIDTH="45" HEIGHT="22" CONTENT="the" WC="0.91" CC="020"/>
						<SP ID="P257_SP00088" HPOS="237" VPOS="554" WIDTH="20"/>
						<String ID="P257_ST00106" HPOS="257" VPOS="532" WIDTH="88" HEIGHT="23" CONTENT="power" WC="0.93" CC="03000"/>
						<SP ID="P257_SP00089" HPOS="345" VPOS="555" WIDTH="19"/>
						<String ID="P257_ST00107" HPOS="364" VPOS="524" WIDTH="29" HEIGHT="24" CONTENT="of" WC="0.98" CC="00"/>
						<SP ID="P257_SP00090" HPOS="393" VPOS="555" WIDTH="16"/>
						<String ID="P257_ST00108" HPOS="409" VPOS="525" WIDTH="116" HEIGHT="23" CONTENT="intellect" WC="0.86" CC="013023001"/>
						<SP ID="P257_SP00091" HPOS="525" VPOS="555" WIDTH="19"/>
						<String ID="P257_ST00109" HPOS="544" VPOS="525" WIDTH="86" HEIGHT="24" CONTENT="which" WC="0.77" CC="05104"/>
						<SP ID="P257_SP00092" HPOS="630" VPOS="555" WIDTH="19"/>
						<String ID="P257_ST00110" HPOS="649" VPOS="525" WIDTH="88" HEIGHT="25" CONTENT="would" WC="0.69" CC="01741"/>
						<SP ID="P257_SP00093" HPOS="737" VPOS="555" WIDTH="18"/>
						<String ID="P257_ST00111" HPOS="755" VPOS="525" WIDTH="68" HEIGHT="24" CONTENT="have" WC="0.89" CC="3000"/>
						<SP ID="P257_SP00094" HPOS="823" VPOS="555" WIDTH="20"/>
						<String ID="P257_ST00112" HPOS="843" VPOS="530" WIDTH="40" HEIGHT="19" CONTENT="set" WC="0.81" CC="004"/>
						<SP ID="P257_SP00095" HPOS="883" VPOS="555" WIDTH="20"/>
						<String ID="P257_ST00113" HPOS="903" VPOS="525" WIDTH="56" HEIGHT="24" CONTENT="him" WC="0.67" CC="450"/>
					</TextLine>
					<TextLine ID="P257_TL00013" HPOS="71" VPOS="565" WIDTH="887" HEIGHT="32">
						<String ID="P257_ST00114" HPOS="71" VPOS="566" WIDTH="25" HEIGHT="24" CONTENT="in" WC="0.57" CC="43"/>
						<SP ID="P257_SP00096" HPOS="96" VPOS="590" WIDTH="13"/>
						<String ID="P257_ST00115" HPOS="109" VPOS="566" WIDTH="45" HEIGHT="24" CONTENT="the" WC="0.83" CC="310"/>
						<SP ID="P257_SP00097" HPOS="154" VPOS="590" WIDTH="14"/>
						<String ID="P257_ST00116" HPOS="168" VPOS="565" WIDTH="64" HEIGHT="32" CONTENT="high" WC="0.80" CC="0430"/>
						<SP ID="P257_SP00098" HPOS="232" VPOS="597" WIDTH="14"/>
						<String ID="P257_ST00117" HPOS="246" VPOS="565" WIDTH="88" HEIGHT="31" CONTENT="places" WC="0.91" CC="050000"/>
						<SP ID="P257_SP00099" HPOS="334" VPOS="597" WIDTH="15"/>
						<String ID="P257_ST00118" HPOS="349" VPOS="565" WIDTH="29" HEIGHT="25" CONTENT="of" WC="0.93" CC="10"/>
						<SP ID="P257_SP00100" HPOS="378" VPOS="597" WIDTH="15"/>
						<String ID="P257_ST00119" HPOS="393" VPOS="565" WIDTH="52" HEIGHT="30" CONTENT="life," WC="0.84" CC="25000"/>
						<SP ID="P257_SP00101" HPOS="445" VPOS="597" WIDTH="15"/>
						<String ID="P257_ST00120" HPOS="460" VPOS="565" WIDTH="22" HEIGHT="25" CONTENT="if" WC="0.83" CC="30"/>
						<SP ID="P257_SP00102" HPOS="482" VPOS="597" WIDTH="16"/>
						<String ID="P257_ST00121" HPOS="498" VPOS="565" WIDTH="51" HEIGHT="25" CONTENT="fate" WC="0.83" CC="2040"/>
						<SP ID="P257_SP00103" HPOS="549" VPOS="597" WIDTH="18"/>
						<String ID="P257_ST00122" HPOS="567" VPOS="567" WIDTH="52" HEIGHT="24" CONTENT="had" WC="0.84" CC="130"/>
						<SP ID="P257_SP00104" HPOS="619" VPOS="597" WIDTH="19"/>
						<String ID="P257_ST00123" HPOS="638" VPOS="570" WIDTH="46" HEIGHT="21" CONTENT="not" WC="0.68" CC="404"/>
						<SP ID="P257_SP00105" HPOS="684" VPOS="597" WIDTH="19"/>
						<String ID="P257_ST00124" HPOS="703" VPOS="567" WIDTH="89" HEIGHT="25" CONTENT="bound" WC="0.85" CC="02040"/>
						<SP ID="P257_SP00106" HPOS="792" VPOS="597" WIDTH="13"/>
						<String ID="P257_ST00125" HPOS="805" VPOS="566" WIDTH="54" HEIGHT="25" CONTENT="him" WC="0.76" CC="060"/>
						<SP ID="P257_SP00107" HPOS="859" VPOS="597" WIDTH="15"/>
						<String ID="P257_ST00126" HPOS="874" VPOS="566" WIDTH="26" HEIGHT="24" CONTENT="in" WC="0.48" CC="63"/>
						<SP ID="P257_SP00108" HPOS="900" VPOS="597" WIDTH="14"/>
						<String ID="P257_ST00127" HPOS="914" VPOS="567" WIDTH="44" HEIGHT="24" CONTENT="the" WC="0.95" CC="001"/>
					</TextLine>
					<TextLine ID="P257_TL00014" HPOS="70" VPOS="606" WIDTH="886" HEIGHT="33">
						<String ID="P257_ST00128" HPOS="70" VPOS="608" WIDTH="119" HEIGHT="31" CONTENT="bondage" WC="0.79" CC="0030550"/>
						<SP ID="P257_SP00109" HPOS="189" VPOS="639" WIDTH="15"/>
						<String ID="P257_ST00129" HPOS="204" VPOS="606" WIDTH="28" HEIGHT="24" CONTENT="of" WC="0.90" CC="01"/>
						<SP ID="P257_SP00110" HPOS="232" VPOS="639" WIDTH="10"/>
						<String ID="P257_ST00130" HPOS="242" VPOS="607" WIDTH="99" HEIGHT="23" CONTENT="labour." WC="0.78" CC="0205410"/>
						<SP ID="P257_SP00111" HPOS="341" VPOS="639" WIDTH="37"/>
						<String ID="P257_ST00131" HPOS="378" VPOS="607" WIDTH="23" HEIGHT="23" CONTENT="A" WC="1.00" CC="0"/>
						<SP ID="P257_SP00112" HPOS="401" VPOS="639" WIDTH="15"/>
						<String ID="P257_ST00132" HPOS="416" VPOS="608" WIDTH="205" HEIGHT="24" CONTENT="consciousness" WC="0.80" CC="0131014217001"/>
						<SP ID="P257_SP00113" HPOS="621" VPOS="639" WIDTH="14"/>
						<String ID="P257_ST00133" HPOS="635" VPOS="607" WIDTH="30" HEIGHT="25" CONTENT="of" WC="0.66" CC="24"/>
						<SP ID="P257_SP00114" HPOS="665" VPOS="639" WIDTH="10"/>
						<String ID="P257_ST00134" HPOS="675" VPOS="616" WIDTH="87" HEIGHT="23" CONTENT="power" WC="0.94" CC="11000"/>
						<SP ID="P257_SP00115" HPOS="762" VPOS="639" WIDTH="12"/>
						<String ID="P257_ST00135" HPOS="774" VPOS="612" WIDTH="27" HEIGHT="19" CONTENT="to" WC="1.00" CC="00"/>
						<SP ID="P257_SP00116" HPOS="801" VPOS="639" WIDTH="14"/>
						<String ID="P257_ST00136" HPOS="815" VPOS="608" WIDTH="77" HEIGHT="24" CONTENT="know" WC="0.84" CC="0500"/>
						<SP ID="P257_SP00117" HPOS="892" VPOS="639" WIDTH="12"/>
						<String ID="P257_ST00137" HPOS="904" VPOS="608" WIDTH="52" HEIGHT="24" CONTENT="and" WC="0.67" CC="270"/>
					</TextLine>
					<TextLine ID="P257_TL00015" HPOS="70" VPOS="648" WIDTH="888" HEIGHT="32">
						<String ID="P257_ST00138" HPOS="70" VPOS="653" WIDTH="27" HEIGHT="21" CONTENT="to" WC="1.00" CC="00"/>
						<SP ID="P257_SP00118" HPOS="97" VPOS="674" WIDTH="17"/>
						<String ID="P257_ST00139" HPOS="114" VPOS="649" WIDTH="32" HEIGHT="24" CONTENT="be" WC="0.95" CC="00"/>
						<SP ID="P257_SP00119" HPOS="146" VPOS="674" WIDTH="17"/>
						<String ID="P257_ST00140" HPOS="163" VPOS="648" WIDTH="104" HEIGHT="30" CONTENT="known," WC="0.93" CC="000040"/>
						<SP ID="P257_SP00120" HPOS="267" VPOS="678" WIDTH="22"/>
						<String ID="P257_ST00141" HPOS="289" VPOS="648" WIDTH="51" HEIGHT="24" CONTENT="and" WC="0.50" CC="463"/>
						<SP ID="P257_SP00121" HPOS="340" VPOS="678" WIDTH="18"/>
						<String ID="P257_ST00142" HPOS="358" VPOS="648" WIDTH="55" HEIGHT="24" CONTENT="also" WC="0.61" CC="7430"/>
						<SP ID="P257_SP00122" HPOS="413" VPOS="678" WIDTH="20"/>
						<String ID="P257_ST00143" HPOS="433" VPOS="648" WIDTH="28" HEIGHT="25" CONTENT="of" WC="1.00" CC="00"/>
						<SP ID="P257_SP00123" HPOS="461" VPOS="678" WIDTH="16"/>
						<String ID="P257_ST00144" HPOS="477" VPOS="657" WIDTH="88" HEIGHT="23" CONTENT="power" WC="1.00" CC="00000"/>
						<SP ID="P257_SP00124" HPOS="565" VPOS="680" WIDTH="18"/>
						<String ID="P257_ST00145" HPOS="583" VPOS="652" WIDTH="27" HEIGHT="21" CONTENT="to" WC="0.93" CC="01"/>
						<SP ID="P257_SP00125" HPOS="610" VPOS="680" WIDTH="20"/>
						<String ID="P257_ST00146" HPOS="630" VPOS="649" WIDTH="58" HEIGHT="24" CONTENT="love" WC="0.90" CC="3000"/>
						<SP ID="P257_SP00126" HPOS="688" VPOS="680" WIDTH="20"/>
						<String ID="P257_ST00147" HPOS="708" VPOS="650" WIDTH="51" HEIGHT="23" CONTENT="and" WC="0.44" CC="474"/>
						<SP ID="P257_SP00127" HPOS="759" VPOS="680" WIDTH="17"/>
						<String ID="P257_ST00148" HPOS="776" VPOS="653" WIDTH="27" HEIGHT="20" CONTENT="to" WC="0.86" CC="02"/>
						<SP ID="P257_SP00128" HPOS="803" VPOS="680" WIDTH="19"/>
						<String ID="P257_ST00149" HPOS="822" VPOS="649" WIDTH="31" HEIGHT="24" CONTENT="be" WC="1.00" CC="00"/>
						<SP ID="P257_SP00129" HPOS="853" VPOS="680" WIDTH="19"/>
						<String ID="P257_ST00150" HPOS="872" VPOS="649" WIDTH="86" HEIGHT="29" CONTENT="loved," WC="0.95" CC="020000"/>
					</TextLine>
					<TextLine ID="P257_TL00016" HPOS="70" VPOS="689" WIDTH="888" HEIGHT="33">
						<String ID="P257_ST00151" HPOS="70" VPOS="690" WIDTH="87" HEIGHT="25" CONTENT="which" WC="0.73" CC="60600"/>
						<SP ID="P257_SP00130" HPOS="157" VPOS="715" WIDTH="14"/>
						<String ID="P257_ST00152" HPOS="171" VPOS="691" WIDTH="32" HEIGHT="22" CONTENT="all" WC="0.78" CC="023"/>
						<SP ID="P257_SP00131" HPOS="203" VPOS="715" WIDTH="15"/>
						<String ID="P257_ST00153" HPOS="218" VPOS="698" WIDTH="61" HEIGHT="15" CONTENT="men" WC="0.76" CC="007"/>
						<SP ID="P257_SP00132" HPOS="279" VPOS="715" WIDTH="14"/>
						<String ID="P257_ST00154" HPOS="293" VPOS="689" WIDTH="29" HEIGHT="24" CONTENT="of" WC="1.00" CC="00"/>
						<SP ID="P257_SP00133" HPOS="322" VPOS="715" WIDTH="16"/>
						<String ID="P257_ST00155" HPOS="338" VPOS="690" WIDTH="153" HEIGHT="30" CONTENT="passionate" WC="0.79" CC="0200605500"/>
						<SP ID="P257_SP00134" HPOS="491" VPOS="720" WIDTH="15"/>
						<String ID="P257_ST00156" HPOS="506" VPOS="698" WIDTH="99" HEIGHT="24" CONTENT="energy" WC="0.83" CC="100061"/>
						<SP ID="P257_SP00135" HPOS="605" VPOS="722" WIDTH="12"/>
						<String ID="P257_ST00157" HPOS="617" VPOS="691" WIDTH="67" HEIGHT="23" CONTENT="have" WC="1.00" CC="0000"/>
						<SP ID="P257_SP00136" HPOS="684" VPOS="722" WIDTH="20"/>
						<String ID="P257_ST00158" HPOS="704" VPOS="698" WIDTH="72" HEIGHT="16" CONTENT="more" WC="0.96" CC="1000"/>
						<SP ID="P257_SP00137" HPOS="776" VPOS="722" WIDTH="14"/>
						<String ID="P257_ST00159" HPOS="790" VPOS="698" WIDTH="28" HEIGHT="16" CONTENT="or" WC="1.00" CC="00"/>
						<SP ID="P257_SP00138" HPOS="818" VPOS="722" WIDTH="13"/>
						<String ID="P257_ST00160" HPOS="831" VPOS="690" WIDTH="61" HEIGHT="29" CONTENT="less," WC="0.90" CC="00500"/>
						<SP ID="P257_SP00139" HPOS="892" VPOS="722" WIDTH="16"/>
						<String ID="P257_ST00161" HPOS="908" VPOS="691" WIDTH="50" HEIGHT="23" CONTENT="and" WC="0.63" CC="055"/>
					</TextLine>
					<TextLine ID="P257_TL00017" HPOS="72" VPOS="730" WIDTH="887" HEIGHT="33">
						<String ID="P257_ST00162" HPOS="72" VPOS="732" WIDTH="26" HEIGHT="24" CONTENT="in" WC="0.61" CC="16"/>
						<SP ID="P257_SP00140" HPOS="98" VPOS="756" WIDTH="9"/>
						<String ID="P257_ST00163" HPOS="107" VPOS="732" WIDTH="84" HEIGHT="24" CONTENT="virtue" WC="0.66" CC="076050"/>
						<SP ID="P257_SP00141" HPOS="191" VPOS="756" WIDTH="15"/>
						<String ID="P257_ST00164" HPOS="206" VPOS="730" WIDTH="29" HEIGHT="25" CONTENT="of" WC="0.95" CC="10"/>
						<SP ID="P257_SP00142" HPOS="235" VPOS="756" WIDTH="8"/>
						<String ID="P257_ST00165" HPOS="243" VPOS="730" WIDTH="86" HEIGHT="26" CONTENT="which" WC="0.68" CC="07502"/>
						<SP ID="P257_SP00143" HPOS="329" VPOS="756" WIDTH="15"/>
						<String ID="P257_ST00166" HPOS="344" VPOS="731" WIDTH="62" HEIGHT="32" CONTENT="they" WC="0.87" CC="0005"/>
						<SP ID="P257_SP00144" HPOS="406" VPOS="763" WIDTH="15"/>
						<String ID="P257_ST00167" HPOS="421" VPOS="739" WIDTH="123" HEIGHT="23" CONTENT="conquer," WC="0.87" CC="02403000"/>
						<SP ID="P257_SP00145" HPOS="544" VPOS="763" WIDTH="13"/>
						<String ID="P257_ST00168" HPOS="557" VPOS="731" WIDTH="114" HEIGHT="24" CONTENT="because" WC="0.83" CC="8002000"/>
						<SP ID="P257_SP00146" HPOS="671" VPOS="763" WIDTH="13"/>
						<String ID="P257_ST00169" HPOS="684" VPOS="731" WIDTH="69" HEIGHT="24" CONTENT="their" WC="0.74" CC="06050"/>
						<SP ID="P257_SP00147" HPOS="753" VPOS="763" WIDTH="12"/>
						<String ID="P257_ST00170" HPOS="765" VPOS="739" WIDTH="88" HEIGHT="23" CONTENT="power" WC="0.88" CC="40001"/>
						<SP ID="P257_SP00148" HPOS="853" VPOS="763" WIDTH="8"/>
						<String ID="P257_ST00171" HPOS="861" VPOS="735" WIDTH="98" HEIGHT="20" CONTENT="asserts" WC="0.73" CC="3000446"/>
					</TextLine>
					<TextLine ID="P257_TL00018" HPOS="73" VPOS="771" WIDTH="885" HEIGHT="31">
						<String ID="P257_ST00172" HPOS="73" VPOS="781" WIDTH="15" HEIGHT="15" CONTENT="a" WC="0.48" CC="5"/>
						<SP ID="P257_SP00149" HPOS="88" VPOS="796" WIDTH="15"/>
						<String ID="P257_ST00173" HPOS="103" VPOS="773" WIDTH="53" HEIGHT="23" CONTENT="real" WC="0.83" CC="0006"/>
						<SP ID="P257_SP00150" HPOS="156" VPOS="796" WIDTH="14"/>
						<String ID="P257_ST00174" HPOS="170" VPOS="772" WIDTH="87" HEIGHT="30" CONTENT="claim," WC="0.83" CC="002303"/>
						<SP ID="P257_SP00151" HPOS="257" VPOS="802" WIDTH="21"/>
						<String ID="P257_ST00175" HPOS="278" VPOS="771" WIDTH="86" HEIGHT="25" CONTENT="which" WC="0.67" CC="04506"/>
						<SP ID="P257_SP00152" HPOS="364" VPOS="802" WIDTH="22"/>
						<String ID="P257_ST00176" HPOS="386" VPOS="772" WIDTH="91" HEIGHT="24" CONTENT="makes" WC="0.93" CC="03000"/>
						<SP ID="P257_SP00153" HPOS="477" VPOS="802" WIDTH="15"/>
						<String ID="P257_ST00177" HPOS="492" VPOS="772" WIDTH="72" HEIGHT="24" CONTENT="itself" WC="0.89" CC="500000"/>
						<SP ID="P257_SP00154" HPOS="564" VPOS="802" WIDTH="16"/>
						<String ID="P257_ST00178" HPOS="580" VPOS="772" WIDTH="45" HEIGHT="24" CONTENT="felt" WC="0.86" CC="0050"/>
						<SP ID="P257_SP00155" HPOS="625" VPOS="802" WIDTH="13"/>
						<String ID="P257_ST00179" HPOS="638" VPOS="772" WIDTH="27" HEIGHT="24" CONTENT="in" WC="0.63" CC="42"/>
						<SP ID="P257_SP00156" HPOS="665" VPOS="802" WIDTH="12"/>
						<String ID="P257_ST00180" HPOS="677" VPOS="772" WIDTH="46" HEIGHT="24" CONTENT="the" WC="1.00" CC="000"/>
						<SP ID="P257_SP00157" HPOS="723" VPOS="802" WIDTH="14"/>
						<String ID="P257_ST00181" HPOS="737" VPOS="773" WIDTH="126" HEIGHT="23" CONTENT="woman's" WC="0.79" CC="0344100"/>
						<SP ID="P257_SP00158" HPOS="863" VPOS="802" WIDTH="13"/>
						<String ID="P257_ST00182" HPOS="876" VPOS="772" WIDTH="82" HEIGHT="24" CONTENT="heart." WC="0.89" CC="002210"/>
					</TextLine>
					<TextLine ID="P257_TL00019" HPOS="74" VPOS="812" WIDTH="884" HEIGHT="32">
						<String ID="P257_ST00183" HPOS="74" VPOS="814" WIDTH="31" HEIGHT="24" CONTENT="In" WC="0.42" CC="55"/>
						<SP ID="P257_SP00159" HPOS="105" VPOS="838" WIDTH="13"/>
						<String ID="P257_ST00184" HPOS="118" VPOS="814" WIDTH="44" HEIGHT="24" CONTENT="the" WC="1.00" CC="000"/>
						<SP ID="P257_SP00160" HPOS="162" VPOS="838" WIDTH="13"/>
						<String ID="P257_ST00185" HPOS="175" VPOS="813" WIDTH="82" HEIGHT="24" CONTENT="midst" WC="0.77" CC="47000"/>
						<SP ID="P257_SP00161" HPOS="257" VPOS="838" WIDTH="13"/>
						<String ID="P257_ST00186" HPOS="270" VPOS="812" WIDTH="29" HEIGHT="24" CONTENT="of" WC="1.00" CC="00"/>
						<SP ID="P257_SP00162" HPOS="299" VPOS="838" WIDTH="15"/>
						<String ID="P257_ST00187" HPOS="314" VPOS="812" WIDTH="42" HEIGHT="24" CONTENT="his" WC="0.65" CC="360"/>
						<SP ID="P257_SP00163" HPOS="356" VPOS="838" WIDTH="14"/>
						<String ID="P257_ST00188" HPOS="370" VPOS="821" WIDTH="141" HEIGHT="23" CONTENT="paroxysm" WC="0.87" CC="10400400"/>
						<SP ID="P257_SP00164" HPOS="511" VPOS="844" WIDTH="13"/>
						<String ID="P257_ST00189" HPOS="524" VPOS="813" WIDTH="73" HEIGHT="24" CONTENT="there" WC="1.00" CC="00000"/>
						<SP ID="P257_SP00165" HPOS="597" VPOS="844" WIDTH="15"/>
						<String ID="P257_ST00190" HPOS="612" VPOS="821" WIDTH="75" HEIGHT="15" CONTENT="came" WC="1.00" CC="0000"/>
						<SP ID="P257_SP00166" HPOS="687" VPOS="844" WIDTH="13"/>
						<String ID="P257_ST00191" HPOS="700" VPOS="821" WIDTH="70" HEIGHT="23" CONTENT="upon" WC="0.73" CC="5004"/>
						<SP ID="P257_SP00167" HPOS="770" VPOS="844" WIDTH="16"/>
						<String ID="P257_ST00192" HPOS="786" VPOS="813" WIDTH="95" HEIGHT="31" CONTENT="Philip," WC="0.70" CC="3033504"/>
						<SP ID="P257_SP00168" HPOS="881" VPOS="844" WIDTH="15"/>
						<String ID="P257_ST00193" HPOS="896" VPOS="813" WIDTH="62" HEIGHT="23" CONTENT="born" WC="0.73" CC="4060"/>
					</TextLine>
					<TextLine ID="P257_TL00020" HPOS="73" VPOS="853" WIDTH="887" HEIGHT="32">
						<String ID="P257_ST00194" HPOS="73" VPOS="855" WIDTH="29" HEIGHT="24" CONTENT="of" WC="0.75" CC="31"/>
						<SP ID="P257_SP00169" HPOS="102" VPOS="879" WIDTH="15"/>
						<String ID="P257_ST00195" HPOS="117" VPOS="855" WIDTH="44" HEIGHT="24" CONTENT="the" WC="0.74" CC="070"/>
						<SP ID="P257_SP00170" HPOS="161" VPOS="879" WIDTH="18"/>
						<String ID="P257_ST00196" HPOS="179" VPOS="854" WIDTH="116" HEIGHT="31" CONTENT="peculiar" WC="0.72" CC="40035520"/>
						<SP ID="P257_SP00171" HPOS="295" VPOS="885" WIDTH="12"/>
						<String ID="P257_ST00197" HPOS="307" VPOS="854" WIDTH="157" HEIGHT="24" CONTENT="tenderness" WC="0.71" CC="6035066000"/>
						<SP ID="P257_SP00172" HPOS="464" VPOS="885" WIDTH="14"/>
						<String ID="P257_ST00198" HPOS="478" VPOS="854" WIDTH="29" HEIGHT="24" CONTENT="of" WC="0.90" CC="01"/>
						<SP ID="P257_SP00173" HPOS="507" VPOS="885" WIDTH="9"/>
						<String ID="P257_ST00199" HPOS="516" VPOS="854" WIDTH="41" HEIGHT="25" CONTENT="his" WC="0.81" CC="022"/>
						<SP ID="P257_SP00174" HPOS="557" VPOS="885" WIDTH="15"/>
						<String ID="P257_ST00200" HPOS="572" VPOS="858" WIDTH="102" HEIGHT="26" CONTENT="nature," WC="0.89" CC="5000002"/>
						<SP ID="P257_SP00175" HPOS="674" VPOS="885" WIDTH="15"/>
						<String ID="P257_ST00201" HPOS="689" VPOS="862" WIDTH="15" HEIGHT="16" CONTENT="a" WC="0.77" CC="2"/>
						<SP ID="P257_SP00176" HPOS="704" VPOS="885" WIDTH="13"/>
						<String ID="P257_ST00202" HPOS="717" VPOS="853" WIDTH="98" HEIGHT="32" CONTENT="feeling" WC="0.87" CC="0002402"/>
						<SP ID="P257_SP00177" HPOS="815" VPOS="885" WIDTH="11"/>
						<String ID="P257_ST00203" HPOS="826" VPOS="854" WIDTH="95" HEIGHT="24" CONTENT="almost" WC="0.75" CC="352012"/>
						<SP ID="P257_SP00178" HPOS="921" VPOS="885" WIDTH="14"/>
						<String ID="P257_ST00204" HPOS="935" VPOS="853" WIDTH="25" HEIGHT="25" CONTENT="of" WC="0.78" CC="04"/>
					</TextLine>
					<TextLine ID="P257_TL00021" HPOS="72" VPOS="894" WIDTH="888" HEIGHT="35">
						<String ID="P257_ST00205" HPOS="72" VPOS="896" WIDTH="56" HEIGHT="33" CONTENT="pity" WC="0.90" CC="0003"/>
						<String ID="P257_ST00206" HPOS="128" VPOS="911" WIDTH="35" HEIGHT="2" CONTENT="—" WC="0.20" CC="8"/>
						<String ID="P257_ST00207" HPOS="163" VPOS="895" WIDTH="86" HEIGHT="25" CONTENT="which" WC="0.83" CC="00700"/>
						<SP ID="P257_SP00179" HPOS="249" VPOS="929" WIDTH="14"/>
						<String ID="P257_ST00208" HPOS="263" VPOS="903" WIDTH="54" HEIGHT="16" CONTENT="was" WC="0.98" CC="000"/>
						<SP ID="P257_SP00180" HPOS="317" VPOS="929" WIDTH="13"/>
						<String ID="P257_ST00209" HPOS="330" VPOS="899" WIDTH="44" HEIGHT="27" CONTENT="yet" WC="0.89" CC="003"/>
						<SP ID="P257_SP00181" HPOS="374" VPOS="929" WIDTH="10"/>
						<String ID="P257_ST00210" HPOS="384" VPOS="899" WIDTH="45" HEIGHT="20" CONTENT="not" WC="0.88" CC="300"/>
						<SP ID="P257_SP00182" HPOS="429" VPOS="929" WIDTH="15"/>
						<String ID="P257_ST00211" HPOS="444" VPOS="895" WIDTH="117" HEIGHT="32" CONTENT="self-pity" WC="0.85" CC="303000302"/>
						<String ID="P257_ST00212" HPOS="561" VPOS="910" WIDTH="33" HEIGHT="2" CONTENT="—" WC="0.20" CC="8"/>
						<String ID="P257_ST00213" HPOS="595" VPOS="895" WIDTH="58" HEIGHT="24" CONTENT="that" WC="0.81" CC="0303"/>
						<SP ID="P257_SP00183" HPOS="653" VPOS="929" WIDTH="13"/>
						<String ID="P257_ST00214" HPOS="666" VPOS="895" WIDTH="54" HEIGHT="23" CONTENT="this" WC="0.90" CC="0030"/>
						<SP ID="P257_SP00184" HPOS="720" VPOS="929" WIDTH="17"/>
						<String ID="P257_ST00215" HPOS="737" VPOS="903" WIDTH="87" HEIGHT="23" CONTENT="power" WC="0.90" CC="04000"/>
						<SP ID="P257_SP00185" HPOS="824" VPOS="929" WIDTH="9"/>
						<String ID="P257_ST00216" HPOS="833" VPOS="894" WIDTH="29" HEIGHT="24" CONTENT="of" WC="1.00" CC="00"/>
						<SP ID="P257_SP00186" HPOS="862" VPOS="929" WIDTH="9"/>
						<String ID="P257_ST00217" HPOS="871" VPOS="895" WIDTH="89" HEIGHT="31" CONTENT="loving" WC="0.70" CC="000547"/>
					</TextLine>
					<TextLine ID="P257_TL00022" HPOS="74" VPOS="935" WIDTH="885" HEIGHT="31">
						<String ID="P257_ST00218" HPOS="74" VPOS="938" WIDTH="94" HEIGHT="24" CONTENT="should" WC="1.00" CC="000000"/>
						<SP ID="P257_SP00187" HPOS="168" VPOS="962" WIDTH="13"/>
						<String ID="P257_ST00219" HPOS="181" VPOS="945" WIDTH="57" HEIGHT="21" CONTENT="run," WC="0.89" CC="0040"/>
						<SP ID="P257_SP00188" HPOS="238" VPOS="966" WIDTH="15"/>
						<String ID="P257_ST00220" HPOS="253" VPOS="945" WIDTH="30" HEIGHT="15" CONTENT="as" WC="0.92" CC="01"/>
						<SP ID="P257_SP00189" HPOS="283" VPOS="966" WIDTH="14"/>
						<String ID="P257_ST00221" HPOS="297" VPOS="936" WIDTH="20" HEIGHT="24" CONTENT="it" WC="0.73" CC="50"/>
						<SP ID="P257_SP00190" HPOS="317" VPOS="966" WIDTH="12"/>
						<String ID="P257_ST00222" HPOS="329" VPOS="944" WIDTH="78" HEIGHT="21" CONTENT="were," WC="1.00" CC="00000"/>
						<SP ID="P257_SP00191" HPOS="407" VPOS="966" WIDTH="20"/>
						<String ID="P257_ST00223" HPOS="427" VPOS="940" WIDTH="27" HEIGHT="20" CONTENT="to" WC="0.92" CC="10"/>
						<SP ID="P257_SP00192" HPOS="454" VPOS="966" WIDTH="18"/>
						<String ID="P257_ST00224" HPOS="472" VPOS="940" WIDTH="83" HEIGHT="21" CONTENT="waste" WC="0.94" CC="00200"/>
						<String ID="P257_ST00225" HPOS="557" VPOS="951" WIDTH="34" HEIGHT="3" CONTENT="—" WC="0.20" CC="8"/>
						<String ID="P257_ST00226" HPOS="591" VPOS="936" WIDTH="58" HEIGHT="25" CONTENT="that" WC="0.89" CC="4000"/>
						<SP ID="P257_SP00193" HPOS="649" VPOS="966" WIDTH="21"/>
						<String ID="P257_ST00227" HPOS="670" VPOS="936" WIDTH="46" HEIGHT="24" CONTENT="she" WC="1.00" CC="000"/>
						<SP ID="P257_SP00194" HPOS="716" VPOS="966" WIDTH="20"/>
						<String ID="P257_ST00228" HPOS="736" VPOS="936" WIDTH="87" HEIGHT="25" CONTENT="whom" WC="0.86" CC="0005"/>
						<SP ID="P257_SP00195" HPOS="823" VPOS="966" WIDTH="14"/>
						<String ID="P257_ST00229" HPOS="837" VPOS="935" WIDTH="33" HEIGHT="25" CONTENT="he" WC="1.00" CC="00"/>
						<SP ID="P257_SP00196" HPOS="870" VPOS="966" WIDTH="14"/>
						<String ID="P257_ST00230" HPOS="884" VPOS="936" WIDTH="75" HEIGHT="25" CONTENT="loved" WC="0.96" CC="00020"/>
					</TextLine>
					<TextLine ID="P257_TL00023" HPOS="72" VPOS="977" WIDTH="702" HEIGHT="29">
						<String ID="P257_ST00231" HPOS="72" VPOS="978" WIDTH="94" HEIGHT="25" CONTENT="should" WC="0.66" CC="500443"/>
						<SP ID="P257_SP00197" HPOS="166" VPOS="1003" WIDTH="14"/>
						<String ID="P257_ST00232" HPOS="180" VPOS="986" WIDTH="81" HEIGHT="16" CONTENT="never" WC="0.88" CC="50000"/>
						<SP ID="P257_SP00198" HPOS="261" VPOS="1003" WIDTH="12"/>
						<String ID="P257_ST00233" HPOS="273" VPOS="978" WIDTH="78" HEIGHT="23" CONTENT="know" WC="0.86" CC="0500"/>
						<SP ID="P257_SP00199" HPOS="351" VPOS="1003" WIDTH="13"/>
						<String ID="P257_ST00234" HPOS="364" VPOS="977" WIDTH="34" HEIGHT="23" CONTENT="its" WC="0.82" CC="500"/>
						<SP ID="P257_SP00200" HPOS="398" VPOS="1003" WIDTH="14"/>
						<String ID="P257_ST00235" HPOS="412" VPOS="982" WIDTH="145" HEIGHT="20" CONTENT="sweetness" WC="0.88" CC="400005100"/>
						<SP ID="P257_SP00201" HPOS="557" VPOS="1003" WIDTH="15"/>
						<String ID="P257_ST00236" HPOS="572" VPOS="978" WIDTH="51" HEIGHT="23" CONTENT="and" WC="0.89" CC="020"/>
						<SP ID="P257_SP00202" HPOS="623" VPOS="1003" WIDTH="14"/>
						<String ID="P257_ST00237" HPOS="637" VPOS="978" WIDTH="34" HEIGHT="23" CONTENT="its" WC="0.55" CC="670"/>
						<SP ID="P257_SP00203" HPOS="671" VPOS="1003" WIDTH="14"/>
						<String ID="P257_ST00238" HPOS="685" VPOS="978" WIDTH="89" HEIGHT="28" CONTENT="depth." WC="0.95" CC="000002"/>
					</TextLine>
				</TextBlock>
				<TextBlock ID="P257_TB00004" HPOS="71" VPOS="1016" WIDTH="890" HEIGHT="527" STYLEREFS="TXT_1 PAR_LEFT">
					<TextLine ID="P257_TL00024" HPOS="107" VPOS="1017" WIDTH="853" HEIGHT="33">
						<String ID="P257_ST00239" HPOS="107" VPOS="1020" WIDTH="42" HEIGHT="24" CONTENT="He" WC="1.00" CC="00"/>
						<SP ID="P257_SP00204" HPOS="149" VPOS="1044" WIDTH="25"/>
						<String ID="P257_ST00240" HPOS="174" VPOS="1027" WIDTH="82" HEIGHT="17" CONTENT="never" WC="0.88" CC="30200"/>
						<SP ID="P257_SP00205" HPOS="256" VPOS="1044" WIDTH="20"/>
						<String ID="P257_ST00241" HPOS="276" VPOS="1018" WIDTH="40" HEIGHT="25" CONTENT="for" WC="0.87" CC="030"/>
						<SP ID="P257_SP00206" HPOS="316" VPOS="1044" WIDTH="23"/>
						<String ID="P257_ST00242" HPOS="339" VPOS="1027" WIDTH="15" HEIGHT="16" CONTENT="a" WC="1.00" CC="0"/>
						<SP ID="P257_SP00207" HPOS="354" VPOS="1044" WIDTH="20"/>
						<String ID="P257_ST00243" HPOS="374" VPOS="1023" WIDTH="119" HEIGHT="20" CONTENT="moment" WC="0.86" CC="020050"/>
						<SP ID="P257_SP00208" HPOS="493" VPOS="1044" WIDTH="21"/>
						<String ID="P257_ST00244" HPOS="514" VPOS="1018" WIDTH="135" HEIGHT="32" CONTENT="imagined" WC="0.65" CC="12374304"/>
						<SP ID="P257_SP00209" HPOS="649" VPOS="1050" WIDTH="24"/>
						<String ID="P257_ST00245" HPOS="673" VPOS="1018" WIDTH="58" HEIGHT="24" CONTENT="that" WC="0.82" CC="0023"/>
						<SP ID="P257_SP00210" HPOS="731" VPOS="1050" WIDTH="23"/>
						<String ID="P257_ST00246" HPOS="754" VPOS="1017" WIDTH="97" HEIGHT="24" CONTENT="Esther" WC="0.87" CC="103003"/>
						<SP ID="P257_SP00211" HPOS="851" VPOS="1050" WIDTH="23"/>
						<String ID="P257_ST00247" HPOS="874" VPOS="1017" WIDTH="86" HEIGHT="25" CONTENT="would" WC="0.83" CC="00006"/>
					</TextLine>
					<TextLine ID="P257_TL00025" HPOS="73" VPOS="1059" WIDTH="885" HEIGHT="31">
						<String ID="P257_ST00248" HPOS="73" VPOS="1065" WIDTH="85" HEIGHT="20" CONTENT="return" WC="0.85" CC="003005"/>
						<SP ID="P257_SP00212" HPOS="158" VPOS="1085" WIDTH="15"/>
						<String ID="P257_ST00249" HPOS="173" VPOS="1061" WIDTH="41" HEIGHT="23" CONTENT="his" WC="0.88" CC="030"/>
						<SP ID="P257_SP00213" HPOS="214" VPOS="1085" WIDTH="14"/>
						<String ID="P257_ST00250" HPOS="228" VPOS="1061" WIDTH="66" HEIGHT="24" CONTENT="love." WC="0.95" CC="20000"/>
						<SP ID="P257_SP00214" HPOS="294" VPOS="1085" WIDTH="40"/>
						<String ID="P257_ST00251" HPOS="334" VPOS="1061" WIDTH="42" HEIGHT="23" CONTENT="He" WC="0.74" CC="50"/>
						<SP ID="P257_SP00215" HPOS="376" VPOS="1085" WIDTH="14"/>
						<String ID="P257_ST00252" HPOS="390" VPOS="1060" WIDTH="52" HEIGHT="23" CONTENT="had" WC="0.42" CC="457"/>
						<SP ID="P257_SP00216" HPOS="442" VPOS="1085" WIDTH="14"/>
						<String ID="P257_ST00253" HPOS="456" VPOS="1067" WIDTH="80" HEIGHT="16" CONTENT="never" WC="0.91" CC="20001"/>
						<SP ID="P257_SP00217" HPOS="536" VPOS="1085" WIDTH="19"/>
						<String ID="P257_ST00254" HPOS="555" VPOS="1059" WIDTH="97" HEIGHT="31" CONTENT="sought" WC="0.87" CC="002203"/>
						<SP ID="P257_SP00218" HPOS="652" VPOS="1090" WIDTH="13"/>
						<String ID="P257_ST00255" HPOS="665" VPOS="1059" WIDTH="20" HEIGHT="24" CONTENT="it" WC="0.70" CC="50"/>
						<SP ID="P257_SP00219" HPOS="685" VPOS="1090" WIDTH="14"/>
						<String ID="P257_ST00256" HPOS="699" VPOS="1059" WIDTH="26" HEIGHT="24" CONTENT="in" WC="0.41" CC="74"/>
						<SP ID="P257_SP00220" HPOS="725" VPOS="1090" WIDTH="14"/>
						<String ID="P257_ST00257" HPOS="739" VPOS="1067" WIDTH="52" HEIGHT="23" CONTENT="any" WC="0.91" CC="002"/>
						<SP ID="P257_SP00221" HPOS="791" VPOS="1090" WIDTH="15"/>
						<String ID="P257_ST00258" HPOS="806" VPOS="1067" WIDTH="59" HEIGHT="23" CONTENT="way" WC="0.91" CC="002"/>
						<SP ID="P257_SP00222" HPOS="865" VPOS="1090" WIDTH="12"/>
						<String ID="P257_ST00259" HPOS="877" VPOS="1059" WIDTH="81" HEIGHT="24" CONTENT="what" SUBS_TYPE="HypPart1" SUBS_CONTENT="whatever," WC="0.84" CC="06001"/>
						<HYP CONTENT="-"/>
					</TextLine>
					<TextLine ID="P257_TL00026" HPOS="72" VPOS="1099" WIDTH="887" HEIGHT="34">
						<String ID="P257_ST00260" HPOS="72" VPOS="1111" WIDTH="68" HEIGHT="22" CONTENT="ever," SUBS_TYPE="HypPart2" SUBS_CONTENT="whatever," WC="1.00" CC="00000"/>
						<SP ID="P257_SP00223" HPOS="140" VPOS="1133" WIDTH="14"/>
						<String ID="P257_ST00261" HPOS="154" VPOS="1103" WIDTH="52" HEIGHT="23" CONTENT="and" WC="0.80" CC="041"/>
						<SP ID="P257_SP00224" HPOS="206" VPOS="1133" WIDTH="13"/>
						<String ID="P257_ST00262" HPOS="219" VPOS="1101" WIDTH="109" HEIGHT="32" CONTENT="passion" WC="0.69" CC="0300636"/>
						<SP ID="P257_SP00225" HPOS="328" VPOS="1133" WIDTH="27"/>
						<String ID="P257_ST00263" HPOS="355" VPOS="1101" WIDTH="50" HEIGHT="24" CONTENT="like" WC="0.76" CC="3500"/>
						<SP ID="P257_SP00226" HPOS="405" VPOS="1133" WIDTH="23"/>
						<String ID="P257_ST00264" HPOS="428" VPOS="1100" WIDTH="40" HEIGHT="25" CONTENT="his" WC="0.73" CC="061"/>
						<SP ID="P257_SP00227" HPOS="468" VPOS="1133" WIDTH="23"/>
						<String ID="P257_ST00265" HPOS="491" VPOS="1101" WIDTH="47" HEIGHT="24" CONTENT="has" WC="0.99" CC="000"/>
						<SP ID="P257_SP00228" HPOS="538" VPOS="1133" WIDTH="23"/>
						<String ID="P257_ST00266" HPOS="561" VPOS="1109" WIDTH="72" HEIGHT="23" CONTENT="ways" WC="0.96" CC="1000"/>
						<SP ID="P257_SP00229" HPOS="633" VPOS="1133" WIDTH="22"/>
						<String ID="P257_ST00267" HPOS="655" VPOS="1100" WIDTH="29" HEIGHT="24" CONTENT="of" WC="0.89" CC="02"/>
						<SP ID="P257_SP00230" HPOS="684" VPOS="1133" WIDTH="15"/>
						<String ID="P257_ST00268" HPOS="699" VPOS="1100" WIDTH="110" HEIGHT="31" CONTENT="making" WC="0.59" CC="310648"/>
						<SP ID="P257_SP00231" HPOS="809" VPOS="1133" WIDTH="17"/>
						<String ID="P257_ST00269" HPOS="826" VPOS="1099" WIDTH="72" HEIGHT="24" CONTENT="itself" WC="0.81" CC="322001"/>
						<SP ID="P257_SP00232" HPOS="898" VPOS="1133" WIDTH="16"/>
						<String ID="P257_ST00270" HPOS="914" VPOS="1100" WIDTH="45" HEIGHT="24" CONTENT="felt" WC="0.80" CC="8000"/>
					</TextLine>
					<TextLine ID="P257_TL00027" HPOS="72" VPOS="1140" WIDTH="889" HEIGHT="34">
						<String ID="P257_ST00271" HPOS="72" VPOS="1144" WIDTH="38" HEIGHT="23" CONTENT="far" WC="0.72" CC="151"/>
						<SP ID="P257_SP00233" HPOS="110" VPOS="1167" WIDTH="18"/>
						<String ID="P257_ST00272" HPOS="128" VPOS="1151" WIDTH="71" HEIGHT="16" CONTENT="more" WC="0.79" CC="0800"/>
						<SP ID="P257_SP00234" HPOS="199" VPOS="1167" WIDTH="21"/>
						<String ID="P257_ST00273" HPOS="220" VPOS="1146" WIDTH="92" HEIGHT="28" CONTENT="potent" WC="0.78" CC="040052"/>
						<SP ID="P257_SP00235" HPOS="312" VPOS="1174" WIDTH="19"/>
						<String ID="P257_ST00274" HPOS="331" VPOS="1143" WIDTH="64" HEIGHT="23" CONTENT="than" WC="0.65" CC="0237"/>
						<SP ID="P257_SP00236" HPOS="395" VPOS="1174" WIDTH="24"/>
						<String ID="P257_ST00275" HPOS="419" VPOS="1142" WIDTH="104" HEIGHT="31" CONTENT="speech." WC="0.89" CC="0050001"/>
						<SP ID="P257_SP00237" HPOS="523" VPOS="1174" WIDTH="41"/>
						<String ID="P257_ST00276" HPOS="564" VPOS="1142" WIDTH="42" HEIGHT="24" CONTENT="He" WC="0.83" CC="30"/>
						<SP ID="P257_SP00238" HPOS="606" VPOS="1174" WIDTH="21"/>
						<String ID="P257_ST00277" HPOS="627" VPOS="1142" WIDTH="51" HEIGHT="23" CONTENT="had" WC="0.70" CC="206"/>
						<SP ID="P257_SP00239" HPOS="678" VPOS="1174" WIDTH="19"/>
						<String ID="P257_ST00278" HPOS="697" VPOS="1145" WIDTH="40" HEIGHT="20" CONTENT="sat" WC="1.00" CC="000"/>
						<SP ID="P257_SP00240" HPOS="737" VPOS="1174" WIDTH="22"/>
						<String ID="P257_ST00279" HPOS="759" VPOS="1141" WIDTH="117" HEIGHT="24" CONTENT="Sabbath" WC="0.79" CC="0400504"/>
						<SP ID="P257_SP00241" HPOS="876" VPOS="1174" WIDTH="20"/>
						<String ID="P257_ST00280" HPOS="896" VPOS="1140" WIDTH="65" HEIGHT="25" CONTENT="after" WC="0.66" CC="05308"/>
					</TextLine>
					<TextLine ID="P257_TL00028" HPOS="73" VPOS="1181" WIDTH="888" HEIGHT="31">
						<String ID="P257_ST00281" HPOS="73" VPOS="1185" WIDTH="117" HEIGHT="25" CONTENT="Sabbath" WC="0.96" CC="0000002"/>
						<SP ID="P257_SP00242" HPOS="190" VPOS="1210" WIDTH="12"/>
						<String ID="P257_ST00282" HPOS="202" VPOS="1183" WIDTH="93" HEIGHT="27" CONTENT="within" WC="0.61" CC="360066"/>
						<SP ID="P257_SP00243" HPOS="295" VPOS="1210" WIDTH="22"/>
						<String ID="P257_ST00283" HPOS="317" VPOS="1183" WIDTH="45" HEIGHT="25" CONTENT="the" WC="0.87" CC="120"/>
						<SP ID="P257_SP00244" HPOS="362" VPOS="1210" WIDTH="22"/>
						<String ID="P257_ST00284" HPOS="384" VPOS="1191" WIDTH="74" HEIGHT="17" CONTENT="same" WC="0.76" CC="3410"/>
						<SP ID="P257_SP00245" HPOS="458" VPOS="1210" WIDTH="20"/>
						<String ID="P257_ST00285" HPOS="478" VPOS="1183" WIDTH="83" HEIGHT="29" CONTENT="walls," WC="0.83" CC="031400"/>
						<SP ID="P257_SP00246" HPOS="561" VPOS="1212" WIDTH="22"/>
						<String ID="P257_ST00286" HPOS="583" VPOS="1183" WIDTH="46" HEIGHT="23" CONTENT="the" WC="0.85" CC="040"/>
						<SP ID="P257_SP00247" HPOS="629" VPOS="1212" WIDTH="23"/>
						<String ID="P257_ST00287" HPOS="652" VPOS="1190" WIDTH="73" HEIGHT="16" CONTENT="same" WC="0.73" CC="2800"/>
						<SP ID="P257_SP00248" HPOS="725" VPOS="1212" WIDTH="26"/>
						<String ID="P257_ST00288" HPOS="751" VPOS="1182" WIDTH="169" HEIGHT="30" CONTENT="atmosphere" WC="0.87" CC="3040002200"/>
						<SP ID="P257_SP00249" HPOS="920" VPOS="1212" WIDTH="15"/>
						<String ID="P257_ST00289" HPOS="935" VPOS="1181" WIDTH="26" HEIGHT="24" CONTENT="of" WC="0.64" CC="15"/>
					</TextLine>
					<TextLine ID="P257_TL00029" HPOS="73" VPOS="1223" WIDTH="888" HEIGHT="36">
						<String ID="P257_ST00290" HPOS="73" VPOS="1226" WIDTH="121" HEIGHT="33" CONTENT="youthful" WC="0.79" CC="60104040"/>
						<SP ID="P257_SP00250" HPOS="194" VPOS="1259" WIDTH="18"/>
						<String ID="P257_ST00291" HPOS="212" VPOS="1226" WIDTH="126" HEIGHT="31" CONTENT="religious" WC="0.77" CC="100520053"/>
						<SP ID="P257_SP00251" HPOS="338" VPOS="1259" WIDTH="19"/>
						<String ID="P257_ST00292" HPOS="357" VPOS="1228" WIDTH="170" HEIGHT="21" CONTENT="earnestness" WC="0.94" CC="00000003002"/>
						<SP ID="P257_SP00252" HPOS="527" VPOS="1259" WIDTH="21"/>
						<String ID="P257_ST00293" HPOS="548" VPOS="1224" WIDTH="99" HEIGHT="24" CONTENT="around" WC="0.76" CC="000254"/>
						<SP ID="P257_SP00253" HPOS="647" VPOS="1259" WIDTH="18"/>
						<String ID="P257_ST00294" HPOS="665" VPOS="1223" WIDTH="83" HEIGHT="29" CONTENT="them," WC="0.94" CC="02000"/>
						<SP ID="P257_SP00254" HPOS="748" VPOS="1259" WIDTH="20"/>
						<String ID="P257_ST00295" HPOS="768" VPOS="1224" WIDTH="52" HEIGHT="23" CONTENT="and" WC="0.80" CC="050"/>
						<SP ID="P257_SP00255" HPOS="820" VPOS="1259" WIDTH="20"/>
						<String ID="P257_ST00296" HPOS="840" VPOS="1224" WIDTH="121" HEIGHT="30" CONTENT="engaged" WC="0.79" CC="0010821"/>
					</TextLine>
					<TextLine ID="P257_TL00030" HPOS="72" VPOS="1263" WIDTH="889" HEIGHT="35">
						<String ID="P257_ST00297" HPOS="72" VPOS="1268" WIDTH="26" HEIGHT="25" CONTENT="in" WC="0.80" CC="21"/>
						<SP ID="P257_SP00256" HPOS="98" VPOS="1293" WIDTH="17"/>
						<String ID="P257_ST00298" HPOS="115" VPOS="1268" WIDTH="46" HEIGHT="24" CONTENT="the" WC="0.79" CC="140"/>
						<SP ID="P257_SP00257" HPOS="161" VPOS="1293" WIDTH="19"/>
						<String ID="P257_ST00299" HPOS="180" VPOS="1275" WIDTH="74" HEIGHT="16" CONTENT="same" WC="0.92" CC="0020"/>
						<SP ID="P257_SP00258" HPOS="254" VPOS="1293" WIDTH="19"/>
						<String ID="P257_ST00300" HPOS="273" VPOS="1267" WIDTH="74" HEIGHT="24" CONTENT="tasks" WC="0.92" CC="00040"/>
						<SP ID="P257_SP00259" HPOS="347" VPOS="1293" WIDTH="11"/>
						<String ID="P257_ST00301" HPOS="358" VPOS="1275" WIDTH="5" HEIGHT="21" CONTENT=";" WC="1.00" CC="0"/>
						<SP ID="P257_SP00260" HPOS="363" VPOS="1296" WIDTH="21"/>
						<String ID="P257_ST00302" HPOS="384" VPOS="1270" WIDTH="44" HEIGHT="28" CONTENT="yet" WC="0.79" CC="302"/>
						<SP ID="P257_SP00261" HPOS="428" VPOS="1298" WIDTH="19"/>
						<String ID="P257_ST00303" HPOS="447" VPOS="1266" WIDTH="33" HEIGHT="23" CONTENT="he" WC="1.00" CC="00"/>
						<SP ID="P257_SP00262" HPOS="480" VPOS="1298" WIDTH="19"/>
						<String ID="P257_ST00304" HPOS="499" VPOS="1266" WIDTH="51" HEIGHT="24" CONTENT="had" WC="0.83" CC="103"/>
						<SP ID="P257_SP00263" HPOS="550" VPOS="1298" WIDTH="21"/>
						<String ID="P257_ST00305" HPOS="571" VPOS="1266" WIDTH="141" HEIGHT="23" CONTENT="contented" WC="0.85" CC="006005000"/>
						<SP ID="P257_SP00264" HPOS="712" VPOS="1298" WIDTH="22"/>
						<String ID="P257_ST00306" HPOS="734" VPOS="1263" WIDTH="111" HEIGHT="25" CONTENT="himself" WC="0.96" CC="0000002"/>
						<SP ID="P257_SP00265" HPOS="845" VPOS="1298" WIDTH="14"/>
						<String ID="P257_ST00307" HPOS="859" VPOS="1264" WIDTH="63" HEIGHT="24" CONTENT="with" WC="0.82" CC="0402"/>
						<SP ID="P257_SP00266" HPOS="922" VPOS="1298" WIDTH="25"/>
						<String ID="P257_ST00308" HPOS="947" VPOS="1271" WIDTH="14" HEIGHT="16" CONTENT="a" WC="0.29" CC="7"/>
					</TextLine>
					<TextLine ID="P257_TL00031" HPOS="71" VPOS="1304" WIDTH="890" HEIGHT="34">
						<String ID="P257_ST00309" HPOS="71" VPOS="1310" WIDTH="50" HEIGHT="24" CONTENT="few" WC="0.97" CC="000"/>
						<SP ID="P257_SP00267" HPOS="121" VPOS="1334" WIDTH="15"/>
						<String ID="P257_ST00310" HPOS="136" VPOS="1308" WIDTH="150" HEIGHT="25" CONTENT="indifferent" WC="0.77" CC="64540000040"/>
						<SP ID="P257_SP00268" HPOS="286" VPOS="1334" WIDTH="12"/>
						<String ID="P257_ST00311" HPOS="298" VPOS="1308" WIDTH="86" HEIGHT="24" CONTENT="words" WC="0.45" CC="07828"/>
						<SP ID="P257_SP00269" HPOS="384" VPOS="1334" WIDTH="21"/>
						<String ID="P257_ST00312" HPOS="405" VPOS="1311" WIDTH="26" HEIGHT="21" CONTENT="at" WC="0.85" CC="02"/>
						<SP ID="P257_SP00270" HPOS="431" VPOS="1334" WIDTH="18"/>
						<String ID="P257_ST00313" HPOS="449" VPOS="1307" WIDTH="118" HEIGHT="31" CONTENT="meeting" WC="0.89" CC="1000500"/>
						<SP ID="P257_SP00271" HPOS="567" VPOS="1338" WIDTH="19"/>
						<String ID="P257_ST00314" HPOS="586" VPOS="1307" WIDTH="52" HEIGHT="24" CONTENT="and" WC="0.82" CC="005"/>
						<SP ID="P257_SP00272" HPOS="638" VPOS="1338" WIDTH="20"/>
						<String ID="P257_ST00315" HPOS="658" VPOS="1310" WIDTH="27" HEIGHT="20" CONTENT="at" WC="1.00" CC="00"/>
						<SP ID="P257_SP00273" HPOS="685" VPOS="1338" WIDTH="16"/>
						<String ID="P257_ST00316" HPOS="701" VPOS="1305" WIDTH="114" HEIGHT="32" CONTENT="parting." WC="0.62" CC="05804380"/>
						<SP ID="P257_SP00274" HPOS="815" VPOS="1338" WIDTH="38"/>
						<String ID="P257_ST00317" HPOS="853" VPOS="1305" WIDTH="43" HEIGHT="24" CONTENT="He" WC="0.98" CC="00"/>
						<SP ID="P257_SP00275" HPOS="896" VPOS="1338" WIDTH="13"/>
						<String ID="P257_ST00318" HPOS="909" VPOS="1304" WIDTH="52" HEIGHT="26" CONTENT="had" WC="0.72" CC="206"/>
					</TextLine>
					<TextLine ID="P257_TL00032" HPOS="72" VPOS="1345" WIDTH="889" HEIGHT="35">
						<String ID="P257_ST00319" HPOS="72" VPOS="1350" WIDTH="104" HEIGHT="25" CONTENT="refused" WC="0.86" CC="0004004"/>
						<SP ID="P257_SP00276" HPOS="176" VPOS="1375" WIDTH="19"/>
						<String ID="P257_ST00320" HPOS="195" VPOS="1354" WIDTH="27" HEIGHT="19" CONTENT="to" WC="0.98" CC="00"/>
						<SP ID="P257_SP00277" HPOS="222" VPOS="1375" WIDTH="18"/>
						<String ID="P257_ST00321" HPOS="240" VPOS="1349" WIDTH="61" HEIGHT="24" CONTENT="look" WC="1.00" CC="0000"/>
						<SP ID="P257_SP00278" HPOS="301" VPOS="1375" WIDTH="14"/>
						<String ID="P257_ST00322" HPOS="315" VPOS="1357" WIDTH="71" HEIGHT="23" CONTENT="upon" WC="0.49" CC="5076"/>
						<SP ID="P257_SP00279" HPOS="386" VPOS="1380" WIDTH="20"/>
						<String ID="P257_ST00323" HPOS="406" VPOS="1348" WIDTH="48" HEIGHT="25" CONTENT="her" WC="0.75" CC="007"/>
						<SP ID="P257_SP00280" HPOS="454" VPOS="1380" WIDTH="18"/>
						<String ID="P257_ST00324" HPOS="472" VPOS="1348" WIDTH="66" HEIGHT="30" CONTENT="face," WC="0.92" CC="30000"/>
						<SP ID="P257_SP00281" HPOS="538" VPOS="1380" WIDTH="19"/>
						<String ID="P257_ST00325" HPOS="557" VPOS="1347" WIDTH="103" HEIGHT="31" CONTENT="though" WC="0.84" CC="010421"/>
						<SP ID="P257_SP00282" HPOS="660" VPOS="1380" WIDTH="21"/>
						<String ID="P257_ST00326" HPOS="681" VPOS="1347" WIDTH="19" HEIGHT="24" CONTENT="it" WC="0.73" CC="50"/>
						<SP ID="P257_SP00283" HPOS="700" VPOS="1380" WIDTH="19"/>
						<String ID="P257_ST00327" HPOS="719" VPOS="1345" WIDTH="118" HEIGHT="26" CONTENT="satisfied" WC="0.86" CC="520300001"/>
						<SP ID="P257_SP00284" HPOS="837" VPOS="1380" WIDTH="21"/>
						<String ID="P257_ST00328" HPOS="858" VPOS="1346" WIDTH="55" HEIGHT="24" CONTENT="him" WC="0.90" CC="030"/>
						<SP ID="P257_SP00285" HPOS="913" VPOS="1380" WIDTH="19"/>
						<String ID="P257_ST00329" HPOS="932" VPOS="1354" WIDTH="29" HEIGHT="16" CONTENT="as" WC="0.94" CC="01"/>
					</TextLine>
					<TextLine ID="P257_TL00033" HPOS="72" VPOS="1386" WIDTH="888" HEIGHT="36">
						<String ID="P257_ST00330" HPOS="72" VPOS="1390" WIDTH="114" HEIGHT="32" CONTENT="nothing" WC="0.48" CC="7035648"/>
						<SP ID="P257_SP00286" HPOS="186" VPOS="1422" WIDTH="12"/>
						<String ID="P257_ST00331" HPOS="198" VPOS="1390" WIDTH="54" HEIGHT="25" CONTENT="else" WC="0.80" CC="0520"/>
						<SP ID="P257_SP00287" HPOS="252" VPOS="1422" WIDTH="18"/>
						<String ID="P257_ST00332" HPOS="270" VPOS="1390" WIDTH="52" HEIGHT="24" CONTENT="had" WC="0.81" CC="005"/>
						<SP ID="P257_SP00288" HPOS="322" VPOS="1422" WIDTH="19"/>
						<String ID="P257_ST00333" HPOS="341" VPOS="1398" WIDTH="60" HEIGHT="17" CONTENT="ever" WC="0.96" CC="0100"/>
						<SP ID="P257_SP00289" HPOS="401" VPOS="1422" WIDTH="19"/>
						<String ID="P257_ST00334" HPOS="420" VPOS="1390" WIDTH="76" HEIGHT="24" CONTENT="done." WC="0.74" CC="70500"/>
						<SP ID="P257_SP00290" HPOS="496" VPOS="1422" WIDTH="41"/>
						<String ID="P257_ST00335" HPOS="537" VPOS="1388" WIDTH="52" HEIGHT="26" CONTENT="She" WC="0.85" CC="040"/>
						<SP ID="P257_SP00291" HPOS="589" VPOS="1422" WIDTH="20"/>
						<String ID="P257_ST00336" HPOS="609" VPOS="1397" WIDTH="55" HEIGHT="16" CONTENT="was" WC="0.92" CC="002"/>
						<SP ID="P257_SP00292" HPOS="664" VPOS="1422" WIDTH="14"/>
						<String ID="P257_ST00337" HPOS="678" VPOS="1387" WIDTH="34" HEIGHT="32" CONTENT="by" WC="0.82" CC="03"/>
						<SP ID="P257_SP00293" HPOS="712" VPOS="1422" WIDTH="13"/>
						<String ID="P257_ST00338" HPOS="725" VPOS="1387" WIDTH="39" HEIGHT="24" CONTENT="far" WC="0.97" CC="000"/>
						<SP ID="P257_SP00294" HPOS="764" VPOS="1422" WIDTH="12"/>
						<String ID="P257_ST00339" HPOS="776" VPOS="1387" WIDTH="44" HEIGHT="24" CONTENT="the" WC="1.00" CC="000"/>
						<SP ID="P257_SP00295" HPOS="820" VPOS="1422" WIDTH="14"/>
						<String ID="P257_ST00340" HPOS="834" VPOS="1386" WIDTH="126" HEIGHT="30" CONTENT="frankest," WC="0.79" CC="520000550"/>
					</TextLine>
					<TextLine ID="P257_TL00034" HPOS="72" VPOS="1427" WIDTH="889" HEIGHT="31">
						<String ID="P257_ST00341" HPOS="72" VPOS="1433" WIDTH="45" HEIGHT="25" CONTENT="the" WC="0.57" CC="570"/>
						<SP ID="P257_SP00296" HPOS="117" VPOS="1458" WIDTH="13"/>
						<String ID="P257_ST00342" HPOS="130" VPOS="1431" WIDTH="125" HEIGHT="25" CONTENT="lcmdliest" WC="0.40" CC="388677083"/>
						<SP ID="P257_SP00297" HPOS="255" VPOS="1458" WIDTH="13"/>
						<String ID="P257_ST00343" HPOS="268" VPOS="1431" WIDTH="28" HEIGHT="24" CONTENT="of" WC="0.97" CC="00"/>
						<SP ID="P257_SP00298" HPOS="296" VPOS="1458" WIDTH="16"/>
						<String ID="P257_ST00344" HPOS="312" VPOS="1431" WIDTH="44" HEIGHT="24" CONTENT="the" WC="0.78" CC="420"/>
						<SP ID="P257_SP00299" HPOS="356" VPOS="1458" WIDTH="13"/>
						<String ID="P257_ST00345" HPOS="369" VPOS="1435" WIDTH="60" HEIGHT="20" CONTENT="two." WC="0.96" CC="0000"/>
						<SP ID="P257_SP00300" HPOS="429" VPOS="1458" WIDTH="39"/>
						<String ID="P257_ST00346" HPOS="468" VPOS="1430" WIDTH="54" HEIGHT="24" CONTENT="But" WC="0.72" CC="430"/>
						<SP ID="P257_SP00301" HPOS="522" VPOS="1458" WIDTH="12"/>
						<String ID="P257_ST00347" HPOS="534" VPOS="1429" WIDTH="27" HEIGHT="24" CONTENT="in" WC="0.40" CC="64"/>
						<SP ID="P257_SP00302" HPOS="561" VPOS="1458" WIDTH="10"/>
						<String ID="P257_ST00348" HPOS="571" VPOS="1431" WIDTH="45" HEIGHT="23" CONTENT="her" WC="0.74" CC="700"/>
						<SP ID="P257_SP00303" HPOS="616" VPOS="1458" WIDTH="13"/>
						<String ID="P257_ST00349" HPOS="629" VPOS="1432" WIDTH="89" HEIGHT="26" CONTENT="sweet," WC="0.94" CC="010020"/>
						<SP ID="P257_SP00304" HPOS="718" VPOS="1458" WIDTH="14"/>
						<String ID="P257_ST00350" HPOS="732" VPOS="1427" WIDTH="75" HEIGHT="25" CONTENT="frank" WC="0.86" CC="00060"/>
						<SP ID="P257_SP00305" HPOS="807" VPOS="1458" WIDTH="8"/>
						<String ID="P257_ST00351" HPOS="815" VPOS="1427" WIDTH="146" HEIGHT="24" CONTENT="kindliness" WC="0.72" CC="0653165000"/>
					</TextLine>
					<TextLine ID="P257_TL00035" HPOS="72" VPOS="1468" WIDTH="888" HEIGHT="33">
						<String ID="P257_ST00352" HPOS="72" VPOS="1475" WIDTH="33" HEIGHT="23" CONTENT="he" WC="1.00" CC="00"/>
						<SP ID="P257_SP00306" HPOS="105" VPOS="1498" WIDTH="18"/>
						<String ID="P257_ST00353" HPOS="123" VPOS="1475" WIDTH="77" HEIGHT="23" CONTENT="knew" WC="0.77" CC="2402"/>
						<SP ID="P257_SP00307" HPOS="200" VPOS="1498" WIDTH="18"/>
						<String ID="P257_ST00354" HPOS="218" VPOS="1472" WIDTH="57" HEIGHT="25" CONTENT="that" WC="1.00" CC="0000"/>
						<SP ID="P257_SP00308" HPOS="275" VPOS="1498" WIDTH="21"/>
						<String ID="P257_ST00355" HPOS="296" VPOS="1471" WIDTH="74" HEIGHT="25" CONTENT="there" WC="0.94" CC="01010"/>
						<SP ID="P257_SP00309" HPOS="370" VPOS="1498" WIDTH="21"/>
						<String ID="P257_ST00356" HPOS="391" VPOS="1480" WIDTH="55" HEIGHT="17" CONTENT="was" WC="0.93" CC="200"/>
						<SP ID="P257_SP00310" HPOS="446" VPOS="1498" WIDTH="22"/>
						<String ID="P257_ST00357" HPOS="468" VPOS="1480" WIDTH="35" HEIGHT="16" CONTENT="no" WC="0.51" CC="27"/>
						<SP ID="P257_SP00311" HPOS="503" VPOS="1498" WIDTH="19"/>
						<String ID="P257_ST00358" HPOS="522" VPOS="1471" WIDTH="69" HEIGHT="30" CONTENT="love," WC="0.80" CC="11006"/>
						<SP ID="P257_SP00312" HPOS="591" VPOS="1501" WIDTH="14"/>
						<String ID="P257_ST00359" HPOS="605" VPOS="1470" WIDTH="52" HEIGHT="25" CONTENT="and" WC="0.48" CC="653"/>
						<SP ID="P257_SP00313" HPOS="657" VPOS="1501" WIDTH="18"/>
						<String ID="P257_ST00360" HPOS="675" VPOS="1470" WIDTH="34" HEIGHT="26" CONTENT="he" WC="0.35" CC="48"/>
						<SP ID="P257_SP00314" HPOS="709" VPOS="1501" WIDTH="20"/>
						<String ID="P257_ST00361" HPOS="729" VPOS="1469" WIDTH="53" HEIGHT="25" CONTENT="had" WC="0.83" CC="012"/>
						<SP ID="P257_SP00315" HPOS="782" VPOS="1501" WIDTH="18"/>
						<String ID="P257_ST00362" HPOS="800" VPOS="1468" WIDTH="114" HEIGHT="32" CONTENT="repelled" WC="0.77" CC="00700107"/>
						<SP ID="P257_SP00316" HPOS="914" VPOS="1501" WIDTH="18"/>
						<String ID="P257_ST00363" HPOS="932" VPOS="1468" WIDTH="28" HEIGHT="30" CONTENT="it," WC="0.78" CC="600"/>
					</TextLine>
					<TextLine ID="P257_TL00036" HPOS="72" VPOS="1513" WIDTH="359" HEIGHT="30">
						<String ID="P257_ST00364" HPOS="72" VPOS="1514" WIDTH="142" HEIGHT="26" CONTENT="conscious" WC="0.79" CC="014027002"/>
						<SP ID="P257_SP00317" HPOS="214" VPOS="1540" WIDTH="15"/>
						<String ID="P257_ST00365" HPOS="229" VPOS="1513" WIDTH="29" HEIGHT="25" CONTENT="of" WC="1.00" CC="00"/>
						<SP ID="P257_SP00318" HPOS="258" VPOS="1540" WIDTH="15"/>
						<String ID="P257_ST00366" HPOS="273" VPOS="1514" WIDTH="34" HEIGHT="24" CONTENT="its" WC="0.52" CC="535"/>
						<SP ID="P257_SP00319" HPOS="307" VPOS="1540" WIDTH="16"/>
						<String ID="P257_ST00367" HPOS="323" VPOS="1514" WIDTH="108" HEIGHT="29" CONTENT="danger." WC="0.74" CC="0255040"/>
					</TextLine>
				</TextBlock>
			</PrintSpace>
		</Page>
	</Layout>
</alto>
