<?xml version="1.0" encoding="UTF-8"?>
<alto xmlns:xsi="http://www.w3.org/2001/XMLSchema-instance" xsi:noNamespaceSchemaLocation="http://www.bl.uk/schemas/alto/alto-1-4.xsd" xmlns:xlink="http://www.w3.org/1999/xlink">
	<Description>
		<MeasurementUnit>mm10</MeasurementUnit>
		<sourceImageInformation>
			<fileName>//head1/IN/2007-44/A0010858537.1/002142.jp2</fileName>
		</sourceImageInformation>
		<OCRProcessing ID="OCRPROCESSING_1">
			<preProcessingStep>
				<processingSoftware>
					<softwareCreator>CCS Content Conversion Specialists GmbH, Germany</softwareCreator>
					<softwareName>CCS docWORKS</softwareName>
					<softwareVersion>6.1-0.64</softwareVersion>
				</processingSoftware>
			</preProcessingStep>
			<ocrProcessingStep>
				<processingSoftware>
					<softwareCreator>ABBYY (BIT Software), Russia</softwareCreator>
					<softwareName>Finereader</softwareName>
				</processingSoftware>
			</ocrProcessingStep>
		</OCRProcessing>
	</Description>
	<Styles>
		<TextStyle ID="TXT_0" FONTSIZE="10" FONTFAMILY="Courier New"/>
		<TextStyle ID="TXT_1" FONTSIZE="9" FONTFAMILY="Courier New"/>
		<ParagraphStyle ID="PAR_CENTER" ALIGN="Center"/>
		<ParagraphStyle ID="PAR_LEFT" ALIGN="Left"/>
	</Styles>
	<Layout>
		<Page ID="P26" PHYSICAL_IMG_NR="26" HEIGHT="1644" WIDTH="1061" POSITION="Left" ACCURACY="80.10">
			<TopMargin ID="P26_TM00001" HPOS="0" VPOS="0" WIDTH="1060" HEIGHT="422"/>
			<LeftMargin ID="P26_LM00001" HPOS="0" VPOS="422" WIDTH="96" HEIGHT="1122"/>
			<RightMargin ID="P26_RM00001" HPOS="999" VPOS="422" WIDTH="61" HEIGHT="1122"/>
			<BottomMargin ID="P26_BM00001" HPOS="0" VPOS="1544" WIDTH="1060" HEIGHT="100"/>
			<PrintSpace ID="P26_PS00001" HPOS="96" VPOS="422" WIDTH="908" HEIGHT="1125">
				<TextBlock ID="P26_TB00001" HPOS="419" VPOS="422" WIDTH="253" HEIGHT="27" STYLEREFS="TXT_0 PAR_CENTER">
					<TextLine ID="P26_TL00001" HPOS="419" VPOS="423" WIDTH="253" HEIGHT="26">
						<String ID="P26_ST00001" HPOS="419" VPOS="424" WIDTH="180" HEIGHT="25" CONTENT="CHAPTER" WC="0.80" CC="0702011"/>
						<SP ID="P26_SP00001" HPOS="599" VPOS="449" WIDTH="21"/>
						<String ID="P26_ST00002" HPOS="620" VPOS="423" WIDTH="52" HEIGHT="25" CONTENT="III." WC="0.73" CC="5040"/>
					</TextLine>
				</TextBlock>
				<TextBlock ID="P26_TB00002" HPOS="375" VPOS="496" WIDTH="339" HEIGHT="21" STYLEREFS="TXT_0 PAR_CENTER">
					<TextLine ID="P26_TL00002" HPOS="376" VPOS="497" WIDTH="338" HEIGHT="20">
						<String ID="P26_ST00003" HPOS="376" VPOS="501" WIDTH="65" HEIGHT="16" CONTENT="THE" WC="0.81" CC="500"/>
						<SP ID="P26_SP00002" HPOS="441" VPOS="517" WIDTH="27"/>
						<String ID="P26_ST00004" HPOS="468" VPOS="500" WIDTH="88" HEIGHT="17" CONTENT="GAME" WC="0.72" CC="4050"/>
						<SP ID="P26_SP00003" HPOS="556" VPOS="517" WIDTH="25"/>
						<String ID="P26_ST00005" HPOS="581" VPOS="497" WIDTH="133" HEIGHT="19" CONTENT="BEGINS." WC="0.84" CC="0000504"/>
					</TextLine>
				</TextBlock>
				<TextBlock ID="P26_TB00003" HPOS="93" VPOS="548" WIDTH="911" HEIGHT="999" STYLEREFS="TXT_1 PAR_LEFT">
					<TextLine ID="P26_TL00003" HPOS="101" VPOS="555" WIDTH="897" HEIGHT="45">
						<String ID="P26_ST00006" HPOS="101" VPOS="562" WIDTH="18" HEIGHT="12" CONTENT='"' WC="0.36" CC="6"/>
						<SP ID="P26_SP00004" HPOS="119" VPOS="574" WIDTH="12"/>
						<String ID="P26_ST00007" HPOS="131" VPOS="560" WIDTH="258" HEIGHT="40" CONTENT="S£fn:pi»&amp;HERE" WC="0.19" CC="8888787778787"/>
						<SP ID="P26_SP00005" HPOS="389" VPOS="600" WIDTH="14"/>
						<String ID="P26_ST00008" HPOS="403" VPOS="560" WIDTH="63" HEIGHT="32" CONTENT="they" WC="0.58" CC="0808"/>
						<SP ID="P26_SP00006" HPOS="466" VPOS="600" WIDTH="14"/>
						<String ID="P26_ST00009" HPOS="480" VPOS="567" WIDTH="44" HEIGHT="16" CONTENT="are" WC="0.74" CC="070"/>
						<SP ID="P26_SP00007" HPOS="524" VPOS="600" WIDTH="14"/>
						<String ID="P26_ST00010" HPOS="538" VPOS="562" WIDTH="26" HEIGHT="21" CONTENT="at" WC="0.58" CC="80"/>
						<SP ID="P26_SP00008" HPOS="564" VPOS="600" WIDTH="14"/>
						<String ID="P26_ST00011" HPOS="578" VPOS="558" WIDTH="79" HEIGHT="30" CONTENT="last'&#34;" WC="0.51" CC="873711"/>
						<SP ID="P26_SP00009" HPOS="657" VPOS="600" WIDTH="15"/>
						<String ID="P26_ST00012" HPOS="672" VPOS="556" WIDTH="58" HEIGHT="26" CONTENT="said" WC="0.52" CC="1088"/>
						<SP ID="P26_SP00010" HPOS="730" VPOS="600" WIDTH="16"/>
						<String ID="P26_ST00013" HPOS="746" VPOS="555" WIDTH="69" HEIGHT="25" CONTENT="Kate" WC="0.43" CC="7780"/>
						<SP ID="P26_SP00011" HPOS="815" VPOS="600" WIDTH="8"/>
						<String ID="P26_ST00014" HPOS="823" VPOS="555" WIDTH="135" HEIGHT="31" CONTENT="Vausnan" WC="0.56" CC="6208427"/>
						<SP ID="P26_SP00012" HPOS="958" VPOS="600" WIDTH="14"/>
						<String ID="P26_ST00015" HPOS="972" VPOS="557" WIDTH="26" HEIGHT="21" CONTENT="t0" WC="0.68" CC="06"/>
					</TextLine>
					<TextLine ID="P26_TL00004" HPOS="216" VPOS="596" WIDTH="781" HEIGHT="42">
						<String ID="P26_ST00016" HPOS="216" VPOS="617" WIDTH="61" HEIGHT="21" CONTENT="Unff" WC="0.18" CC="8877"/>
						<SP ID="P26_SP00013" HPOS="277" VPOS="638" WIDTH="87"/>
						<String ID="P26_ST00017" HPOS="364" VPOS="601" WIDTH="79" HEIGHT="24" CONTENT="sister" WC="0.57" CC="584700"/>
						<SP ID="P26_SP00014" HPOS="443" VPOS="638" WIDTH="13"/>
						<String ID="P26_ST00018" HPOS="456" VPOS="600" WIDTH="140" HEIGHT="29" CONTENT="Millicent," WC="0.77" CC="5530400400"/>
						<SP ID="P26_SP00015" HPOS="596" VPOS="638" WIDTH="16"/>
						<String ID="P26_ST00019" HPOS="612" VPOS="608" WIDTH="29" HEIGHT="15" CONTENT="as" WC="0.57" CC="08"/>
						<SP ID="P26_SP00016" HPOS="641" VPOS="638" WIDTH="16"/>
						<String ID="P26_ST00020" HPOS="657" VPOS="598" WIDTH="99" HEIGHT="25" CONTENT="Esther" WC="0.89" CC="111001"/>
						<SP ID="P26_SP00017" HPOS="756" VPOS="638" WIDTH="19"/>
						<String ID="P26_ST00021" HPOS="775" VPOS="597" WIDTH="53" HEIGHT="25" CONTENT="and" WC="0.61" CC="253"/>
						<SP ID="P26_SP00018" HPOS="828" VPOS="638" WIDTH="17"/>
						<String ID="P26_ST00022" HPOS="845" VPOS="596" WIDTH="152" HEIGHT="25" CONTENT="Constance" WC="0.81" CC="202000704"/>
					</TextLine>
					<TextLine ID="P26_TL00005" HPOS="131" VPOS="634" WIDTH="473" HEIGHT="46">
						<String ID="P26_ST00023" HPOS="131" VPOS="634" WIDTH="69" HEIGHT="46" CONTENT="rjjKI" WC="0.18" CC="88588"/>
						<SP ID="P26_SP00019" HPOS="200" VPOS="680" WIDTH="99"/>
						<String ID="P26_ST00024" HPOS="299" VPOS="643" WIDTH="79" HEIGHT="32" CONTENT="again" WC="0.79" CC="00062"/>
						<SP ID="P26_SP00020" HPOS="378" VPOS="680" WIDTH="14"/>
						<String ID="P26_ST00025" HPOS="392" VPOS="650" WIDTH="76" HEIGHT="16" CONTENT="came" WC="0.94" CC="0020"/>
						<SP ID="P26_SP00021" HPOS="468" VPOS="680" WIDTH="13"/>
						<String ID="P26_ST00026" HPOS="481" VPOS="642" WIDTH="27" HEIGHT="24" CONTENT="in" WC="0.53" CC="44"/>
						<SP ID="P26_SP00022" HPOS="508" VPOS="680" WIDTH="16"/>
						<String ID="P26_ST00027" HPOS="524" VPOS="641" WIDTH="80" HEIGHT="32" CONTENT="sight." WC="0.83" CC="402200"/>
					</TextLine>
					<TextLine ID="P26_TL00006" HPOS="132" VPOS="671" WIDTH="865" HEIGHT="45">
						<String ID="P26_ST00028" HPOS="132" VPOS="671" WIDTH="144" HEIGHT="37" CONTENT="swffll" WC="0.19" CC="887777"/>
						<SP ID="P26_SP00023" HPOS="276" VPOS="708" WIDTH="58"/>
						<String ID="P26_ST00029" HPOS="334" VPOS="684" WIDTH="77" HEIGHT="32" CONTENT="They" WC="0.88" CC="0004"/>
						<SP ID="P26_SP00024" HPOS="411" VPOS="716" WIDTH="9"/>
						<String ID="P26_ST00030" HPOS="420" VPOS="684" WIDTH="51" HEIGHT="25" CONTENT="had" WC="0.84" CC="040"/>
						<SP ID="P26_SP00025" HPOS="471" VPOS="716" WIDTH="9"/>
						<String ID="P26_ST00031" HPOS="480" VPOS="688" WIDTH="47" HEIGHT="20" CONTENT="not" WC="0.80" CC="500"/>
						<SP ID="P26_SP00026" HPOS="527" VPOS="716" WIDTH="9"/>
						<String ID="P26_ST00032" HPOS="536" VPOS="683" WIDTH="89" HEIGHT="32" CONTENT="begun" WC="0.78" CC="00406"/>
						<SP ID="P26_SP00027" HPOS="625" VPOS="716" WIDTH="9"/>
						<String ID="P26_ST00033" HPOS="634" VPOS="682" WIDTH="70" HEIGHT="25" CONTENT="their" WC="0.89" CC="00050"/>
						<SP ID="P26_SP00028" HPOS="704" VPOS="716" WIDTH="8"/>
						<String ID="P26_ST00034" HPOS="712" VPOS="689" WIDTH="89" HEIGHT="25" CONTENT="game," WC="0.87" CC="41000"/>
						<SP ID="P26_SP00029" HPOS="801" VPOS="716" WIDTH="8"/>
						<String ID="P26_ST00035" HPOS="809" VPOS="688" WIDTH="30" HEIGHT="16" CONTENT="as" WC="0.79" CC="40"/>
						<SP ID="P26_SP00030" HPOS="839" VPOS="716" WIDTH="7"/>
						<String ID="P26_ST00036" HPOS="846" VPOS="681" WIDTH="151" HEIGHT="24" CONTENT="Constance" WC="0.79" CC="201000607"/>
					</TextLine>
					<TextLine ID="P26_TL00007" HPOS="96" VPOS="722" WIDTH="901" HEIGHT="34">
						<String ID="P26_ST00037" HPOS="96" VPOS="725" WIDTH="169" HEIGHT="31" CONTENT="anticipated," WC="0.78" CC="460283000000"/>
						<SP ID="P26_SP00031" HPOS="265" VPOS="756" WIDTH="17"/>
						<String ID="P26_ST00038" HPOS="282" VPOS="726" WIDTH="45" HEIGHT="23" CONTENT="but" WC="0.92" CC="002"/>
						<SP ID="P26_SP00032" HPOS="327" VPOS="756" WIDTH="21"/>
						<String ID="P26_ST00039" HPOS="348" VPOS="726" WIDTH="51" HEIGHT="23" CONTENT="had" WC="0.87" CC="003"/>
						<SP ID="P26_SP00033" HPOS="399" VPOS="756" WIDTH="21"/>
						<String ID="P26_ST00040" HPOS="420" VPOS="729" WIDTH="40" HEIGHT="20" CONTENT="sat" WC="1.00" CC="000"/>
						<SP ID="P26_SP00034" HPOS="460" VPOS="756" WIDTH="20"/>
						<String ID="P26_ST00041" HPOS="480" VPOS="725" WIDTH="74" HEIGHT="24" CONTENT="there" WC="0.92" CC="03000"/>
						<SP ID="P26_SP00035" HPOS="554" VPOS="756" WIDTH="13"/>
						<String ID="P26_ST00042" HPOS="567" VPOS="724" WIDTH="112" HEIGHT="32" CONTENT="waiting" WC="0.61" CC="4050555"/>
						<SP ID="P26_SP00036" HPOS="679" VPOS="756" WIDTH="17"/>
						<String ID="P26_ST00043" HPOS="696" VPOS="723" WIDTH="40" HEIGHT="25" CONTENT="for" WC="0.80" CC="500"/>
						<SP ID="P26_SP00037" HPOS="736" VPOS="756" WIDTH="16"/>
						<String ID="P26_ST00044" HPOS="752" VPOS="723" WIDTH="46" HEIGHT="25" CONTENT="the" WC="1.00" CC="000"/>
						<SP ID="P26_SP00038" HPOS="798" VPOS="756" WIDTH="19"/>
						<String ID="P26_ST00045" HPOS="817" VPOS="726" WIDTH="114" HEIGHT="26" CONTENT="truants," WC="0.83" CC="00006150"/>
						<SP ID="P26_SP00039" HPOS="931" VPOS="756" WIDTH="15"/>
						<String ID="P26_ST00046" HPOS="946" VPOS="722" WIDTH="51" HEIGHT="24" CONTENT="and" WC="0.85" CC="400"/>
					</TextLine>
					<TextLine ID="P26_TL00008" HPOS="97" VPOS="764" WIDTH="899" HEIGHT="34">
						<String ID="P26_ST00047" HPOS="97" VPOS="767" WIDTH="168" HEIGHT="31" CONTENT="speculating" WC="0.80" CC="00005020543"/>
						<SP ID="P26_SP00040" HPOS="265" VPOS="798" WIDTH="19"/>
						<String ID="P26_ST00048" HPOS="284" VPOS="775" WIDTH="34" HEIGHT="16" CONTENT="on" WC="0.79" CC="04"/>
						<SP ID="P26_SP00041" HPOS="318" VPOS="798" WIDTH="20"/>
						<String ID="P26_ST00049" HPOS="338" VPOS="766" WIDTH="45" HEIGHT="25" CONTENT="the" WC="1.00" CC="000"/>
						<SP ID="P26_SP00042" HPOS="383" VPOS="798" WIDTH="21"/>
						<String ID="P26_ST00050" HPOS="404" VPOS="774" WIDTH="82" HEIGHT="17" CONTENT="cause" WC="0.75" CC="06500"/>
						<SP ID="P26_SP00043" HPOS="486" VPOS="798" WIDTH="24"/>
						<String ID="P26_ST00051" HPOS="510" VPOS="765" WIDTH="30" HEIGHT="26" CONTENT="of" WC="0.98" CC="00"/>
						<SP ID="P26_SP00044" HPOS="540" VPOS="798" WIDTH="21"/>
						<String ID="P26_ST00052" HPOS="561" VPOS="765" WIDTH="70" HEIGHT="25" CONTENT="their" WC="0.84" CC="00070"/>
						<SP ID="P26_SP00045" HPOS="631" VPOS="798" WIDTH="25"/>
						<String ID="P26_ST00053" HPOS="656" VPOS="765" WIDTH="126" HEIGHT="24" CONTENT="absence." WC="0.92" CC="00006000"/>
						<SP ID="P26_SP00046" HPOS="782" VPOS="798" WIDTH="38"/>
						<String ID="P26_ST00054" HPOS="820" VPOS="764" WIDTH="59" HEIGHT="24" CONTENT="The" WC="0.89" CC="110"/>
						<SP ID="P26_SP00047" HPOS="879" VPOS="798" WIDTH="27"/>
						<String ID="P26_ST00055" HPOS="906" VPOS="772" WIDTH="90" HEIGHT="24" CONTENT="many" SUBS_TYPE="HypPart1" SUBS_CONTENT="manycoloured" WC="0.71" CC="60402"/>
						<HYP CONTENT="-"/>
					</TextLine>
					<TextLine ID="P26_TL00009" HPOS="96" VPOS="805" WIDTH="901" HEIGHT="35">
						<String ID="P26_ST00056" HPOS="96" VPOS="808" WIDTH="124" HEIGHT="24" CONTENT="coloured" SUBS_TYPE="HypPart2" SUBS_CONTENT="manycoloured" WC="0.91" CC="02004000"/>
						<SP ID="P26_SP00048" HPOS="220" VPOS="832" WIDTH="10"/>
						<String ID="P26_ST00057" HPOS="230" VPOS="809" WIDTH="106" HEIGHT="23" CONTENT="mallets" WC="0.81" CC="5040030"/>
						<SP ID="P26_SP00049" HPOS="336" VPOS="832" WIDTH="11"/>
						<String ID="P26_ST00058" HPOS="347" VPOS="809" WIDTH="51" HEIGHT="23" CONTENT="and" WC="0.73" CC="160"/>
						<SP ID="P26_SP00050" HPOS="398" VPOS="832" WIDTH="14"/>
						<String ID="P26_ST00059" HPOS="412" VPOS="808" WIDTH="68" HEIGHT="23" CONTENT="balls" WC="0.94" CC="02000"/>
						<SP ID="P26_SP00051" HPOS="480" VPOS="832" WIDTH="10"/>
						<String ID="P26_ST00060" HPOS="490" VPOS="808" WIDTH="44" HEIGHT="32" CONTENT="lay" WC="0.88" CC="201"/>
						<SP ID="P26_SP00052" HPOS="534" VPOS="840" WIDTH="10"/>
						<String ID="P26_ST00061" HPOS="544" VPOS="815" WIDTH="34" HEIGHT="17" CONTENT="on" WC="0.29" CC="85"/>
						<SP ID="P26_SP00053" HPOS="578" VPOS="840" WIDTH="13"/>
						<String ID="P26_ST00062" HPOS="591" VPOS="807" WIDTH="46" HEIGHT="24" CONTENT="the" WC="0.98" CC="000"/>
						<SP ID="P26_SP00054" HPOS="637" VPOS="840" WIDTH="11"/>
						<String ID="P26_ST00063" HPOS="648" VPOS="815" WIDTH="78" HEIGHT="24" CONTENT="grass" WC="0.91" CC="30000"/>
						<SP ID="P26_SP00055" HPOS="726" VPOS="840" WIDTH="11"/>
						<String ID="P26_ST00064" HPOS="737" VPOS="810" WIDTH="26" HEIGHT="21" CONTENT="at" WC="1.00" CC="00"/>
						<SP ID="P26_SP00056" HPOS="763" VPOS="840" WIDTH="11"/>
						<String ID="P26_ST00065" HPOS="774" VPOS="805" WIDTH="71" HEIGHT="26" CONTENT="their" WC="0.87" CC="00060"/>
						<SP ID="P26_SP00057" HPOS="845" VPOS="840" WIDTH="10"/>
						<String ID="P26_ST00066" HPOS="855" VPOS="805" WIDTH="61" HEIGHT="25" CONTENT="feet." WC="0.87" CC="00060"/>
						<SP ID="P26_SP00058" HPOS="916" VPOS="840" WIDTH="23"/>
						<String ID="P26_ST00067" HPOS="939" VPOS="805" WIDTH="58" HEIGHT="25" CONTENT="The" WC="0.84" CC="400"/>
					</TextLine>
					<TextLine ID="P26_TL00010" HPOS="96" VPOS="846" WIDTH="903" HEIGHT="35">
						<String ID="P26_ST00068" HPOS="96" VPOS="850" WIDTH="152" HEIGHT="31" CONTENT="gentlemen" WC="0.68" CC="006270705"/>
						<String ID="P26_ST00069" HPOS="250" VPOS="865" WIDTH="34" HEIGHT="2" CONTENT="—" WC="0.20" CC="8"/>
						<String ID="P26_ST00070" HPOS="286" VPOS="849" WIDTH="116" HEIGHT="32" CONTENT="namely," WC="0.80" CC="3400320"/>
						<SP ID="P26_SP00059" HPOS="402" VPOS="881" WIDTH="14"/>
						<String ID="P26_ST00071" HPOS="416" VPOS="849" WIDTH="70" HEIGHT="24" CONTENT="their" WC="0.98" CC="00000"/>
						<SP ID="P26_SP00060" HPOS="486" VPOS="881" WIDTH="11"/>
						<String ID="P26_ST00072" HPOS="497" VPOS="848" WIDTH="88" HEIGHT="25" CONTENT="father" WC="0.99" CC="000000"/>
						<SP ID="P26_SP00061" HPOS="585" VPOS="881" WIDTH="12"/>
						<String ID="P26_ST00073" HPOS="597" VPOS="849" WIDTH="53" HEIGHT="24" CONTENT="and" WC="0.80" CC="032"/>
						<SP ID="P26_SP00062" HPOS="650" VPOS="881" WIDTH="19"/>
						<String ID="P26_ST00074" HPOS="669" VPOS="848" WIDTH="71" HEIGHT="24" CONTENT="their" WC="0.95" CC="00010"/>
						<SP ID="P26_SP00063" HPOS="740" VPOS="881" WIDTH="16"/>
						<String ID="P26_ST00075" HPOS="756" VPOS="848" WIDTH="110" HEIGHT="24" CONTENT="father's" WC="0.93" CC="01000030"/>
						<SP ID="P26_SP00064" HPOS="866" VPOS="881" WIDTH="14"/>
						<String ID="P26_ST00076" HPOS="880" VPOS="846" WIDTH="83" HEIGHT="25" CONTENT="friend" WC="0.70" CC="204064"/>
						<String ID="P26_ST00077" HPOS="965" VPOS="861" WIDTH="34" HEIGHT="4" CONTENT="—" WC="0.20" CC="8"/>
					</TextLine>
					<TextLine ID="P26_TL00011" HPOS="96" VPOS="888" WIDTH="900" HEIGHT="35">
						<String ID="P26_ST00078" HPOS="96" VPOS="891" WIDTH="52" HEIGHT="24" CONTENT="had" WC="0.64" CC="505"/>
						<SP ID="P26_SP00065" HPOS="148" VPOS="915" WIDTH="14"/>
						<String ID="P26_ST00079" HPOS="162" VPOS="892" WIDTH="107" HEIGHT="23" CONTENT="strolled" WC="0.85" CC="13402000"/>
						<SP ID="P26_SP00066" HPOS="269" VPOS="915" WIDTH="18"/>
						<String ID="P26_ST00080" HPOS="287" VPOS="895" WIDTH="28" HEIGHT="20" CONTENT="to" WC="1.00" CC="00"/>
						<SP ID="P26_SP00067" HPOS="315" VPOS="915" WIDTH="19"/>
						<String ID="P26_ST00081" HPOS="334" VPOS="892" WIDTH="45" HEIGHT="23" CONTENT="the" WC="0.95" CC="010"/>
						<SP ID="P26_SP00068" HPOS="379" VPOS="915" WIDTH="17"/>
						<String ID="P26_ST00082" HPOS="396" VPOS="895" WIDTH="46" HEIGHT="28" CONTENT="top" WC="1.00" CC="000"/>
						<SP ID="P26_SP00069" HPOS="442" VPOS="923" WIDTH="14"/>
						<String ID="P26_ST00083" HPOS="456" VPOS="891" WIDTH="30" HEIGHT="24" CONTENT="of" WC="0.83" CC="03"/>
						<SP ID="P26_SP00070" HPOS="486" VPOS="923" WIDTH="14"/>
						<String ID="P26_ST00084" HPOS="500" VPOS="891" WIDTH="45" HEIGHT="24" CONTENT="the" WC="1.00" CC="000"/>
						<SP ID="P26_SP00071" HPOS="545" VPOS="923" WIDTH="14"/>
						<String ID="P26_ST00085" HPOS="559" VPOS="892" WIDTH="109" HEIGHT="30" CONTENT="garden," WC="0.74" CC="0036070"/>
						<SP ID="P26_SP00072" HPOS="668" VPOS="923" WIDTH="16"/>
						<String ID="P26_ST00086" HPOS="684" VPOS="891" WIDTH="52" HEIGHT="23" CONTENT="and" WC="0.82" CC="050"/>
						<SP ID="P26_SP00073" HPOS="736" VPOS="923" WIDTH="14"/>
						<String ID="P26_ST00087" HPOS="750" VPOS="898" WIDTH="68" HEIGHT="16" CONTENT="were" WC="0.89" CC="1020"/>
						<SP ID="P26_SP00074" HPOS="818" VPOS="923" WIDTH="15"/>
						<String ID="P26_ST00088" HPOS="833" VPOS="889" WIDTH="122" HEIGHT="32" CONTENT="engaged" WC="0.91" CC="0050000"/>
						<SP ID="P26_SP00075" HPOS="955" VPOS="923" WIDTH="17"/>
						<String ID="P26_ST00089" HPOS="972" VPOS="888" WIDTH="24" HEIGHT="25" CONTENT="in" WC="1.00" CC="00"/>
					</TextLine>
					<TextLine ID="P26_TL00012" HPOS="96" VPOS="931" WIDTH="901" HEIGHT="33">
						<String ID="P26_ST00090" HPOS="96" VPOS="932" WIDTH="154" HEIGHT="32" CONTENT="discussing" WC="0.68" CC="7405002550"/>
						<SP ID="P26_SP00076" HPOS="250" VPOS="964" WIDTH="11"/>
						<String ID="P26_ST00091" HPOS="261" VPOS="940" WIDTH="75" HEIGHT="17" CONTENT="some" WC="0.72" CC="0450"/>
						<SP ID="P26_SP00077" HPOS="336" VPOS="964" WIDTH="12"/>
						<String ID="P26_ST00092" HPOS="348" VPOS="932" WIDTH="72" HEIGHT="32" CONTENT="topic" WC="0.93" CC="00030"/>
						<SP ID="P26_SP00078" HPOS="420" VPOS="964" WIDTH="11"/>
						<String ID="P26_ST00093" HPOS="431" VPOS="931" WIDTH="30" HEIGHT="26" CONTENT="of" WC="0.96" CC="00"/>
						<SP ID="P26_SP00079" HPOS="461" VPOS="964" WIDTH="9"/>
						<String ID="P26_ST00094" HPOS="470" VPOS="932" WIDTH="45" HEIGHT="24" CONTENT="the" WC="1.00" CC="000"/>
						<SP ID="P26_SP00080" HPOS="515" VPOS="964" WIDTH="15"/>
						<String ID="P26_ST00095" HPOS="530" VPOS="933" WIDTH="63" HEIGHT="31" CONTENT="day;" WC="0.59" CC="4127"/>
						<SP ID="P26_SP00081" HPOS="593" VPOS="964" WIDTH="16"/>
						<String ID="P26_ST00096" HPOS="609" VPOS="933" WIDTH="53" HEIGHT="23" CONTENT="and" WC="0.95" CC="100"/>
						<SP ID="P26_SP00082" HPOS="662" VPOS="964" WIDTH="13"/>
						<String ID="P26_ST00097" HPOS="675" VPOS="931" WIDTH="45" HEIGHT="25" CONTENT="the" WC="1.00" CC="000"/>
						<SP ID="P26_SP00083" HPOS="720" VPOS="964" WIDTH="14"/>
						<String ID="P26_ST00098" HPOS="734" VPOS="939" WIDTH="92" HEIGHT="25" CONTENT="young" WC="0.55" CC="11566"/>
						<SP ID="P26_SP00084" HPOS="826" VPOS="964" WIDTH="10"/>
						<String ID="P26_ST00099" HPOS="836" VPOS="931" WIDTH="84" HEIGHT="25" CONTENT="ladies" WC="0.79" CC="200603"/>
						<SP ID="P26_SP00085" HPOS="920" VPOS="964" WIDTH="11"/>
						<String ID="P26_ST00100" HPOS="931" VPOS="939" WIDTH="66" HEIGHT="17" CONTENT="were" WC="1.00" CC="0000"/>
					</TextLine>
					<TextLine ID="P26_TL00013" HPOS="97" VPOS="974" WIDTH="820" HEIGHT="32">
						<String ID="P26_ST00101" HPOS="97" VPOS="979" WIDTH="47" HEIGHT="19" CONTENT="not" WC="0.78" CC="600"/>
						<SP ID="P26_SP00086" HPOS="144" VPOS="998" WIDTH="12"/>
						<String ID="P26_ST00102" HPOS="156" VPOS="982" WIDTH="15" HEIGHT="16" CONTENT="a" WC="0.56" CC="4"/>
						<SP ID="P26_SP00087" HPOS="171" VPOS="998" WIDTH="13"/>
						<String ID="P26_ST00103" HPOS="184" VPOS="975" WIDTH="66" HEIGHT="23" CONTENT="little" WC="0.69" CC="540520"/>
						<SP ID="P26_SP00088" HPOS="250" VPOS="998" WIDTH="15"/>
						<String ID="P26_ST00104" HPOS="265" VPOS="974" WIDTH="140" HEIGHT="32" CONTENT="impatient" WC="0.75" CC="606103030"/>
						<SP ID="P26_SP00089" HPOS="405" VPOS="1006" WIDTH="14"/>
						<String ID="P26_ST00105" HPOS="419" VPOS="974" WIDTH="30" HEIGHT="24" CONTENT="of" WC="1.00" CC="00"/>
						<SP ID="P26_SP00090" HPOS="449" VPOS="1006" WIDTH="14"/>
						<String ID="P26_ST00106" HPOS="463" VPOS="974" WIDTH="45" HEIGHT="24" CONTENT="the" WC="0.96" CC="010"/>
						<SP ID="P26_SP00091" HPOS="508" VPOS="1006" WIDTH="15"/>
						<String ID="P26_ST00107" HPOS="523" VPOS="974" WIDTH="77" HEIGHT="32" CONTENT="delay" WC="0.77" CC="50402"/>
						<SP ID="P26_SP00092" HPOS="600" VPOS="1006" WIDTH="13"/>
						<String ID="P26_ST00108" HPOS="613" VPOS="974" WIDTH="88" HEIGHT="24" CONTENT="which" WC="0.73" CC="16500"/>
						<SP ID="P26_SP00093" HPOS="701" VPOS="1006" WIDTH="14"/>
						<String ID="P26_ST00109" HPOS="715" VPOS="974" WIDTH="52" HEIGHT="23" CONTENT="had" WC="0.81" CC="005"/>
						<SP ID="P26_SP00094" HPOS="767" VPOS="1006" WIDTH="15"/>
						<String ID="P26_ST00110" HPOS="782" VPOS="974" WIDTH="135" HEIGHT="24" CONTENT="occurred." WC="0.85" CC="000060060"/>
					</TextLine>
					<TextLine ID="P26_TL00014" HPOS="130" VPOS="1014" WIDTH="860" HEIGHT="34">
						<String ID="P26_ST00111" HPOS="130" VPOS="1015" WIDTH="77" HEIGHT="33" CONTENT="They" WC="0.66" CC="5305"/>
						<SP ID="P26_SP00095" HPOS="207" VPOS="1048" WIDTH="19"/>
						<String ID="P26_ST00112" HPOS="226" VPOS="1019" WIDTH="41" HEIGHT="22" CONTENT="sat" WC="0.85" CC="400"/>
						<SP ID="P26_SP00096" HPOS="267" VPOS="1048" WIDTH="20"/>
						<String ID="P26_ST00113" HPOS="287" VPOS="1015" WIDTH="26" HEIGHT="25" CONTENT="in" WC="0.85" CC="02"/>
						<SP ID="P26_SP00097" HPOS="313" VPOS="1048" WIDTH="18"/>
						<String ID="P26_ST00114" HPOS="331" VPOS="1015" WIDTH="46" HEIGHT="25" CONTENT="the" WC="1.00" CC="000"/>
						<SP ID="P26_SP00098" HPOS="377" VPOS="1048" WIDTH="21"/>
						<String ID="P26_ST00115" HPOS="398" VPOS="1015" WIDTH="138" HEIGHT="31" CONTENT="sunshine," WC="0.76" CC="004026600"/>
						<SP ID="P26_SP00099" HPOS="536" VPOS="1048" WIDTH="14"/>
						<String ID="P26_ST00116" HPOS="550" VPOS="1015" WIDTH="65" HEIGHT="25" CONTENT="with" WC="0.79" CC="0520"/>
						<SP ID="P26_SP00100" HPOS="615" VPOS="1048" WIDTH="20"/>
						<String ID="P26_ST00117" HPOS="635" VPOS="1024" WIDTH="15" HEIGHT="16" CONTENT="a" WC="1.00" CC="0"/>
						<SP ID="P26_SP00101" HPOS="650" VPOS="1048" WIDTH="18"/>
						<String ID="P26_ST00118" HPOS="668" VPOS="1015" WIDTH="175" HEIGHT="32" CONTENT="background" WC="0.84" CC="7000800000"/>
						<SP ID="P26_SP00102" HPOS="843" VPOS="1048" WIDTH="20"/>
						<String ID="P26_ST00119" HPOS="863" VPOS="1014" WIDTH="29" HEIGHT="26" CONTENT="of" WC="1.00" CC="00"/>
						<SP ID="P26_SP00103" HPOS="892" VPOS="1048" WIDTH="16"/>
						<String ID="P26_ST00120" HPOS="908" VPOS="1023" WIDTH="82" HEIGHT="21" CONTENT="roses," WC="0.95" CC="300000"/>
					</TextLine>
					<TextLine ID="P26_TL00015" HPOS="97" VPOS="1056" WIDTH="899" HEIGHT="26">
						<String ID="P26_ST00121" HPOS="97" VPOS="1057" WIDTH="86" HEIGHT="25" CONTENT="which" WC="0.95" CC="00200"/>
						<SP ID="P26_SP00104" HPOS="183" VPOS="1082" WIDTH="22"/>
						<String ID="P26_ST00122" HPOS="205" VPOS="1057" WIDTH="132" HEIGHT="24" CONTENT="clustered" WC="0.97" CC="010000000"/>
						<SP ID="P26_SP00105" HPOS="337" VPOS="1082" WIDTH="22"/>
						<String ID="P26_ST00123" HPOS="359" VPOS="1058" WIDTH="33" HEIGHT="23" CONTENT="all" WC="0.69" CC="170"/>
						<SP ID="P26_SP00106" HPOS="392" VPOS="1082" WIDTH="22"/>
						<String ID="P26_ST00124" HPOS="414" VPOS="1065" WIDTH="63" HEIGHT="17" CONTENT="over" WC="0.94" CC="2000"/>
						<SP ID="P26_SP00107" HPOS="477" VPOS="1082" WIDTH="20"/>
						<String ID="P26_ST00125" HPOS="497" VPOS="1057" WIDTH="46" HEIGHT="24" CONTENT="the" WC="1.00" CC="000"/>
						<SP ID="P26_SP00108" HPOS="543" VPOS="1082" WIDTH="21"/>
						<String ID="P26_ST00126" HPOS="564" VPOS="1057" WIDTH="70" HEIGHT="24" CONTENT="front" WC="0.97" CC="00001"/>
						<SP ID="P26_SP00109" HPOS="634" VPOS="1082" WIDTH="22"/>
						<String ID="P26_ST00127" HPOS="656" VPOS="1059" WIDTH="25" HEIGHT="23" CONTENT="ot" WC="0.58" CC="08"/>
						<SP ID="P26_SP00110" HPOS="681" VPOS="1082" WIDTH="25"/>
						<String ID="P26_ST00128" HPOS="706" VPOS="1058" WIDTH="45" HEIGHT="23" CONTENT="the" WC="0.93" CC="020"/>
						<SP ID="P26_SP00111" HPOS="751" VPOS="1082" WIDTH="25"/>
						<String ID="P26_ST00129" HPOS="776" VPOS="1058" WIDTH="94" HEIGHT="23" CONTENT="house." WC="0.90" CC="105000"/>
						<SP ID="P26_SP00112" HPOS="870" VPOS="1082" WIDTH="38"/>
						<String ID="P26_ST00130" HPOS="908" VPOS="1056" WIDTH="88" HEIGHT="24" CONTENT="There" WC="0.86" CC="60000"/>
					</TextLine>
					<TextLine ID="P26_TL00016" HPOS="98" VPOS="1098" WIDTH="899" HEIGHT="33">
						<String ID="P26_ST00131" HPOS="98" VPOS="1107" WIDTH="67" HEIGHT="17" CONTENT="were" WC="0.91" CC="2010"/>
						<SP ID="P26_SP00113" HPOS="165" VPOS="1124" WIDTH="21"/>
						<String ID="P26_ST00132" HPOS="186" VPOS="1107" WIDTH="73" HEIGHT="16" CONTENT="roses" WC="1.00" CC="00000"/>
						<SP ID="P26_SP00114" HPOS="259" VPOS="1124" WIDTH="23"/>
						<String ID="P26_ST00133" HPOS="282" VPOS="1098" WIDTH="86" HEIGHT="32" CONTENT="single" WC="0.70" CC="064060"/>
						<SP ID="P26_SP00115" HPOS="368" VPOS="1130" WIDTH="22"/>
						<String ID="P26_ST00134" HPOS="390" VPOS="1099" WIDTH="52" HEIGHT="25" CONTENT="and" WC="0.72" CC="350"/>
						<SP ID="P26_SP00116" HPOS="442" VPOS="1130" WIDTH="22"/>
						<String ID="P26_ST00135" HPOS="464" VPOS="1098" WIDTH="25" HEIGHT="25" CONTENT="in" WC="0.65" CC="33"/>
						<SP ID="P26_SP00117" HPOS="489" VPOS="1130" WIDTH="19"/>
						<String ID="P26_ST00136" HPOS="508" VPOS="1098" WIDTH="72" HEIGHT="32" CONTENT="pairs" WC="0.79" CC="01602"/>
						<String ID="P26_ST00137" HPOS="582" VPOS="1113" WIDTH="34" HEIGHT="4" CONTENT="—" WC="0.20" CC="8"/>
						<String ID="P26_ST00138" HPOS="618" VPOS="1107" WIDTH="75" HEIGHT="17" CONTENT="roses" WC="0.99" CC="00000"/>
						<SP ID="P26_SP00118" HPOS="693" VPOS="1130" WIDTH="13"/>
						<String ID="P26_ST00139" HPOS="706" VPOS="1099" WIDTH="34" HEIGHT="32" CONTENT="by" WC="0.92" CC="01"/>
						<SP ID="P26_SP00119" HPOS="740" VPOS="1131" WIDTH="13"/>
						<String ID="P26_ST00140" HPOS="753" VPOS="1099" WIDTH="91" HEIGHT="25" CONTENT="threes" WC="1.00" CC="000000"/>
						<SP ID="P26_SP00120" HPOS="844" VPOS="1131" WIDTH="14"/>
						<String ID="P26_ST00141" HPOS="858" VPOS="1099" WIDTH="53" HEIGHT="25" CONTENT="and" WC="0.71" CC="430"/>
						<SP ID="P26_SP00121" HPOS="911" VPOS="1131" WIDTH="14"/>
						<String ID="P26_ST00142" HPOS="925" VPOS="1098" WIDTH="72" HEIGHT="26" CONTENT="fours" WC="0.74" CC="34004"/>
					</TextLine>
					<TextLine ID="P26_TL00017" HPOS="98" VPOS="1139" WIDTH="898" HEIGHT="35">
						<String ID="P26_ST00143" HPOS="98" VPOS="1141" WIDTH="51" HEIGHT="23" CONTENT="and" WC="0.73" CC="061"/>
						<SP ID="P26_SP00122" HPOS="149" VPOS="1164" WIDTH="22"/>
						<String ID="P26_ST00144" HPOS="171" VPOS="1139" WIDTH="166" HEIGHT="25" CONTENT="half-dozens" WC="0.84" CC="10700006020"/>
						<SP ID="P26_SP00123" HPOS="337" VPOS="1164" WIDTH="23"/>
						<String ID="P26_ST00145" HPOS="360" VPOS="1148" WIDTH="34" HEIGHT="16" CONTENT="on" WC="0.70" CC="05"/>
						<SP ID="P26_SP00124" HPOS="394" VPOS="1164" WIDTH="22"/>
						<String ID="P26_ST00146" HPOS="416" VPOS="1148" WIDTH="16" HEIGHT="16" CONTENT="a" WC="1.00" CC="0"/>
						<SP ID="P26_SP00125" HPOS="432" VPOS="1164" WIDTH="21"/>
						<String ID="P26_ST00147" HPOS="453" VPOS="1141" WIDTH="86" HEIGHT="32" CONTENT="single" WC="0.83" CC="001350"/>
						<SP ID="P26_SP00126" HPOS="539" VPOS="1173" WIDTH="23"/>
						<String ID="P26_ST00148" HPOS="562" VPOS="1149" WIDTH="87" HEIGHT="25" CONTENT="spray," WC="0.80" CC="200350"/>
						<SP ID="P26_SP00127" HPOS="649" VPOS="1174" WIDTH="15"/>
						<String ID="P26_ST00149" HPOS="664" VPOS="1141" WIDTH="93" HEIGHT="33" CONTENT="laying" WC="0.68" CC="602540"/>
						<SP ID="P26_SP00128" HPOS="757" VPOS="1174" WIDTH="21"/>
						<String ID="P26_ST00150" HPOS="778" VPOS="1141" WIDTH="70" HEIGHT="24" CONTENT="their" WC="0.89" CC="00050"/>
						<SP ID="P26_SP00129" HPOS="848" VPOS="1174" WIDTH="13"/>
						<String ID="P26_ST00151" HPOS="861" VPOS="1141" WIDTH="83" HEIGHT="25" CONTENT="heads" WC="0.87" CC="00420"/>
						<SP ID="P26_SP00130" HPOS="944" VPOS="1174" WIDTH="14"/>
						<String ID="P26_ST00152" HPOS="958" VPOS="1146" WIDTH="38" HEIGHT="20" CONTENT="to" SUBS_TYPE="HypPart1" SUBS_CONTENT="together" WC="0.55" CC="705"/>
						<HYP CONTENT="-"/>
					</TextLine>
					<TextLine ID="P26_TL00018" HPOS="98" VPOS="1180" WIDTH="900" HEIGHT="33">
						<String ID="P26_ST00153" HPOS="98" VPOS="1180" WIDTH="93" HEIGHT="32" CONTENT="gether" SUBS_TYPE="HypPart2" SUBS_CONTENT="together" WC="1.00" CC="000000"/>
						<SP ID="P26_SP00131" HPOS="191" VPOS="1212" WIDTH="17"/>
						<String ID="P26_ST00154" HPOS="208" VPOS="1181" WIDTH="51" HEIGHT="25" CONTENT="like" WC="0.90" CC="3000"/>
						<SP ID="P26_SP00132" HPOS="259" VPOS="1212" WIDTH="19"/>
						<String ID="P26_ST00155" HPOS="278" VPOS="1181" WIDTH="92" HEIGHT="31" CONTENT="girlish" WC="0.89" CC="0200201"/>
						<SP ID="P26_SP00133" HPOS="370" VPOS="1212" WIDTH="21"/>
						<String ID="P26_ST00156" HPOS="391" VPOS="1182" WIDTH="116" HEIGHT="31" CONTENT="gossips." WC="0.96" CC="01001000"/>
						<SP ID="P26_SP00134" HPOS="507" VPOS="1213" WIDTH="38"/>
						<String ID="P26_ST00157" HPOS="545" VPOS="1181" WIDTH="61" HEIGHT="26" CONTENT="And" WC="0.76" CC="240"/>
						<SP ID="P26_SP00135" HPOS="606" VPOS="1213" WIDTH="19"/>
						<String ID="P26_ST00158" HPOS="625" VPOS="1182" WIDTH="46" HEIGHT="25" CONTENT="the" WC="1.00" CC="000"/>
						<SP ID="P26_SP00136" HPOS="671" VPOS="1213" WIDTH="14"/>
						<String ID="P26_ST00159" HPOS="685" VPOS="1183" WIDTH="94" HEIGHT="24" CONTENT="sisters" WC="0.80" CC="0607000"/>
						<SP ID="P26_SP00137" HPOS="779" VPOS="1213" WIDTH="14"/>
						<String ID="P26_ST00160" HPOS="793" VPOS="1183" WIDTH="44" HEIGHT="24" CONTENT="did" WC="0.86" CC="040"/>
						<SP ID="P26_SP00138" HPOS="837" VPOS="1213" WIDTH="15"/>
						<String ID="P26_ST00161" HPOS="852" VPOS="1186" WIDTH="47" HEIGHT="21" CONTENT="not" WC="0.84" CC="202"/>
						<SP ID="P26_SP00139" HPOS="899" VPOS="1213" WIDTH="13"/>
						<String ID="P26_ST00162" HPOS="912" VPOS="1183" WIDTH="57" HEIGHT="24" CONTENT="lose" WC="1.00" CC="0000"/>
						<SP ID="P26_SP00140" HPOS="969" VPOS="1213" WIDTH="14"/>
						<String ID="P26_ST00163" HPOS="983" VPOS="1190" WIDTH="15" HEIGHT="17" CONTENT="a" WC="0.69" CC="3"/>
					</TextLine>
					<TextLine ID="P26_TL00019" HPOS="98" VPOS="1223" WIDTH="900" HEIGHT="34">
						<String ID="P26_ST00164" HPOS="98" VPOS="1223" WIDTH="63" HEIGHT="23" CONTENT="whit" WC="0.78" CC="1060"/>
						<SP ID="P26_SP00141" HPOS="161" VPOS="1246" WIDTH="14"/>
						<String ID="P26_ST00165" HPOS="175" VPOS="1223" WIDTH="33" HEIGHT="31" CONTENT="by" WC="0.86" CC="20"/>
						<SP ID="P26_SP00142" HPOS="208" VPOS="1254" WIDTH="13"/>
						<String ID="P26_ST00166" HPOS="221" VPOS="1223" WIDTH="57" HEIGHT="23" CONTENT="that" WC="0.72" CC="0505"/>
						<SP ID="P26_SP00143" HPOS="278" VPOS="1254" WIDTH="15"/>
						<String ID="P26_ST00167" HPOS="293" VPOS="1223" WIDTH="171" HEIGHT="31" CONTENT="background" WC="0.82" CC="0200410160"/>
						<SP ID="P26_SP00144" HPOS="464" VPOS="1254" WIDTH="13"/>
						<String ID="P26_ST00168" HPOS="477" VPOS="1223" WIDTH="30" HEIGHT="24" CONTENT="of" WC="1.00" CC="00"/>
						<SP ID="P26_SP00145" HPOS="507" VPOS="1254" WIDTH="16"/>
						<String ID="P26_ST00169" HPOS="523" VPOS="1223" WIDTH="97" HEIGHT="25" CONTENT="bloom." WC="1.00" CC="000000"/>
						<SP ID="P26_SP00146" HPOS="620" VPOS="1254" WIDTH="37"/>
						<String ID="P26_ST00170" HPOS="657" VPOS="1223" WIDTH="79" HEIGHT="34" CONTENT="They" WC="0.56" CC="4624"/>
						<SP ID="P26_SP00147" HPOS="736" VPOS="1257" WIDTH="14"/>
						<String ID="P26_ST00171" HPOS="750" VPOS="1233" WIDTH="68" HEIGHT="16" CONTENT="were" WC="0.90" CC="0040"/>
						<SP ID="P26_SP00148" HPOS="818" VPOS="1257" WIDTH="15"/>
						<String ID="P26_ST00172" HPOS="833" VPOS="1224" WIDTH="165" HEIGHT="26" CONTENT="themselves" WC="0.96" CC="0000000300"/>
					</TextLine>
					<TextLine ID="P26_TL00020" HPOS="99" VPOS="1263" WIDTH="900" HEIGHT="36">
						<String ID="P26_ST00173" HPOS="99" VPOS="1272" WIDTH="29" HEIGHT="16" CONTENT="as" WC="0.92" CC="10"/>
						<SP ID="P26_SP00149" HPOS="128" VPOS="1288" WIDTH="18"/>
						<String ID="P26_ST00174" HPOS="146" VPOS="1263" WIDTH="138" HEIGHT="33" CONTENT="blooming" WC="0.68" CC="77000333"/>
						<SP ID="P26_SP00150" HPOS="284" VPOS="1296" WIDTH="18"/>
						<String ID="P26_ST00175" HPOS="302" VPOS="1272" WIDTH="29" HEIGHT="17" CONTENT="as" WC="1.00" CC="00"/>
						<SP ID="P26_SP00151" HPOS="331" VPOS="1296" WIDTH="19"/>
						<String ID="P26_ST00176" HPOS="350" VPOS="1265" WIDTH="46" HEIGHT="24" CONTENT="the" WC="0.91" CC="020"/>
						<SP ID="P26_SP00152" HPOS="396" VPOS="1296" WIDTH="18"/>
						<String ID="P26_ST00177" HPOS="414" VPOS="1264" WIDTH="105" HEIGHT="26" CONTENT="flowers" WC="0.73" CC="8400301"/>
						<String ID="P26_ST00178" HPOS="528" VPOS="1273" WIDTH="7" HEIGHT="22" CONTENT=";" WC="0.38" CC="6"/>
						<SP ID="P26_SP00153" HPOS="535" VPOS="1296" WIDTH="20"/>
						<String ID="P26_ST00179" HPOS="555" VPOS="1265" WIDTH="105" HEIGHT="30" CONTENT="indeed," WC="0.76" CC="6230012"/>
						<SP ID="P26_SP00154" HPOS="660" VPOS="1296" WIDTH="15"/>
						<String ID="P26_ST00180" HPOS="675" VPOS="1266" WIDTH="64" HEIGHT="33" CONTENT="they" WC="0.89" CC="0004"/>
						<SP ID="P26_SP00155" HPOS="739" VPOS="1299" WIDTH="13"/>
						<String ID="P26_ST00181" HPOS="752" VPOS="1267" WIDTH="54" HEIGHT="24" CONTENT="had" WC="0.98" CC="000"/>
						<SP ID="P26_SP00156" HPOS="806" VPOS="1299" WIDTH="13"/>
						<String ID="P26_ST00182" HPOS="819" VPOS="1267" WIDTH="69" HEIGHT="24" CONTENT="been" WC="0.74" CC="5004"/>
						<SP ID="P26_SP00157" HPOS="888" VPOS="1299" WIDTH="14"/>
						<String ID="P26_ST00183" HPOS="902" VPOS="1268" WIDTH="97" HEIGHT="24" CONTENT="named" WC="0.87" CC="60000"/>
					</TextLine>
					<TextLine ID="P26_TL00021" HPOS="99" VPOS="1305" WIDTH="900" HEIGHT="32">
						<String ID="P26_ST00184" HPOS="99" VPOS="1305" WIDTH="26" HEIGHT="24" CONTENT="in" WC="0.25" CC="77"/>
						<SP ID="P26_SP00158" HPOS="125" VPOS="1329" WIDTH="19"/>
						<String ID="P26_ST00185" HPOS="144" VPOS="1305" WIDTH="46" HEIGHT="24" CONTENT="the" WC="0.91" CC="200"/>
						<SP ID="P26_SP00159" HPOS="190" VPOS="1329" WIDTH="25"/>
						<String ID="P26_ST00186" HPOS="215" VPOS="1306" WIDTH="219" HEIGHT="31" CONTENT="neighbourhood" WC="0.86" CC="4052000300100"/>
						<SP ID="P26_SP00160" HPOS="434" VPOS="1337" WIDTH="24"/>
						<String ID="P26_ST00187" HPOS="458" VPOS="1306" WIDTH="45" HEIGHT="24" CONTENT="the" WC="0.88" CC="030"/>
						<SP ID="P26_SP00161" HPOS="503" VPOS="1337" WIDTH="27"/>
						<String ID="P26_ST00188" HPOS="530" VPOS="1306" WIDTH="136" HEIGHT="26" CONTENT="Redhurst" WC="0.90" CC="00007100"/>
						<SP ID="P26_SP00162" HPOS="666" VPOS="1337" WIDTH="26"/>
						<String ID="P26_ST00189" HPOS="692" VPOS="1307" WIDTH="98" HEIGHT="25" CONTENT="Roses." WC="0.91" CC="230000"/>
						<SP ID="P26_SP00163" HPOS="790" VPOS="1337" WIDTH="49"/>
						<String ID="P26_ST00190" HPOS="839" VPOS="1308" WIDTH="61" HEIGHT="25" CONTENT="The" WC="0.79" CC="500"/>
						<SP ID="P26_SP00164" HPOS="900" VPOS="1337" WIDTH="25"/>
						<String ID="P26_ST00191" HPOS="925" VPOS="1309" WIDTH="74" HEIGHT="25" CONTENT="three" WC="0.82" CC="02060"/>
					</TextLine>
					<TextLine ID="P26_TL00022" HPOS="99" VPOS="1346" WIDTH="900" HEIGHT="37">
						<String ID="P26_ST00192" HPOS="99" VPOS="1346" WIDTH="93" HEIGHT="25" CONTENT="sisters" WC="0.86" CC="3402000"/>
						<SP ID="P26_SP00165" HPOS="192" VPOS="1371" WIDTH="12"/>
						<String ID="P26_ST00193" HPOS="204" VPOS="1355" WIDTH="68" HEIGHT="16" CONTENT="were" WC="0.94" CC="1000"/>
						<SP ID="P26_SP00166" HPOS="272" VPOS="1371" WIDTH="15"/>
						<String ID="P26_ST00194" HPOS="287" VPOS="1346" WIDTH="99" HEIGHT="32" CONTENT="perfect" WC="0.91" CC="0060000"/>
						<SP ID="P26_SP00167" HPOS="386" VPOS="1378" WIDTH="13"/>
						<String ID="P26_ST00195" HPOS="399" VPOS="1348" WIDTH="114" HEIGHT="24" CONTENT="marvels" WC="0.95" CC="0000002"/>
						<SP ID="P26_SP00168" HPOS="513" VPOS="1378" WIDTH="15"/>
						<String ID="P26_ST00196" HPOS="528" VPOS="1347" WIDTH="30" HEIGHT="25" CONTENT="of" WC="1.00" CC="00"/>
						<SP ID="P26_SP00169" HPOS="558" VPOS="1378" WIDTH="14"/>
						<String ID="P26_ST00197" HPOS="572" VPOS="1348" WIDTH="124" HEIGHT="32" CONTENT="youthful" WC="0.76" CC="30040054"/>
						<SP ID="P26_SP00170" HPOS="696" VPOS="1380" WIDTH="13"/>
						<String ID="P26_ST00198" HPOS="709" VPOS="1349" WIDTH="101" HEIGHT="32" CONTENT="beauty" WC="0.92" CC="000004"/>
						<String ID="P26_ST00199" HPOS="820" VPOS="1357" WIDTH="6" HEIGHT="22" CONTENT=";" WC="0.95" CC="0"/>
						<SP ID="P26_SP00171" HPOS="826" VPOS="1381" WIDTH="15"/>
						<String ID="P26_ST00200" HPOS="841" VPOS="1350" WIDTH="46" HEIGHT="25" CONTENT="the" WC="1.00" CC="000"/>
						<SP ID="P26_SP00172" HPOS="887" VPOS="1381" WIDTH="14"/>
						<String ID="P26_ST00201" HPOS="901" VPOS="1350" WIDTH="98" HEIGHT="33" CONTENT="beauty" WC="0.85" CC="300104"/>
					</TextLine>
					<TextLine ID="P26_TL00023" HPOS="99" VPOS="1387" WIDTH="901" HEIGHT="37">
						<String ID="P26_ST00202" HPOS="99" VPOS="1388" WIDTH="87" HEIGHT="24" CONTENT="which" WC="0.65" CC="43620"/>
						<SP ID="P26_SP00173" HPOS="186" VPOS="1412" WIDTH="20"/>
						<String ID="P26_ST00203" HPOS="206" VPOS="1387" WIDTH="116" HEIGHT="25" CONTENT="consists" WC="0.91" CC="00205000"/>
						<SP ID="P26_SP00174" HPOS="322" VPOS="1412" WIDTH="20"/>
						<String ID="P26_ST00204" HPOS="342" VPOS="1387" WIDTH="28" HEIGHT="24" CONTENT="in" WC="0.53" CC="53"/>
						<SP ID="P26_SP00175" HPOS="370" VPOS="1412" WIDTH="20"/>
						<String ID="P26_ST00205" HPOS="390" VPOS="1387" WIDTH="146" HEIGHT="31" CONTENT="freshness," WC="0.93" CC="0000050000"/>
						<SP ID="P26_SP00176" HPOS="536" VPOS="1418" WIDTH="18"/>
						<String ID="P26_ST00206" HPOS="554" VPOS="1389" WIDTH="53" HEIGHT="23" CONTENT="and" WC="0.71" CC="240"/>
						<SP ID="P26_SP00177" HPOS="607" VPOS="1418" WIDTH="17"/>
						<String ID="P26_ST00207" HPOS="624" VPOS="1389" WIDTH="99" HEIGHT="30" CONTENT="bloom," WC="0.73" CC="260006"/>
						<SP ID="P26_SP00178" HPOS="723" VPOS="1419" WIDTH="15"/>
						<String ID="P26_ST00208" HPOS="738" VPOS="1390" WIDTH="53" HEIGHT="23" CONTENT="and" WC="0.78" CC="060"/>
						<SP ID="P26_SP00179" HPOS="791" VPOS="1419" WIDTH="19"/>
						<String ID="P26_ST00209" HPOS="810" VPOS="1390" WIDTH="35" HEIGHT="24" CONTENT="all" WC="0.94" CC="100"/>
						<SP ID="P26_SP00180" HPOS="845" VPOS="1419" WIDTH="16"/>
						<String ID="P26_ST00210" HPOS="861" VPOS="1391" WIDTH="46" HEIGHT="25" CONTENT="the" WC="1.00" CC="000"/>
						<SP ID="P26_SP00181" HPOS="907" VPOS="1419" WIDTH="19"/>
						<String ID="P26_ST00211" HPOS="926" VPOS="1392" WIDTH="74" HEIGHT="32" CONTENT="gloss" WC="0.83" CC="03004"/>
					</TextLine>
					<TextLine ID="P26_TL00024" HPOS="100" VPOS="1428" WIDTH="900" HEIGHT="33">
						<String ID="P26_ST00212" HPOS="100" VPOS="1429" WIDTH="52" HEIGHT="23" CONTENT="and" WC="0.69" CC="170"/>
						<SP ID="P26_SP00182" HPOS="152" VPOS="1452" WIDTH="19"/>
						<String ID="P26_ST00213" HPOS="171" VPOS="1429" WIDTH="68" HEIGHT="32" CONTENT="glow" WC="0.83" CC="4200"/>
						<SP ID="P26_SP00183" HPOS="239" VPOS="1461" WIDTH="19"/>
						<String ID="P26_ST00214" HPOS="258" VPOS="1428" WIDTH="29" HEIGHT="25" CONTENT="of" WC="0.96" CC="00"/>
						<SP ID="P26_SP00184" HPOS="287" VPOS="1461" WIDTH="15"/>
						<String ID="P26_ST00215" HPOS="302" VPOS="1428" WIDTH="99" HEIGHT="24" CONTENT="health." WC="0.80" CC="1003123"/>
						<SP ID="P26_SP00185" HPOS="401" VPOS="1461" WIDTH="37"/>
						<String ID="P26_ST00216" HPOS="438" VPOS="1428" WIDTH="84" HEIGHT="25" CONTENT="Their" WC="0.77" CC="50050"/>
						<SP ID="P26_SP00186" HPOS="522" VPOS="1461" WIDTH="17"/>
						<String ID="P26_ST00217" HPOS="539" VPOS="1429" WIDTH="67" HEIGHT="32" CONTENT="light" WC="0.52" CC="31277"/>
						<SP ID="P26_SP00187" HPOS="606" VPOS="1461" WIDTH="21"/>
						<String ID="P26_ST00218" HPOS="627" VPOS="1438" WIDTH="119" HEIGHT="16" CONTENT="summer" WC="0.96" CC="000100"/>
						<SP ID="P26_SP00188" HPOS="746" VPOS="1461" WIDTH="16"/>
						<String ID="P26_ST00219" HPOS="762" VPOS="1435" WIDTH="122" HEIGHT="21" CONTENT="costume" WC="0.86" CC="0032030"/>
						<SP ID="P26_SP00189" HPOS="884" VPOS="1461" WIDTH="15"/>
						<String ID="P26_ST00220" HPOS="899" VPOS="1441" WIDTH="57" HEIGHT="17" CONTENT="was" WC="1.00" CC="000"/>
						<SP ID="P26_SP00190" HPOS="956" VPOS="1461" WIDTH="15"/>
						<String ID="P26_ST00221" HPOS="971" VPOS="1441" WIDTH="29" HEIGHT="17" CONTENT="as" WC="0.92" CC="10"/>
					</TextLine>
					<TextLine ID="P26_TL00025" HPOS="100" VPOS="1469" WIDTH="899" HEIGHT="38">
						<String ID="P26_ST00222" HPOS="100" VPOS="1469" WIDTH="71" HEIGHT="24" CONTENT="fresh" WC="0.93" CC="30000"/>
						<SP ID="P26_SP00191" HPOS="171" VPOS="1493" WIDTH="19"/>
						<String ID="P26_ST00223" HPOS="190" VPOS="1471" WIDTH="52" HEIGHT="23" CONTENT="and" WC="0.84" CC="040"/>
						<SP ID="P26_SP00192" HPOS="242" VPOS="1494" WIDTH="19"/>
						<String ID="P26_ST00224" HPOS="261" VPOS="1469" WIDTH="49" HEIGHT="25" CONTENT="fair" WC="0.65" CC="4611"/>
						<SP ID="P26_SP00193" HPOS="310" VPOS="1494" WIDTH="19"/>
						<String ID="P26_ST00225" HPOS="329" VPOS="1477" WIDTH="30" HEIGHT="17" CONTENT="as" WC="1.00" CC="00"/>
						<SP ID="P26_SP00194" HPOS="359" VPOS="1494" WIDTH="11"/>
						<String ID="P26_ST00226" HPOS="370" VPOS="1469" WIDTH="163" HEIGHT="25" CONTENT="themselves" WC="0.87" CC="4000005003"/>
						<SP ID="P26_SP00195" HPOS="533" VPOS="1494" WIDTH="11"/>
						<String ID="P26_ST00227" HPOS="544" VPOS="1477" WIDTH="7" HEIGHT="23" CONTENT=";" WC="0.27" CC="7"/>
						<SP ID="P26_SP00196" HPOS="551" VPOS="1500" WIDTH="21"/>
						<String ID="P26_ST00228" HPOS="572" VPOS="1471" WIDTH="52" HEIGHT="23" CONTENT="and" WC="0.75" CC="150"/>
						<SP ID="P26_SP00197" HPOS="624" VPOS="1500" WIDTH="14"/>
						<String ID="P26_ST00229" HPOS="638" VPOS="1478" WIDTH="30" HEIGHT="16" CONTENT="as" WC="1.00" CC="00"/>
						<SP ID="P26_SP00198" HPOS="668" VPOS="1500" WIDTH="13"/>
						<String ID="P26_ST00230" HPOS="681" VPOS="1471" WIDTH="64" HEIGHT="33" CONTENT="they" WC="0.84" CC="0006"/>
						<SP ID="P26_SP00199" HPOS="745" VPOS="1504" WIDTH="15"/>
						<String ID="P26_ST00231" HPOS="760" VPOS="1476" WIDTH="41" HEIGHT="21" CONTENT="sat" WC="0.85" CC="004"/>
						<SP ID="P26_SP00200" HPOS="801" VPOS="1504" WIDTH="14"/>
						<String ID="P26_ST00232" HPOS="815" VPOS="1473" WIDTH="86" HEIGHT="32" CONTENT="there," WC="0.96" CC="000100"/>
						<SP ID="P26_SP00201" HPOS="901" VPOS="1505" WIDTH="17"/>
						<String ID="P26_ST00233" HPOS="918" VPOS="1476" WIDTH="81" HEIGHT="31" CONTENT="ready" WC="0.88" CC="00006"/>
					</TextLine>
					<TextLine ID="P26_TL00026" HPOS="100" VPOS="1509" WIDTH="899" HEIGHT="36">
						<String ID="P26_ST00234" HPOS="100" VPOS="1509" WIDTH="40" HEIGHT="25" CONTENT="for" WC="0.65" CC="801"/>
						<SP ID="P26_SP00202" HPOS="140" VPOS="1534" WIDTH="22"/>
						<String ID="P26_ST00235" HPOS="162" VPOS="1511" WIDTH="70" HEIGHT="24" CONTENT="their" WC="0.89" CC="00130"/>
						<SP ID="P26_SP00203" HPOS="232" VPOS="1535" WIDTH="23"/>
						<String ID="P26_ST00236" HPOS="255" VPOS="1511" WIDTH="129" HEIGHT="25" CONTENT="favourite" WC="0.82" CC="450000600"/>
						<SP ID="P26_SP00204" HPOS="384" VPOS="1536" WIDTH="26"/>
						<String ID="P26_ST00237" HPOS="410" VPOS="1518" WIDTH="88" HEIGHT="26" CONTENT="game," WC="0.64" CC="30706"/>
						<SP ID="P26_SP00205" HPOS="498" VPOS="1544" WIDTH="29"/>
						<String ID="P26_ST00238" HPOS="527" VPOS="1511" WIDTH="26" HEIGHT="23" CONTENT="in" WC="0.72" CC="41"/>
						<SP ID="P26_SP00206" HPOS="553" VPOS="1544" WIDTH="25"/>
						<String ID="P26_ST00239" HPOS="578" VPOS="1511" WIDTH="68" HEIGHT="24" CONTENT="their" WC="0.83" CC="00052"/>
						<SP ID="P26_SP00207" HPOS="646" VPOS="1544" WIDTH="29"/>
						<String ID="P26_ST00240" HPOS="675" VPOS="1520" WIDTH="54" HEIGHT="25" CONTENT="gay" WC="0.71" CC="017"/>
						<SP ID="P26_SP00208" HPOS="729" VPOS="1545" WIDTH="23"/>
						<String ID="P26_ST00241" HPOS="752" VPOS="1513" WIDTH="68" HEIGHT="27" CONTENT="little" WC="0.71" CC="055130"/>
						<SP ID="P26_SP00209" HPOS="820" VPOS="1545" WIDTH="31"/>
						<String ID="P26_ST00242" HPOS="851" VPOS="1516" WIDTH="63" HEIGHT="26" CONTENT="hats" WC="0.74" CC="2070"/>
						<SP ID="P26_SP00210" HPOS="914" VPOS="1545" WIDTH="31"/>
						<String ID="P26_ST00243" HPOS="945" VPOS="1517" WIDTH="54" HEIGHT="27" CONTENT="and" WC="0.77" CC="014"/>
					</TextLine>
				</TextBlock>
			</PrintSpace>
		</Page>
	</Layout>
</alto>
